{"__type":"$$EventMessageWorkflow","id":"5a8d9e7e-f844-484b-8d39-9f1f2a38329b","ts":"2025-08-09T04:15:09.345+00:00","eventName":"n8n.workflow.started","message":"n8n.workflow.started","payload":{"executionId":"365","workflowId":"ISDPRZkXm3miWmK7","isManual":false,"workflowName":"My workflow"}}
{"__type":"$$EventMessageConfirm","confirm":"5a8d9e7e-f844-484b-8d39-9f1f2a38329b","ts":"2025-08-09T04:15:09.347+00:00","source":{"id":"0","name":"eventBus"}}
{"__type":"$$EventMessageNode","id":"3f849574-ef5a-4366-803a-067157d0c42b","ts":"2025-08-09T04:15:09.349+00:00","eventName":"n8n.node.started","message":"n8n.node.started","payload":{"workflowId":"ISDPRZkXm3miWmK7","workflowName":"My workflow","executionId":"365","nodeType":"n8n-nodes-base.cron","nodeName":"Start Daily Trigger","nodeId":"12db43fb-0c8d-4131-b365-066e88a50b54"}}
{"__type":"$$EventMessageConfirm","confirm":"3f849574-ef5a-4366-803a-067157d0c42b","ts":"2025-08-09T04:15:09.349+00:00","source":{"id":"0","name":"eventBus"}}
{"__type":"$$EventMessageNode","id":"a6974463-ef16-414a-a7a4-ba76ddc14dd1","ts":"2025-08-09T04:15:09.356+00:00","eventName":"n8n.node.finished","message":"n8n.node.finished","payload":{"workflowId":"ISDPRZkXm3miWmK7","workflowName":"My workflow","executionId":"365","nodeType":"n8n-nodes-base.cron","nodeName":"Start Daily Trigger","nodeId":"12db43fb-0c8d-4131-b365-066e88a50b54"}}
{"__type":"$$EventMessageConfirm","confirm":"a6974463-ef16-414a-a7a4-ba76ddc14dd1","ts":"2025-08-09T04:15:09.356+00:00","source":{"id":"0","name":"eventBus"}}
{"__type":"$$EventMessageNode","id":"04eb878d-97a8-4fa9-a1f4-ab3bb66b7fc9","ts":"2025-08-09T04:15:09.357+00:00","eventName":"n8n.node.started","message":"n8n.node.started","payload":{"workflowId":"ISDPRZkXm3miWmK7","workflowName":"My workflow","executionId":"365","nodeType":"n8n-nodes-base.httpRequest","nodeName":"Get English Words","nodeId":"3d67fd4e-5d33-4268-b975-a0b877d66938"}}
{"__type":"$$EventMessageConfirm","confirm":"04eb878d-97a8-4fa9-a1f4-ab3bb66b7fc9","ts":"2025-08-09T04:15:09.357+00:00","source":{"id":"0","name":"eventBus"}}
{"__type":"$$EventMessageNode","id":"4187da61-e35b-4c6e-9301-d22ee9a22ad8","ts":"2025-08-09T04:15:14.093+00:00","eventName":"n8n.node.finished","message":"n8n.node.finished","payload":{"workflowId":"ISDPRZkXm3miWmK7","workflowName":"My workflow","executionId":"365","nodeType":"n8n-nodes-base.httpRequest","nodeName":"Get English Words","nodeId":"3d67fd4e-5d33-4268-b975-a0b877d66938"}}
{"__type":"$$EventMessageConfirm","confirm":"4187da61-e35b-4c6e-9301-d22ee9a22ad8","ts":"2025-08-09T04:15:14.093+00:00","source":{"id":"0","name":"eventBus"}}
{"__type":"$$EventMessageNode","id":"39b9d331-8fc4-41c0-9137-e15e24a34bd7","ts":"2025-08-09T04:15:14.094+00:00","eventName":"n8n.node.started","message":"n8n.node.started","payload":{"workflowId":"ISDPRZkXm3miWmK7","workflowName":"My workflow","executionId":"365","nodeType":"n8n-nodes-base.function","nodeName":"Filter Old Words","nodeId":"f007284a-e4a8-4c49-9bf8-36741f05fd6c"}}
{"__type":"$$EventMessageConfirm","confirm":"39b9d331-8fc4-41c0-9137-e15e24a34bd7","ts":"2025-08-09T04:15:14.094+00:00","source":{"id":"0","name":"eventBus"}}
{"__type":"$$EventMessageNode","id":"d2c2cd11-eb8c-4def-91a0-62e118dba6d3","ts":"2025-08-09T00:15:14.111-04:00","eventName":"n8n.node.finished","message":"n8n.node.finished","payload":{"workflowId":"ISDPRZkXm3miWmK7","workflowName":"My workflow","executionId":"365","nodeType":"n8n-nodes-base.function","nodeName":"Filter Old Words","nodeId":"f007284a-e4a8-4c49-9bf8-36741f05fd6c"}}
{"__type":"$$EventMessageConfirm","confirm":"d2c2cd11-eb8c-4def-91a0-62e118dba6d3","ts":"2025-08-09T00:15:14.111-04:00","source":{"id":"0","name":"eventBus"}}
{"__type":"$$EventMessageNode","id":"965df4e5-8bd5-40d4-82bf-85029c27d154","ts":"2025-08-09T00:15:14.111-04:00","eventName":"n8n.node.started","message":"n8n.node.started","payload":{"workflowId":"ISDPRZkXm3miWmK7","workflowName":"My workflow","executionId":"365","nodeType":"n8n-nodes-base.httpRequest","nodeName":"HTTP Request","nodeId":"2188b732-8449-4880-b62c-5f85b85792bd"}}
{"__type":"$$EventMessageConfirm","confirm":"965df4e5-8bd5-40d4-82bf-85029c27d154","ts":"2025-08-09T00:15:14.112-04:00","source":{"id":"0","name":"eventBus"}}
{"__type":"$$EventMessageNode","id":"17b0e0bc-b17e-41b6-a23b-3ed16e09dd43","ts":"2025-08-09T00:15:14.646-04:00","eventName":"n8n.node.finished","message":"n8n.node.finished","payload":{"workflowId":"ISDPRZkXm3miWmK7","workflowName":"My workflow","executionId":"365","nodeType":"n8n-nodes-base.httpRequest","nodeName":"HTTP Request","nodeId":"2188b732-8449-4880-b62c-5f85b85792bd"}}
{"__type":"$$EventMessageConfirm","confirm":"17b0e0bc-b17e-41b6-a23b-3ed16e09dd43","ts":"2025-08-09T00:15:14.647-04:00","source":{"id":"0","name":"eventBus"}}
{"__type":"$$EventMessageWorkflow","id":"b4d6f9d3-c356-448b-9c12-94b09df0e131","ts":"2025-08-09T00:15:14.649-04:00","eventName":"n8n.workflow.success","message":"n8n.workflow.success","payload":{"userId":"b47d0fb1-3e65-4518-89af-453857c6bc55","executionId":"365","success":true,"isManual":true,"workflowId":"ISDPRZkXm3miWmK7","workflowName":"My workflow"}}
{"__type":"$$EventMessageConfirm","confirm":"b4d6f9d3-c356-448b-9c12-94b09df0e131","ts":"2025-08-09T00:15:14.650-04:00","source":{"id":"0","name":"eventBus"}}
{"__type":"$$EventMessageWorkflow","id":"f1c08c59-cf18-43e7-8295-932ae96773f5","ts":"2025-08-09T00:15:27.129-04:00","eventName":"n8n.workflow.started","message":"n8n.workflow.started","payload":{"executionId":"366","workflowId":"ucmiLmCdrb6FRZtp","isManual":false,"workflowName":"Daily English Chanllenge"}}
{"__type":"$$EventMessageConfirm","confirm":"f1c08c59-cf18-43e7-8295-932ae96773f5","ts":"2025-08-09T00:15:27.129-04:00","source":{"id":"0","name":"eventBus"}}
{"__type":"$$EventMessageNode","id":"522ff504-0783-477e-ac5f-9566f7c8adaf","ts":"2025-08-09T00:15:27.129-04:00","eventName":"n8n.node.started","message":"n8n.node.started","payload":{"workflowId":"ucmiLmCdrb6FRZtp","workflowName":"Daily English Chanllenge","executionId":"366","nodeType":"n8n-nodes-base.scheduleTrigger","nodeName":"Schedule Trigger","nodeId":"b8cbe0d9-a14c-4dcb-a457-0fbc84e2f208"}}
{"__type":"$$EventMessageConfirm","confirm":"522ff504-0783-477e-ac5f-9566f7c8adaf","ts":"2025-08-09T00:15:27.129-04:00","source":{"id":"0","name":"eventBus"}}
{"__type":"$$EventMessageNode","id":"5b02f8ec-d965-4b17-87f7-ab19031f1a73","ts":"2025-08-09T00:15:27.129-04:00","eventName":"n8n.node.finished","message":"n8n.node.finished","payload":{"workflowId":"ucmiLmCdrb6FRZtp","workflowName":"Daily English Chanllenge","executionId":"366","nodeType":"n8n-nodes-base.scheduleTrigger","nodeName":"Schedule Trigger","nodeId":"b8cbe0d9-a14c-4dcb-a457-0fbc84e2f208"}}
{"__type":"$$EventMessageConfirm","confirm":"5b02f8ec-d965-4b17-87f7-ab19031f1a73","ts":"2025-08-09T00:15:27.129-04:00","source":{"id":"0","name":"eventBus"}}
{"__type":"$$EventMessageWorkflow","id":"b754c991-fb64-4a63-897f-1d1d99995118","ts":"2025-08-09T00:15:27.129-04:00","eventName":"n8n.workflow.success","message":"n8n.workflow.success","payload":{"executionId":"366","success":true,"isManual":false,"workflowId":"ucmiLmCdrb6FRZtp","workflowName":"Daily English Chanllenge"}}
{"__type":"$$EventMessageConfirm","confirm":"b754c991-fb64-4a63-897f-1d1d99995118","ts":"2025-08-09T00:15:27.129-04:00","source":{"id":"0","name":"eventBus"}}
{"__type":"$$EventMessageWorkflow","id":"6e3167e7-d42b-4dd8-aa3e-54f47ff8c31e","ts":"2025-08-09T00:20:27.240-04:00","eventName":"n8n.workflow.started","message":"n8n.workflow.started","payload":{"executionId":"367","workflowId":"ucmiLmCdrb6FRZtp","isManual":false,"workflowName":"Daily English Chanllenge"}}
{"__type":"$$EventMessageConfirm","confirm":"6e3167e7-d42b-4dd8-aa3e-54f47ff8c31e","ts":"2025-08-09T00:20:27.240-04:00","source":{"id":"0","name":"eventBus"}}
{"__type":"$$EventMessageNode","id":"b9bde295-18fa-4d0d-a3a1-f166f663a951","ts":"2025-08-09T00:20:27.241-04:00","eventName":"n8n.node.started","message":"n8n.node.started","payload":{"workflowId":"ucmiLmCdrb6FRZtp","workflowName":"Daily English Chanllenge","executionId":"367","nodeType":"n8n-nodes-base.scheduleTrigger","nodeName":"Schedule Trigger","nodeId":"b8cbe0d9-a14c-4dcb-a457-0fbc84e2f208"}}
{"__type":"$$EventMessageConfirm","confirm":"b9bde295-18fa-4d0d-a3a1-f166f663a951","ts":"2025-08-09T00:20:27.242-04:00","source":{"id":"0","name":"eventBus"}}
{"__type":"$$EventMessageNode","id":"05100dbe-e086-4749-ac8a-d80bf5dc563c","ts":"2025-08-09T00:20:27.242-04:00","eventName":"n8n.node.finished","message":"n8n.node.finished","payload":{"workflowId":"ucmiLmCdrb6FRZtp","workflowName":"Daily English Chanllenge","executionId":"367","nodeType":"n8n-nodes-base.scheduleTrigger","nodeName":"Schedule Trigger","nodeId":"b8cbe0d9-a14c-4dcb-a457-0fbc84e2f208"}}
{"__type":"$$EventMessageConfirm","confirm":"05100dbe-e086-4749-ac8a-d80bf5dc563c","ts":"2025-08-09T00:20:27.243-04:00","source":{"id":"0","name":"eventBus"}}
{"__type":"$$EventMessageWorkflow","id":"cd48de03-0434-48bb-925d-9e9d24c8e1c1","ts":"2025-08-09T00:20:27.246-04:00","eventName":"n8n.workflow.success","message":"n8n.workflow.success","payload":{"executionId":"367","success":true,"isManual":false,"workflowId":"ucmiLmCdrb6FRZtp","workflowName":"Daily English Chanllenge"}}
{"__type":"$$EventMessageConfirm","confirm":"cd48de03-0434-48bb-925d-9e9d24c8e1c1","ts":"2025-08-09T00:20:27.246-04:00","source":{"id":"0","name":"eventBus"}}
{"__type":"$$EventMessageWorkflow","id":"fbce4429-5d7e-4df4-af30-8db67676c065","ts":"2025-08-09T00:25:27.242-04:00","eventName":"n8n.workflow.started","message":"n8n.workflow.started","payload":{"executionId":"368","workflowId":"ucmiLmCdrb6FRZtp","isManual":false,"workflowName":"Daily English Chanllenge"}}
{"__type":"$$EventMessageConfirm","confirm":"fbce4429-5d7e-4df4-af30-8db67676c065","ts":"2025-08-09T00:25:27.242-04:00","source":{"id":"0","name":"eventBus"}}
{"__type":"$$EventMessageNode","id":"db1dd8ec-eeb9-406a-901b-628561813179","ts":"2025-08-09T00:25:27.242-04:00","eventName":"n8n.node.started","message":"n8n.node.started","payload":{"workflowId":"ucmiLmCdrb6FRZtp","workflowName":"Daily English Chanllenge","executionId":"368","nodeType":"n8n-nodes-base.scheduleTrigger","nodeName":"Schedule Trigger","nodeId":"b8cbe0d9-a14c-4dcb-a457-0fbc84e2f208"}}
{"__type":"$$EventMessageConfirm","confirm":"db1dd8ec-eeb9-406a-901b-628561813179","ts":"2025-08-09T00:25:27.242-04:00","source":{"id":"0","name":"eventBus"}}
{"__type":"$$EventMessageNode","id":"1e39df62-cd74-4979-b214-be6941310879","ts":"2025-08-09T00:25:27.242-04:00","eventName":"n8n.node.finished","message":"n8n.node.finished","payload":{"workflowId":"ucmiLmCdrb6FRZtp","workflowName":"Daily English Chanllenge","executionId":"368","nodeType":"n8n-nodes-base.scheduleTrigger","nodeName":"Schedule Trigger","nodeId":"b8cbe0d9-a14c-4dcb-a457-0fbc84e2f208"}}
{"__type":"$$EventMessageConfirm","confirm":"1e39df62-cd74-4979-b214-be6941310879","ts":"2025-08-09T00:25:27.242-04:00","source":{"id":"0","name":"eventBus"}}
{"__type":"$$EventMessageWorkflow","id":"e76b7d63-f041-43ea-9d63-9ad5c74ac7ea","ts":"2025-08-09T00:25:27.242-04:00","eventName":"n8n.workflow.success","message":"n8n.workflow.success","payload":{"executionId":"368","success":true,"isManual":false,"workflowId":"ucmiLmCdrb6FRZtp","workflowName":"Daily English Chanllenge"}}
{"__type":"$$EventMessageConfirm","confirm":"e76b7d63-f041-43ea-9d63-9ad5c74ac7ea","ts":"2025-08-09T00:25:27.242-04:00","source":{"id":"0","name":"eventBus"}}
{"__type":"$$EventMessageWorkflow","id":"53717918-c286-4812-a90d-5e5b0df2e07e","ts":"2025-08-09T00:30:27.201-04:00","eventName":"n8n.workflow.started","message":"n8n.workflow.started","payload":{"executionId":"369","workflowId":"ucmiLmCdrb6FRZtp","isManual":false,"workflowName":"Daily English Chanllenge"}}
{"__type":"$$EventMessageConfirm","confirm":"53717918-c286-4812-a90d-5e5b0df2e07e","ts":"2025-08-09T00:30:27.202-04:00","source":{"id":"0","name":"eventBus"}}
{"__type":"$$EventMessageNode","id":"0252a237-174e-42a1-8bb9-3e2ec385fb77","ts":"2025-08-09T00:30:27.202-04:00","eventName":"n8n.node.started","message":"n8n.node.started","payload":{"workflowId":"ucmiLmCdrb6FRZtp","workflowName":"Daily English Chanllenge","executionId":"369","nodeType":"n8n-nodes-base.scheduleTrigger","nodeName":"Schedule Trigger","nodeId":"b8cbe0d9-a14c-4dcb-a457-0fbc84e2f208"}}
{"__type":"$$EventMessageConfirm","confirm":"0252a237-174e-42a1-8bb9-3e2ec385fb77","ts":"2025-08-09T00:30:27.202-04:00","source":{"id":"0","name":"eventBus"}}
{"__type":"$$EventMessageNode","id":"14fd364c-a2b5-44ae-a5a2-62086d77ead7","ts":"2025-08-09T00:30:27.202-04:00","eventName":"n8n.node.finished","message":"n8n.node.finished","payload":{"workflowId":"ucmiLmCdrb6FRZtp","workflowName":"Daily English Chanllenge","executionId":"369","nodeType":"n8n-nodes-base.scheduleTrigger","nodeName":"Schedule Trigger","nodeId":"b8cbe0d9-a14c-4dcb-a457-0fbc84e2f208"}}
{"__type":"$$EventMessageConfirm","confirm":"14fd364c-a2b5-44ae-a5a2-62086d77ead7","ts":"2025-08-09T00:30:27.202-04:00","source":{"id":"0","name":"eventBus"}}
{"__type":"$$EventMessageWorkflow","id":"52b67992-9cb3-486f-bea0-bdb22a0c046e","ts":"2025-08-09T00:30:27.203-04:00","eventName":"n8n.workflow.success","message":"n8n.workflow.success","payload":{"executionId":"369","success":true,"isManual":false,"workflowId":"ucmiLmCdrb6FRZtp","workflowName":"Daily English Chanllenge"}}
{"__type":"$$EventMessageConfirm","confirm":"52b67992-9cb3-486f-bea0-bdb22a0c046e","ts":"2025-08-09T00:30:27.203-04:00","source":{"id":"0","name":"eventBus"}}
{"__type":"$$EventMessageWorkflow","id":"e07c5502-9b35-4118-808e-902e8bf4f47a","ts":"2025-08-09T00:40:04.232-04:00","eventName":"n8n.workflow.started","message":"n8n.workflow.started","payload":{"executionId":"370","workflowId":"ucmiLmCdrb6FRZtp","isManual":false,"workflowName":"Daily English Chanllenge"}}
{"__type":"$$EventMessageConfirm","confirm":"e07c5502-9b35-4118-808e-902e8bf4f47a","ts":"2025-08-09T00:40:04.232-04:00","source":{"id":"0","name":"eventBus"}}
{"__type":"$$EventMessageNode","id":"da20392e-00eb-44ce-bdc9-ff86b71fe3de","ts":"2025-08-09T00:40:04.232-04:00","eventName":"n8n.node.started","message":"n8n.node.started","payload":{"workflowId":"ucmiLmCdrb6FRZtp","workflowName":"Daily English Chanllenge","executionId":"370","nodeType":"n8n-nodes-base.scheduleTrigger","nodeName":"Schedule Trigger","nodeId":"b8cbe0d9-a14c-4dcb-a457-0fbc84e2f208"}}
{"__type":"$$EventMessageConfirm","confirm":"da20392e-00eb-44ce-bdc9-ff86b71fe3de","ts":"2025-08-09T00:40:04.232-04:00","source":{"id":"0","name":"eventBus"}}
{"__type":"$$EventMessageNode","id":"c690db6f-5da7-42ba-9c91-e4cee34f7c31","ts":"2025-08-09T00:40:04.232-04:00","eventName":"n8n.node.finished","message":"n8n.node.finished","payload":{"workflowId":"ucmiLmCdrb6FRZtp","workflowName":"Daily English Chanllenge","executionId":"370","nodeType":"n8n-nodes-base.scheduleTrigger","nodeName":"Schedule Trigger","nodeId":"b8cbe0d9-a14c-4dcb-a457-0fbc84e2f208"}}
{"__type":"$$EventMessageConfirm","confirm":"c690db6f-5da7-42ba-9c91-e4cee34f7c31","ts":"2025-08-09T00:40:04.233-04:00","source":{"id":"0","name":"eventBus"}}
{"__type":"$$EventMessageWorkflow","id":"001784fb-528d-4c3e-b86a-17cec804ff20","ts":"2025-08-09T00:40:04.233-04:00","eventName":"n8n.workflow.success","message":"n8n.workflow.success","payload":{"executionId":"370","success":true,"isManual":false,"workflowId":"ucmiLmCdrb6FRZtp","workflowName":"Daily English Chanllenge"}}
{"__type":"$$EventMessageConfirm","confirm":"001784fb-528d-4c3e-b86a-17cec804ff20","ts":"2025-08-09T00:40:04.233-04:00","source":{"id":"0","name":"eventBus"}}
{"__type":"$$EventMessageWorkflow","id":"67178835-dd60-4a20-9137-91ea6953dc8e","ts":"2025-08-09T00:40:27.177-04:00","eventName":"n8n.workflow.started","message":"n8n.workflow.started","payload":{"executionId":"371","workflowId":"ucmiLmCdrb6FRZtp","isManual":false,"workflowName":"Daily English Chanllenge"}}
{"__type":"$$EventMessageConfirm","confirm":"67178835-dd60-4a20-9137-91ea6953dc8e","ts":"2025-08-09T00:40:27.177-04:00","source":{"id":"0","name":"eventBus"}}
{"__type":"$$EventMessageNode","id":"e92e7ffa-405b-4ddc-993e-b386a77fd58d","ts":"2025-08-09T00:40:27.178-04:00","eventName":"n8n.node.started","message":"n8n.node.started","payload":{"workflowId":"ucmiLmCdrb6FRZtp","workflowName":"Daily English Chanllenge","executionId":"371","nodeType":"n8n-nodes-base.scheduleTrigger","nodeName":"Schedule Trigger","nodeId":"b8cbe0d9-a14c-4dcb-a457-0fbc84e2f208"}}
{"__type":"$$EventMessageConfirm","confirm":"e92e7ffa-405b-4ddc-993e-b386a77fd58d","ts":"2025-08-09T00:40:27.178-04:00","source":{"id":"0","name":"eventBus"}}
{"__type":"$$EventMessageNode","id":"51b27c9a-084c-403e-861a-86b255c36f6a","ts":"2025-08-09T00:40:27.178-04:00","eventName":"n8n.node.finished","message":"n8n.node.finished","payload":{"workflowId":"ucmiLmCdrb6FRZtp","workflowName":"Daily English Chanllenge","executionId":"371","nodeType":"n8n-nodes-base.scheduleTrigger","nodeName":"Schedule Trigger","nodeId":"b8cbe0d9-a14c-4dcb-a457-0fbc84e2f208"}}
{"__type":"$$EventMessageConfirm","confirm":"51b27c9a-084c-403e-861a-86b255c36f6a","ts":"2025-08-09T00:40:27.178-04:00","source":{"id":"0","name":"eventBus"}}
{"__type":"$$EventMessageWorkflow","id":"b34a8c2c-7cb7-487b-bb81-7eaee7ff9117","ts":"2025-08-09T00:40:27.178-04:00","eventName":"n8n.workflow.success","message":"n8n.workflow.success","payload":{"executionId":"371","success":true,"isManual":false,"workflowId":"ucmiLmCdrb6FRZtp","workflowName":"Daily English Chanllenge"}}
{"__type":"$$EventMessageConfirm","confirm":"b34a8c2c-7cb7-487b-bb81-7eaee7ff9117","ts":"2025-08-09T00:40:27.178-04:00","source":{"id":"0","name":"eventBus"}}
{"__type":"$$EventMessageWorkflow","id":"d933df3e-1741-4ed7-9ea2-ff9f905d898b","ts":"2025-08-09T00:42:10.373-04:00","eventName":"n8n.workflow.started","message":"n8n.workflow.started","payload":{"executionId":"372","workflowId":"ISDPRZkXm3miWmK7","isManual":false,"workflowName":"My workflow"}}
{"__type":"$$EventMessageConfirm","confirm":"d933df3e-1741-4ed7-9ea2-ff9f905d898b","ts":"2025-08-09T00:42:10.373-04:00","source":{"id":"0","name":"eventBus"}}
{"__type":"$$EventMessageNode","id":"de288b61-ab79-47ea-8ae4-2a9fb75e40b8","ts":"2025-08-09T00:42:10.373-04:00","eventName":"n8n.node.started","message":"n8n.node.started","payload":{"workflowId":"ISDPRZkXm3miWmK7","workflowName":"My workflow","executionId":"372","nodeType":"n8n-nodes-base.cron","nodeName":"Start Daily Trigger","nodeId":"12db43fb-0c8d-4131-b365-066e88a50b54"}}
{"__type":"$$EventMessageConfirm","confirm":"de288b61-ab79-47ea-8ae4-2a9fb75e40b8","ts":"2025-08-09T00:42:10.374-04:00","source":{"id":"0","name":"eventBus"}}
{"__type":"$$EventMessageNode","id":"aff7ca6b-3b3f-4832-85ba-e414b5c08181","ts":"2025-08-09T00:42:10.378-04:00","eventName":"n8n.node.finished","message":"n8n.node.finished","payload":{"workflowId":"ISDPRZkXm3miWmK7","workflowName":"My workflow","executionId":"372","nodeType":"n8n-nodes-base.cron","nodeName":"Start Daily Trigger","nodeId":"12db43fb-0c8d-4131-b365-066e88a50b54"}}
{"__type":"$$EventMessageConfirm","confirm":"aff7ca6b-3b3f-4832-85ba-e414b5c08181","ts":"2025-08-09T00:42:10.378-04:00","source":{"id":"0","name":"eventBus"}}
{"__type":"$$EventMessageNode","id":"fc8df24a-df87-4f90-9a37-1e2ee131dc4e","ts":"2025-08-09T00:42:10.379-04:00","eventName":"n8n.node.started","message":"n8n.node.started","payload":{"workflowId":"ISDPRZkXm3miWmK7","workflowName":"My workflow","executionId":"372","nodeType":"n8n-nodes-base.httpRequest","nodeName":"HTTP Request1","nodeId":"3c6a8287-8925-4d07-81da-6d0e4916b4f8"}}
{"__type":"$$EventMessageConfirm","confirm":"fc8df24a-df87-4f90-9a37-1e2ee131dc4e","ts":"2025-08-09T00:42:10.379-04:00","source":{"id":"0","name":"eventBus"}}
{"__type":"$$EventMessageNode","id":"066ec76d-eb6a-4ece-a1f3-c47974be5df7","ts":"2025-08-09T00:42:10.621-04:00","eventName":"n8n.node.finished","message":"n8n.node.finished","payload":{"workflowId":"ISDPRZkXm3miWmK7","workflowName":"My workflow","executionId":"372","nodeType":"n8n-nodes-base.httpRequest","nodeName":"HTTP Request1","nodeId":"3c6a8287-8925-4d07-81da-6d0e4916b4f8"}}
{"__type":"$$EventMessageConfirm","confirm":"066ec76d-eb6a-4ece-a1f3-c47974be5df7","ts":"2025-08-09T00:42:10.621-04:00","source":{"id":"0","name":"eventBus"}}
{"__type":"$$EventMessageWorkflow","id":"c9383135-c545-4268-9461-b623ea8a27c8","ts":"2025-08-09T00:42:10.623-04:00","eventName":"n8n.workflow.failed","message":"n8n.workflow.failed","payload":{"userId":"b47d0fb1-3e65-4518-89af-453857c6bc55","executionId":"372","success":false,"isManual":true,"workflowId":"ISDPRZkXm3miWmK7","workflowName":"My workflow","lastNodeExecuted":"HTTP Request1","errorNodeType":"n8n-nodes-base.httpRequest","errorMessage":"The resource you are requesting could not be found"}}
{"__type":"$$EventMessageConfirm","confirm":"c9383135-c545-4268-9461-b623ea8a27c8","ts":"2025-08-09T00:42:10.623-04:00","source":{"id":"0","name":"eventBus"}}
{"__type":"$$EventMessageWorkflow","id":"8edc66b0-99f9-4fb1-8e7f-04e09b0d25b4","ts":"2025-08-09T00:42:18.431-04:00","eventName":"n8n.workflow.started","message":"n8n.workflow.started","payload":{"executionId":"373","workflowId":"ISDPRZkXm3miWmK7","isManual":false,"workflowName":"My workflow"}}
{"__type":"$$EventMessageConfirm","confirm":"8edc66b0-99f9-4fb1-8e7f-04e09b0d25b4","ts":"2025-08-09T00:42:18.431-04:00","source":{"id":"0","name":"eventBus"}}
{"__type":"$$EventMessageNode","id":"67d5d607-2596-4aa1-beb5-79735e8ba6ad","ts":"2025-08-09T00:42:18.432-04:00","eventName":"n8n.node.started","message":"n8n.node.started","payload":{"workflowId":"ISDPRZkXm3miWmK7","workflowName":"My workflow","executionId":"373","nodeType":"n8n-nodes-base.httpRequest","nodeName":"HTTP Request1","nodeId":"3c6a8287-8925-4d07-81da-6d0e4916b4f8"}}
{"__type":"$$EventMessageConfirm","confirm":"67d5d607-2596-4aa1-beb5-79735e8ba6ad","ts":"2025-08-09T00:42:18.432-04:00","source":{"id":"0","name":"eventBus"}}
{"__type":"$$EventMessageNode","id":"148fd2f7-33f2-4241-9ac1-f32d2d47ecec","ts":"2025-08-09T00:42:18.635-04:00","eventName":"n8n.node.finished","message":"n8n.node.finished","payload":{"workflowId":"ISDPRZkXm3miWmK7","workflowName":"My workflow","executionId":"373","nodeType":"n8n-nodes-base.httpRequest","nodeName":"HTTP Request1","nodeId":"3c6a8287-8925-4d07-81da-6d0e4916b4f8"}}
{"__type":"$$EventMessageConfirm","confirm":"148fd2f7-33f2-4241-9ac1-f32d2d47ecec","ts":"2025-08-09T00:42:18.635-04:00","source":{"id":"0","name":"eventBus"}}
{"__type":"$$EventMessageWorkflow","id":"cd5ffffd-0e1f-4957-8666-7ce9b1139de9","ts":"2025-08-09T00:42:18.637-04:00","eventName":"n8n.workflow.failed","message":"n8n.workflow.failed","payload":{"userId":"b47d0fb1-3e65-4518-89af-453857c6bc55","executionId":"373","success":false,"isManual":true,"workflowId":"ISDPRZkXm3miWmK7","workflowName":"My workflow","lastNodeExecuted":"HTTP Request1","errorNodeType":"n8n-nodes-base.httpRequest","errorMessage":"Authorization failed - please check your credentials"}}
{"__type":"$$EventMessageConfirm","confirm":"cd5ffffd-0e1f-4957-8666-7ce9b1139de9","ts":"2025-08-09T00:42:18.637-04:00","source":{"id":"0","name":"eventBus"}}
{"__type":"$$EventMessageWorkflow","id":"1eb0b0eb-dbe9-4b02-a8e0-e1966343f497","ts":"2025-08-09T00:42:44.128-04:00","eventName":"n8n.workflow.started","message":"n8n.workflow.started","payload":{"executionId":"374","workflowId":"ISDPRZkXm3miWmK7","isManual":false,"workflowName":"My workflow"}}
{"__type":"$$EventMessageConfirm","confirm":"1eb0b0eb-dbe9-4b02-a8e0-e1966343f497","ts":"2025-08-09T00:42:44.129-04:00","source":{"id":"0","name":"eventBus"}}
{"__type":"$$EventMessageNode","id":"45191158-b983-4db2-a999-b574cc50214f","ts":"2025-08-09T00:42:44.129-04:00","eventName":"n8n.node.started","message":"n8n.node.started","payload":{"workflowId":"ISDPRZkXm3miWmK7","workflowName":"My workflow","executionId":"374","nodeType":"n8n-nodes-base.httpRequest","nodeName":"HTTP Request1","nodeId":"3c6a8287-8925-4d07-81da-6d0e4916b4f8"}}
{"__type":"$$EventMessageConfirm","confirm":"45191158-b983-4db2-a999-b574cc50214f","ts":"2025-08-09T00:42:44.130-04:00","source":{"id":"0","name":"eventBus"}}
{"__type":"$$EventMessageNode","id":"e2da3c7b-a582-4d3d-a5dd-093ac226d515","ts":"2025-08-09T00:42:44.266-04:00","eventName":"n8n.node.finished","message":"n8n.node.finished","payload":{"workflowId":"ISDPRZkXm3miWmK7","workflowName":"My workflow","executionId":"374","nodeType":"n8n-nodes-base.httpRequest","nodeName":"HTTP Request1","nodeId":"3c6a8287-8925-4d07-81da-6d0e4916b4f8"}}
{"__type":"$$EventMessageConfirm","confirm":"e2da3c7b-a582-4d3d-a5dd-093ac226d515","ts":"2025-08-09T00:42:44.266-04:00","source":{"id":"0","name":"eventBus"}}
{"__type":"$$EventMessageWorkflow","id":"e836316e-8507-4d04-ac22-fca82a68e80d","ts":"2025-08-09T00:42:44.269-04:00","eventName":"n8n.workflow.failed","message":"n8n.workflow.failed","payload":{"userId":"b47d0fb1-3e65-4518-89af-453857c6bc55","executionId":"374","success":false,"isManual":true,"workflowId":"ISDPRZkXm3miWmK7","workflowName":"My workflow","lastNodeExecuted":"HTTP Request1","errorNodeType":"n8n-nodes-base.httpRequest","errorMessage":"Authorization failed - please check your credentials"}}
{"__type":"$$EventMessageConfirm","confirm":"e836316e-8507-4d04-ac22-fca82a68e80d","ts":"2025-08-09T00:42:44.269-04:00","source":{"id":"0","name":"eventBus"}}
{"__type":"$$EventMessageWorkflow","id":"fa691aaf-ef5f-46e6-b972-bbfac06add3a","ts":"2025-08-09T00:42:56.005-04:00","eventName":"n8n.workflow.started","message":"n8n.workflow.started","payload":{"executionId":"375","workflowId":"ISDPRZkXm3miWmK7","isManual":false,"workflowName":"My workflow"}}
{"__type":"$$EventMessageConfirm","confirm":"fa691aaf-ef5f-46e6-b972-bbfac06add3a","ts":"2025-08-09T00:42:56.005-04:00","source":{"id":"0","name":"eventBus"}}
{"__type":"$$EventMessageNode","id":"c2d9d479-c65e-447f-8273-56a2a48658fa","ts":"2025-08-09T00:42:56.007-04:00","eventName":"n8n.node.started","message":"n8n.node.started","payload":{"workflowId":"ISDPRZkXm3miWmK7","workflowName":"My workflow","executionId":"375","nodeType":"n8n-nodes-base.httpRequest","nodeName":"HTTP Request1","nodeId":"3c6a8287-8925-4d07-81da-6d0e4916b4f8"}}
{"__type":"$$EventMessageConfirm","confirm":"c2d9d479-c65e-447f-8273-56a2a48658fa","ts":"2025-08-09T00:42:56.007-04:00","source":{"id":"0","name":"eventBus"}}
{"__type":"$$EventMessageNode","id":"dd86a964-0ec2-45db-bf31-805d70abf13a","ts":"2025-08-09T00:42:56.345-04:00","eventName":"n8n.node.finished","message":"n8n.node.finished","payload":{"workflowId":"ISDPRZkXm3miWmK7","workflowName":"My workflow","executionId":"375","nodeType":"n8n-nodes-base.httpRequest","nodeName":"HTTP Request1","nodeId":"3c6a8287-8925-4d07-81da-6d0e4916b4f8"}}
{"__type":"$$EventMessageConfirm","confirm":"dd86a964-0ec2-45db-bf31-805d70abf13a","ts":"2025-08-09T00:42:56.345-04:00","source":{"id":"0","name":"eventBus"}}
{"__type":"$$EventMessageWorkflow","id":"a612ece2-5071-4264-8efe-dd9f1da11a31","ts":"2025-08-09T00:42:56.346-04:00","eventName":"n8n.workflow.success","message":"n8n.workflow.success","payload":{"userId":"b47d0fb1-3e65-4518-89af-453857c6bc55","executionId":"375","success":true,"isManual":true,"workflowId":"ISDPRZkXm3miWmK7","workflowName":"My workflow"}}
{"__type":"$$EventMessageConfirm","confirm":"a612ece2-5071-4264-8efe-dd9f1da11a31","ts":"2025-08-09T00:42:56.346-04:00","source":{"id":"0","name":"eventBus"}}
{"__type":"$$EventMessageWorkflow","id":"acc4199a-b193-4842-a4ca-c7948ac118d8","ts":"2025-08-09T00:43:04.787-04:00","eventName":"n8n.workflow.started","message":"n8n.workflow.started","payload":{"executionId":"376","workflowId":"ISDPRZkXm3miWmK7","isManual":false,"workflowName":"My workflow"}}
{"__type":"$$EventMessageConfirm","confirm":"acc4199a-b193-4842-a4ca-c7948ac118d8","ts":"2025-08-09T00:43:04.787-04:00","source":{"id":"0","name":"eventBus"}}
{"__type":"$$EventMessageNode","id":"bebd96d5-72c0-4fb1-baeb-e483071e3faa","ts":"2025-08-09T00:43:04.787-04:00","eventName":"n8n.node.started","message":"n8n.node.started","payload":{"workflowId":"ISDPRZkXm3miWmK7","workflowName":"My workflow","executionId":"376","nodeType":"n8n-nodes-base.httpRequest","nodeName":"HTTP Request1","nodeId":"3c6a8287-8925-4d07-81da-6d0e4916b4f8"}}
{"__type":"$$EventMessageConfirm","confirm":"bebd96d5-72c0-4fb1-baeb-e483071e3faa","ts":"2025-08-09T00:43:04.787-04:00","source":{"id":"0","name":"eventBus"}}
{"__type":"$$EventMessageNode","id":"73410335-5b15-42be-9580-d0709ff9fc46","ts":"2025-08-09T00:43:04.941-04:00","eventName":"n8n.node.finished","message":"n8n.node.finished","payload":{"workflowId":"ISDPRZkXm3miWmK7","workflowName":"My workflow","executionId":"376","nodeType":"n8n-nodes-base.httpRequest","nodeName":"HTTP Request1","nodeId":"3c6a8287-8925-4d07-81da-6d0e4916b4f8"}}
{"__type":"$$EventMessageConfirm","confirm":"73410335-5b15-42be-9580-d0709ff9fc46","ts":"2025-08-09T00:43:04.941-04:00","source":{"id":"0","name":"eventBus"}}
{"__type":"$$EventMessageWorkflow","id":"37a768c2-079b-4379-a428-c87bc48ba534","ts":"2025-08-09T00:43:04.943-04:00","eventName":"n8n.workflow.success","message":"n8n.workflow.success","payload":{"userId":"b47d0fb1-3e65-4518-89af-453857c6bc55","executionId":"376","success":true,"isManual":true,"workflowId":"ISDPRZkXm3miWmK7","workflowName":"My workflow"}}
{"__type":"$$EventMessageConfirm","confirm":"37a768c2-079b-4379-a428-c87bc48ba534","ts":"2025-08-09T00:43:04.943-04:00","source":{"id":"0","name":"eventBus"}}
{"__type":"$$EventMessageWorkflow","id":"3329dc69-3ddd-4e19-8fd5-d2fdc6a67962","ts":"2025-08-09T00:43:48.717-04:00","eventName":"n8n.workflow.started","message":"n8n.workflow.started","payload":{"executionId":"377","workflowId":"ISDPRZkXm3miWmK7","isManual":false,"workflowName":"My workflow"}}
{"__type":"$$EventMessageConfirm","confirm":"3329dc69-3ddd-4e19-8fd5-d2fdc6a67962","ts":"2025-08-09T00:43:48.717-04:00","source":{"id":"0","name":"eventBus"}}
{"__type":"$$EventMessageNode","id":"ab401868-7c34-475c-8c89-76754ff6b344","ts":"2025-08-09T00:43:48.718-04:00","eventName":"n8n.node.started","message":"n8n.node.started","payload":{"workflowId":"ISDPRZkXm3miWmK7","workflowName":"My workflow","executionId":"377","nodeType":"n8n-nodes-base.httpRequest","nodeName":"HTTP Request1","nodeId":"3c6a8287-8925-4d07-81da-6d0e4916b4f8"}}
{"__type":"$$EventMessageConfirm","confirm":"ab401868-7c34-475c-8c89-76754ff6b344","ts":"2025-08-09T00:43:48.718-04:00","source":{"id":"0","name":"eventBus"}}
{"__type":"$$EventMessageNode","id":"3b630acf-167a-42a1-8b81-a273f6d693cf","ts":"2025-08-09T00:43:49.207-04:00","eventName":"n8n.node.finished","message":"n8n.node.finished","payload":{"workflowId":"ISDPRZkXm3miWmK7","workflowName":"My workflow","executionId":"377","nodeType":"n8n-nodes-base.httpRequest","nodeName":"HTTP Request1","nodeId":"3c6a8287-8925-4d07-81da-6d0e4916b4f8"}}
{"__type":"$$EventMessageConfirm","confirm":"3b630acf-167a-42a1-8b81-a273f6d693cf","ts":"2025-08-09T00:43:49.207-04:00","source":{"id":"0","name":"eventBus"}}
{"__type":"$$EventMessageWorkflow","id":"ecce1c13-1ec6-4192-8267-afcff1df3cfe","ts":"2025-08-09T00:43:49.208-04:00","eventName":"n8n.workflow.success","message":"n8n.workflow.success","payload":{"userId":"b47d0fb1-3e65-4518-89af-453857c6bc55","executionId":"377","success":true,"isManual":true,"workflowId":"ISDPRZkXm3miWmK7","workflowName":"My workflow"}}
{"__type":"$$EventMessageConfirm","confirm":"ecce1c13-1ec6-4192-8267-afcff1df3cfe","ts":"2025-08-09T00:43:49.208-04:00","source":{"id":"0","name":"eventBus"}}
{"__type":"$$EventMessageWorkflow","id":"5a5ba45f-fa82-4c63-9b9b-388409b7ee47","ts":"2025-08-09T00:45:18.769-04:00","eventName":"n8n.workflow.started","message":"n8n.workflow.started","payload":{"executionId":"378","workflowId":"ISDPRZkXm3miWmK7","isManual":false,"workflowName":"My workflow"}}
{"__type":"$$EventMessageConfirm","confirm":"5a5ba45f-fa82-4c63-9b9b-388409b7ee47","ts":"2025-08-09T00:45:18.770-04:00","source":{"id":"0","name":"eventBus"}}
{"__type":"$$EventMessageNode","id":"caa047a2-3fed-4368-b76e-b94cf19284a3","ts":"2025-08-09T00:45:18.770-04:00","eventName":"n8n.node.started","message":"n8n.node.started","payload":{"workflowId":"ISDPRZkXm3miWmK7","workflowName":"My workflow","executionId":"378","nodeType":"n8n-nodes-base.httpRequest","nodeName":"HTTP Request1","nodeId":"3c6a8287-8925-4d07-81da-6d0e4916b4f8"}}
{"__type":"$$EventMessageConfirm","confirm":"caa047a2-3fed-4368-b76e-b94cf19284a3","ts":"2025-08-09T00:45:18.770-04:00","source":{"id":"0","name":"eventBus"}}
{"__type":"$$EventMessageNode","id":"21807fd4-514f-47f9-9138-be76694be125","ts":"2025-08-09T00:45:19.298-04:00","eventName":"n8n.node.finished","message":"n8n.node.finished","payload":{"workflowId":"ISDPRZkXm3miWmK7","workflowName":"My workflow","executionId":"378","nodeType":"n8n-nodes-base.httpRequest","nodeName":"HTTP Request1","nodeId":"3c6a8287-8925-4d07-81da-6d0e4916b4f8"}}
{"__type":"$$EventMessageConfirm","confirm":"21807fd4-514f-47f9-9138-be76694be125","ts":"2025-08-09T00:45:19.298-04:00","source":{"id":"0","name":"eventBus"}}
{"__type":"$$EventMessageWorkflow","id":"56849709-e564-4692-933f-8d3331a8c545","ts":"2025-08-09T00:45:19.299-04:00","eventName":"n8n.workflow.success","message":"n8n.workflow.success","payload":{"userId":"b47d0fb1-3e65-4518-89af-453857c6bc55","executionId":"378","success":true,"isManual":true,"workflowId":"ISDPRZkXm3miWmK7","workflowName":"My workflow"}}
{"__type":"$$EventMessageConfirm","confirm":"56849709-e564-4692-933f-8d3331a8c545","ts":"2025-08-09T00:45:19.300-04:00","source":{"id":"0","name":"eventBus"}}
{"__type":"$$EventMessageWorkflow","id":"610a5a05-1ed7-49d6-91da-80ee6c5bf502","ts":"2025-08-09T00:45:27.164-04:00","eventName":"n8n.workflow.started","message":"n8n.workflow.started","payload":{"executionId":"379","workflowId":"ucmiLmCdrb6FRZtp","isManual":false,"workflowName":"Daily English Chanllenge"}}
{"__type":"$$EventMessageConfirm","confirm":"610a5a05-1ed7-49d6-91da-80ee6c5bf502","ts":"2025-08-09T00:45:27.164-04:00","source":{"id":"0","name":"eventBus"}}
{"__type":"$$EventMessageNode","id":"03dbcaf0-9cad-4bda-ad87-16fca5f78cc6","ts":"2025-08-09T00:45:27.164-04:00","eventName":"n8n.node.started","message":"n8n.node.started","payload":{"workflowId":"ucmiLmCdrb6FRZtp","workflowName":"Daily English Chanllenge","executionId":"379","nodeType":"n8n-nodes-base.scheduleTrigger","nodeName":"Schedule Trigger","nodeId":"b8cbe0d9-a14c-4dcb-a457-0fbc84e2f208"}}
{"__type":"$$EventMessageConfirm","confirm":"03dbcaf0-9cad-4bda-ad87-16fca5f78cc6","ts":"2025-08-09T00:45:27.164-04:00","source":{"id":"0","name":"eventBus"}}
{"__type":"$$EventMessageNode","id":"1727ad83-f9a0-4003-9fb8-367a48a67cdd","ts":"2025-08-09T00:45:27.164-04:00","eventName":"n8n.node.finished","message":"n8n.node.finished","payload":{"workflowId":"ucmiLmCdrb6FRZtp","workflowName":"Daily English Chanllenge","executionId":"379","nodeType":"n8n-nodes-base.scheduleTrigger","nodeName":"Schedule Trigger","nodeId":"b8cbe0d9-a14c-4dcb-a457-0fbc84e2f208"}}
{"__type":"$$EventMessageConfirm","confirm":"1727ad83-f9a0-4003-9fb8-367a48a67cdd","ts":"2025-08-09T00:45:27.164-04:00","source":{"id":"0","name":"eventBus"}}
{"__type":"$$EventMessageWorkflow","id":"0697257c-637a-4b07-8d38-9e3405ce3611","ts":"2025-08-09T00:45:27.164-04:00","eventName":"n8n.workflow.success","message":"n8n.workflow.success","payload":{"executionId":"379","success":true,"isManual":false,"workflowId":"ucmiLmCdrb6FRZtp","workflowName":"Daily English Chanllenge"}}
{"__type":"$$EventMessageConfirm","confirm":"0697257c-637a-4b07-8d38-9e3405ce3611","ts":"2025-08-09T00:45:27.164-04:00","source":{"id":"0","name":"eventBus"}}
{"__type":"$$EventMessageWorkflow","id":"0e7a6989-adf6-4b94-9f01-7837fec0d6e8","ts":"2025-08-09T00:50:27.138-04:00","eventName":"n8n.workflow.started","message":"n8n.workflow.started","payload":{"executionId":"380","workflowId":"ucmiLmCdrb6FRZtp","isManual":false,"workflowName":"Daily English Chanllenge"}}
{"__type":"$$EventMessageConfirm","confirm":"0e7a6989-adf6-4b94-9f01-7837fec0d6e8","ts":"2025-08-09T00:50:27.138-04:00","source":{"id":"0","name":"eventBus"}}
{"__type":"$$EventMessageNode","id":"855e1270-f85d-434f-8bca-468dfacbad0c","ts":"2025-08-09T00:50:27.138-04:00","eventName":"n8n.node.started","message":"n8n.node.started","payload":{"workflowId":"ucmiLmCdrb6FRZtp","workflowName":"Daily English Chanllenge","executionId":"380","nodeType":"n8n-nodes-base.scheduleTrigger","nodeName":"Schedule Trigger","nodeId":"b8cbe0d9-a14c-4dcb-a457-0fbc84e2f208"}}
{"__type":"$$EventMessageConfirm","confirm":"855e1270-f85d-434f-8bca-468dfacbad0c","ts":"2025-08-09T00:50:27.138-04:00","source":{"id":"0","name":"eventBus"}}
{"__type":"$$EventMessageNode","id":"79e44dec-aef3-44f1-9fb8-cd70f4ce2423","ts":"2025-08-09T00:50:27.139-04:00","eventName":"n8n.node.finished","message":"n8n.node.finished","payload":{"workflowId":"ucmiLmCdrb6FRZtp","workflowName":"Daily English Chanllenge","executionId":"380","nodeType":"n8n-nodes-base.scheduleTrigger","nodeName":"Schedule Trigger","nodeId":"b8cbe0d9-a14c-4dcb-a457-0fbc84e2f208"}}
{"__type":"$$EventMessageConfirm","confirm":"79e44dec-aef3-44f1-9fb8-cd70f4ce2423","ts":"2025-08-09T00:50:27.139-04:00","source":{"id":"0","name":"eventBus"}}
{"__type":"$$EventMessageWorkflow","id":"8c408bfc-3f0a-416d-a034-b20859b0a9a0","ts":"2025-08-09T00:50:27.139-04:00","eventName":"n8n.workflow.success","message":"n8n.workflow.success","payload":{"executionId":"380","success":true,"isManual":false,"workflowId":"ucmiLmCdrb6FRZtp","workflowName":"Daily English Chanllenge"}}
{"__type":"$$EventMessageConfirm","confirm":"8c408bfc-3f0a-416d-a034-b20859b0a9a0","ts":"2025-08-09T00:50:27.139-04:00","source":{"id":"0","name":"eventBus"}}
{"__type":"$$EventMessageWorkflow","id":"785f77ea-fede-4e8f-8f5b-f639c557cc65","ts":"2025-08-09T00:55:16.088-04:00","eventName":"n8n.workflow.started","message":"n8n.workflow.started","payload":{"executionId":"381","workflowId":"ISDPRZkXm3miWmK7","isManual":false,"workflowName":"My workflow"}}
{"__type":"$$EventMessageConfirm","confirm":"785f77ea-fede-4e8f-8f5b-f639c557cc65","ts":"2025-08-09T00:55:16.088-04:00","source":{"id":"0","name":"eventBus"}}
{"__type":"$$EventMessageNode","id":"269a7346-3cda-4859-aba8-3178535d099e","ts":"2025-08-09T00:55:16.089-04:00","eventName":"n8n.node.started","message":"n8n.node.started","payload":{"workflowId":"ISDPRZkXm3miWmK7","workflowName":"My workflow","executionId":"381","nodeType":"n8n-nodes-base.webhook","nodeName":"Webhook","nodeId":"795be8ba-10df-4afc-9579-826a3ae1a75c"}}
{"__type":"$$EventMessageConfirm","confirm":"269a7346-3cda-4859-aba8-3178535d099e","ts":"2025-08-09T00:55:16.089-04:00","source":{"id":"0","name":"eventBus"}}
{"__type":"$$EventMessageNode","id":"773ea8a1-2e8b-44d1-a21e-010f8fd7b8c4","ts":"2025-08-09T00:55:16.089-04:00","eventName":"n8n.node.finished","message":"n8n.node.finished","payload":{"workflowId":"ISDPRZkXm3miWmK7","workflowName":"My workflow","executionId":"381","nodeType":"n8n-nodes-base.webhook","nodeName":"Webhook","nodeId":"795be8ba-10df-4afc-9579-826a3ae1a75c"}}
{"__type":"$$EventMessageConfirm","confirm":"773ea8a1-2e8b-44d1-a21e-010f8fd7b8c4","ts":"2025-08-09T00:55:16.089-04:00","source":{"id":"0","name":"eventBus"}}
{"__type":"$$EventMessageWorkflow","id":"89930366-d4b4-4cbf-97a0-fefefd031287","ts":"2025-08-09T00:55:16.090-04:00","eventName":"n8n.workflow.success","message":"n8n.workflow.success","payload":{"executionId":"381","success":true,"isManual":true,"workflowId":"ISDPRZkXm3miWmK7","workflowName":"My workflow"}}
{"__type":"$$EventMessageConfirm","confirm":"89930366-d4b4-4cbf-97a0-fefefd031287","ts":"2025-08-09T00:55:16.091-04:00","source":{"id":"0","name":"eventBus"}}
{"__type":"$$EventMessageWorkflow","id":"dda36646-f571-466d-8e87-251dbff47c46","ts":"2025-08-09T00:55:27.220-04:00","eventName":"n8n.workflow.started","message":"n8n.workflow.started","payload":{"executionId":"382","workflowId":"ucmiLmCdrb6FRZtp","isManual":false,"workflowName":"Daily English Chanllenge"}}
{"__type":"$$EventMessageConfirm","confirm":"dda36646-f571-466d-8e87-251dbff47c46","ts":"2025-08-09T00:55:27.221-04:00","source":{"id":"0","name":"eventBus"}}
{"__type":"$$EventMessageNode","id":"7f37df59-03e1-4504-b61d-1e8b64d85e30","ts":"2025-08-09T00:55:27.221-04:00","eventName":"n8n.node.started","message":"n8n.node.started","payload":{"workflowId":"ucmiLmCdrb6FRZtp","workflowName":"Daily English Chanllenge","executionId":"382","nodeType":"n8n-nodes-base.scheduleTrigger","nodeName":"Schedule Trigger","nodeId":"b8cbe0d9-a14c-4dcb-a457-0fbc84e2f208"}}
{"__type":"$$EventMessageConfirm","confirm":"7f37df59-03e1-4504-b61d-1e8b64d85e30","ts":"2025-08-09T00:55:27.221-04:00","source":{"id":"0","name":"eventBus"}}
{"__type":"$$EventMessageNode","id":"eb81b1c6-8d98-4b71-8a75-6ecb5219dc61","ts":"2025-08-09T00:55:27.222-04:00","eventName":"n8n.node.finished","message":"n8n.node.finished","payload":{"workflowId":"ucmiLmCdrb6FRZtp","workflowName":"Daily English Chanllenge","executionId":"382","nodeType":"n8n-nodes-base.scheduleTrigger","nodeName":"Schedule Trigger","nodeId":"b8cbe0d9-a14c-4dcb-a457-0fbc84e2f208"}}
{"__type":"$$EventMessageConfirm","confirm":"eb81b1c6-8d98-4b71-8a75-6ecb5219dc61","ts":"2025-08-09T00:55:27.222-04:00","source":{"id":"0","name":"eventBus"}}
{"__type":"$$EventMessageWorkflow","id":"fe657bfd-b853-4647-868d-5dc0290adb83","ts":"2025-08-09T00:55:27.222-04:00","eventName":"n8n.workflow.success","message":"n8n.workflow.success","payload":{"executionId":"382","success":true,"isManual":false,"workflowId":"ucmiLmCdrb6FRZtp","workflowName":"Daily English Chanllenge"}}
{"__type":"$$EventMessageConfirm","confirm":"fe657bfd-b853-4647-868d-5dc0290adb83","ts":"2025-08-09T00:55:27.222-04:00","source":{"id":"0","name":"eventBus"}}
{"__type":"$$EventMessageWorkflow","id":"dc0c0c90-8eeb-4765-96c3-ac6ea8d3ace8","ts":"2025-08-09T01:00:27.309-04:00","eventName":"n8n.workflow.started","message":"n8n.workflow.started","payload":{"executionId":"383","workflowId":"ucmiLmCdrb6FRZtp","isManual":false,"workflowName":"Daily English Chanllenge"}}
{"__type":"$$EventMessageConfirm","confirm":"dc0c0c90-8eeb-4765-96c3-ac6ea8d3ace8","ts":"2025-08-09T01:00:27.309-04:00","source":{"id":"0","name":"eventBus"}}
{"__type":"$$EventMessageNode","id":"38167c83-517d-4286-a9cc-ed1ae5b13ffe","ts":"2025-08-09T01:00:27.309-04:00","eventName":"n8n.node.started","message":"n8n.node.started","payload":{"workflowId":"ucmiLmCdrb6FRZtp","workflowName":"Daily English Chanllenge","executionId":"383","nodeType":"n8n-nodes-base.scheduleTrigger","nodeName":"Schedule Trigger","nodeId":"b8cbe0d9-a14c-4dcb-a457-0fbc84e2f208"}}
{"__type":"$$EventMessageConfirm","confirm":"38167c83-517d-4286-a9cc-ed1ae5b13ffe","ts":"2025-08-09T01:00:27.309-04:00","source":{"id":"0","name":"eventBus"}}
{"__type":"$$EventMessageNode","id":"01fdef92-3095-471e-b05d-66201df2decf","ts":"2025-08-09T01:00:27.309-04:00","eventName":"n8n.node.finished","message":"n8n.node.finished","payload":{"workflowId":"ucmiLmCdrb6FRZtp","workflowName":"Daily English Chanllenge","executionId":"383","nodeType":"n8n-nodes-base.scheduleTrigger","nodeName":"Schedule Trigger","nodeId":"b8cbe0d9-a14c-4dcb-a457-0fbc84e2f208"}}
{"__type":"$$EventMessageConfirm","confirm":"01fdef92-3095-471e-b05d-66201df2decf","ts":"2025-08-09T01:00:27.309-04:00","source":{"id":"0","name":"eventBus"}}
{"__type":"$$EventMessageWorkflow","id":"36e10f7a-34b8-41be-80d0-c8bd127df4e2","ts":"2025-08-09T01:00:27.309-04:00","eventName":"n8n.workflow.success","message":"n8n.workflow.success","payload":{"executionId":"383","success":true,"isManual":false,"workflowId":"ucmiLmCdrb6FRZtp","workflowName":"Daily English Chanllenge"}}
{"__type":"$$EventMessageConfirm","confirm":"36e10f7a-34b8-41be-80d0-c8bd127df4e2","ts":"2025-08-09T01:00:27.309-04:00","source":{"id":"0","name":"eventBus"}}
{"__type":"$$EventMessageWorkflow","id":"bad3d9d9-c946-4a15-9c1d-20852866e453","ts":"2025-08-09T01:05:15.941-04:00","eventName":"n8n.workflow.started","message":"n8n.workflow.started","payload":{"executionId":"384","workflowId":"ISDPRZkXm3miWmK7","isManual":false,"workflowName":"My workflow"}}
{"__type":"$$EventMessageConfirm","confirm":"bad3d9d9-c946-4a15-9c1d-20852866e453","ts":"2025-08-09T01:05:15.941-04:00","source":{"id":"0","name":"eventBus"}}
{"__type":"$$EventMessageNode","id":"06bb4160-8ba2-4ecf-b7e3-a0beb487398b","ts":"2025-08-09T01:05:15.942-04:00","eventName":"n8n.node.started","message":"n8n.node.started","payload":{"workflowId":"ISDPRZkXm3miWmK7","workflowName":"My workflow","executionId":"384","nodeType":"n8n-nodes-base.cron","nodeName":"Start Daily Trigger","nodeId":"12db43fb-0c8d-4131-b365-066e88a50b54"}}
{"__type":"$$EventMessageConfirm","confirm":"06bb4160-8ba2-4ecf-b7e3-a0beb487398b","ts":"2025-08-09T01:05:15.942-04:00","source":{"id":"0","name":"eventBus"}}
{"__type":"$$EventMessageNode","id":"585aa3d4-8f0c-4d49-bc11-9f9797bdc89f","ts":"2025-08-09T01:05:15.942-04:00","eventName":"n8n.node.finished","message":"n8n.node.finished","payload":{"workflowId":"ISDPRZkXm3miWmK7","workflowName":"My workflow","executionId":"384","nodeType":"n8n-nodes-base.cron","nodeName":"Start Daily Trigger","nodeId":"12db43fb-0c8d-4131-b365-066e88a50b54"}}
{"__type":"$$EventMessageConfirm","confirm":"585aa3d4-8f0c-4d49-bc11-9f9797bdc89f","ts":"2025-08-09T01:05:15.942-04:00","source":{"id":"0","name":"eventBus"}}
{"__type":"$$EventMessageNode","id":"ff7b93ea-68ea-479e-9d8a-80486941b172","ts":"2025-08-09T01:05:15.942-04:00","eventName":"n8n.node.started","message":"n8n.node.started","payload":{"workflowId":"ISDPRZkXm3miWmK7","workflowName":"My workflow","executionId":"384","nodeType":"n8n-nodes-base.httpRequest","nodeName":"Get English Words","nodeId":"3d67fd4e-5d33-4268-b975-a0b877d66938"}}
{"__type":"$$EventMessageConfirm","confirm":"ff7b93ea-68ea-479e-9d8a-80486941b172","ts":"2025-08-09T01:05:15.942-04:00","source":{"id":"0","name":"eventBus"}}
{"__type":"$$EventMessageNode","id":"1c4f38bf-c0aa-4441-8c9f-d7a841ec0a97","ts":"2025-08-09T01:05:21.300-04:00","eventName":"n8n.node.finished","message":"n8n.node.finished","payload":{"workflowId":"ISDPRZkXm3miWmK7","workflowName":"My workflow","executionId":"384","nodeType":"n8n-nodes-base.httpRequest","nodeName":"Get English Words","nodeId":"3d67fd4e-5d33-4268-b975-a0b877d66938"}}
{"__type":"$$EventMessageConfirm","confirm":"1c4f38bf-c0aa-4441-8c9f-d7a841ec0a97","ts":"2025-08-09T01:05:21.300-04:00","source":{"id":"0","name":"eventBus"}}
{"__type":"$$EventMessageNode","id":"b68ac431-7e62-4b3e-8ae2-c33689b68ffb","ts":"2025-08-09T01:05:21.300-04:00","eventName":"n8n.node.started","message":"n8n.node.started","payload":{"workflowId":"ISDPRZkXm3miWmK7","workflowName":"My workflow","executionId":"384","nodeType":"n8n-nodes-base.function","nodeName":"Filter Old Words","nodeId":"f007284a-e4a8-4c49-9bf8-36741f05fd6c"}}
{"__type":"$$EventMessageConfirm","confirm":"b68ac431-7e62-4b3e-8ae2-c33689b68ffb","ts":"2025-08-09T01:05:21.300-04:00","source":{"id":"0","name":"eventBus"}}
{"__type":"$$EventMessageNode","id":"891ac2fb-64a6-4542-b5c4-84495552468a","ts":"2025-08-09T01:05:21.306-04:00","eventName":"n8n.node.finished","message":"n8n.node.finished","payload":{"workflowId":"ISDPRZkXm3miWmK7","workflowName":"My workflow","executionId":"384","nodeType":"n8n-nodes-base.function","nodeName":"Filter Old Words","nodeId":"f007284a-e4a8-4c49-9bf8-36741f05fd6c"}}
{"__type":"$$EventMessageConfirm","confirm":"891ac2fb-64a6-4542-b5c4-84495552468a","ts":"2025-08-09T01:05:21.306-04:00","source":{"id":"0","name":"eventBus"}}
{"__type":"$$EventMessageNode","id":"7a68508d-6e28-4e41-a5de-95d66f62c09d","ts":"2025-08-09T01:05:21.307-04:00","eventName":"n8n.node.started","message":"n8n.node.started","payload":{"workflowId":"ISDPRZkXm3miWmK7","workflowName":"My workflow","executionId":"384","nodeType":"n8n-nodes-base.httpRequest","nodeName":"HTTP Request","nodeId":"2188b732-8449-4880-b62c-5f85b85792bd"}}
{"__type":"$$EventMessageConfirm","confirm":"7a68508d-6e28-4e41-a5de-95d66f62c09d","ts":"2025-08-09T01:05:21.307-04:00","source":{"id":"0","name":"eventBus"}}
{"__type":"$$EventMessageNode","id":"84849853-f4ba-49ae-b18f-3c1340e5d176","ts":"2025-08-09T01:05:21.696-04:00","eventName":"n8n.node.finished","message":"n8n.node.finished","payload":{"workflowId":"ISDPRZkXm3miWmK7","workflowName":"My workflow","executionId":"384","nodeType":"n8n-nodes-base.httpRequest","nodeName":"HTTP Request","nodeId":"2188b732-8449-4880-b62c-5f85b85792bd"}}
{"__type":"$$EventMessageConfirm","confirm":"84849853-f4ba-49ae-b18f-3c1340e5d176","ts":"2025-08-09T01:05:21.696-04:00","source":{"id":"0","name":"eventBus"}}
{"__type":"$$EventMessageWorkflow","id":"0095e884-c49f-41c4-a0dc-7d1c345b72da","ts":"2025-08-09T01:05:21.696-04:00","eventName":"n8n.workflow.success","message":"n8n.workflow.success","payload":{"executionId":"384","success":true,"isManual":false,"workflowId":"ISDPRZkXm3miWmK7","workflowName":"My workflow"}}
{"__type":"$$EventMessageConfirm","confirm":"0095e884-c49f-41c4-a0dc-7d1c345b72da","ts":"2025-08-09T01:05:21.697-04:00","source":{"id":"0","name":"eventBus"}}
{"__type":"$$EventMessageWorkflow","id":"2a51cd27-7784-49ad-876f-e4ce6dd78e54","ts":"2025-08-09T01:05:27.106-04:00","eventName":"n8n.workflow.started","message":"n8n.workflow.started","payload":{"executionId":"385","workflowId":"ucmiLmCdrb6FRZtp","isManual":false,"workflowName":"Daily English Chanllenge"}}
{"__type":"$$EventMessageConfirm","confirm":"2a51cd27-7784-49ad-876f-e4ce6dd78e54","ts":"2025-08-09T01:05:27.107-04:00","source":{"id":"0","name":"eventBus"}}
{"__type":"$$EventMessageNode","id":"99109f32-a80c-44d0-9fbd-edece72edee1","ts":"2025-08-09T01:05:27.107-04:00","eventName":"n8n.node.started","message":"n8n.node.started","payload":{"workflowId":"ucmiLmCdrb6FRZtp","workflowName":"Daily English Chanllenge","executionId":"385","nodeType":"n8n-nodes-base.scheduleTrigger","nodeName":"Schedule Trigger","nodeId":"b8cbe0d9-a14c-4dcb-a457-0fbc84e2f208"}}
{"__type":"$$EventMessageConfirm","confirm":"99109f32-a80c-44d0-9fbd-edece72edee1","ts":"2025-08-09T01:05:27.107-04:00","source":{"id":"0","name":"eventBus"}}
{"__type":"$$EventMessageNode","id":"a0c7f286-5ddc-4a12-9379-26beeb475f46","ts":"2025-08-09T01:05:27.107-04:00","eventName":"n8n.node.finished","message":"n8n.node.finished","payload":{"workflowId":"ucmiLmCdrb6FRZtp","workflowName":"Daily English Chanllenge","executionId":"385","nodeType":"n8n-nodes-base.scheduleTrigger","nodeName":"Schedule Trigger","nodeId":"b8cbe0d9-a14c-4dcb-a457-0fbc84e2f208"}}
{"__type":"$$EventMessageConfirm","confirm":"a0c7f286-5ddc-4a12-9379-26beeb475f46","ts":"2025-08-09T01:05:27.107-04:00","source":{"id":"0","name":"eventBus"}}
{"__type":"$$EventMessageWorkflow","id":"ccea2ea4-633a-4b73-9205-30121a3ff4b2","ts":"2025-08-09T01:05:27.107-04:00","eventName":"n8n.workflow.success","message":"n8n.workflow.success","payload":{"executionId":"385","success":true,"isManual":false,"workflowId":"ucmiLmCdrb6FRZtp","workflowName":"Daily English Chanllenge"}}
{"__type":"$$EventMessageConfirm","confirm":"ccea2ea4-633a-4b73-9205-30121a3ff4b2","ts":"2025-08-09T01:05:27.107-04:00","source":{"id":"0","name":"eventBus"}}
{"__type":"$$EventMessageWorkflow","id":"4053a748-766f-450a-bd25-981b079fdaa0","ts":"2025-08-09T01:10:27.114-04:00","eventName":"n8n.workflow.started","message":"n8n.workflow.started","payload":{"executionId":"386","workflowId":"ucmiLmCdrb6FRZtp","isManual":false,"workflowName":"Daily English Chanllenge"}}
{"__type":"$$EventMessageConfirm","confirm":"4053a748-766f-450a-bd25-981b079fdaa0","ts":"2025-08-09T01:10:27.114-04:00","source":{"id":"0","name":"eventBus"}}
{"__type":"$$EventMessageNode","id":"d49216f3-7973-4170-a90a-10f88d75a487","ts":"2025-08-09T01:10:27.114-04:00","eventName":"n8n.node.started","message":"n8n.node.started","payload":{"workflowId":"ucmiLmCdrb6FRZtp","workflowName":"Daily English Chanllenge","executionId":"386","nodeType":"n8n-nodes-base.scheduleTrigger","nodeName":"Schedule Trigger","nodeId":"b8cbe0d9-a14c-4dcb-a457-0fbc84e2f208"}}
{"__type":"$$EventMessageConfirm","confirm":"d49216f3-7973-4170-a90a-10f88d75a487","ts":"2025-08-09T01:10:27.114-04:00","source":{"id":"0","name":"eventBus"}}
{"__type":"$$EventMessageNode","id":"e064db7a-6e94-4273-8bdb-75ddc160d9f2","ts":"2025-08-09T01:10:27.114-04:00","eventName":"n8n.node.finished","message":"n8n.node.finished","payload":{"workflowId":"ucmiLmCdrb6FRZtp","workflowName":"Daily English Chanllenge","executionId":"386","nodeType":"n8n-nodes-base.scheduleTrigger","nodeName":"Schedule Trigger","nodeId":"b8cbe0d9-a14c-4dcb-a457-0fbc84e2f208"}}
{"__type":"$$EventMessageConfirm","confirm":"e064db7a-6e94-4273-8bdb-75ddc160d9f2","ts":"2025-08-09T01:10:27.114-04:00","source":{"id":"0","name":"eventBus"}}
{"__type":"$$EventMessageWorkflow","id":"2c52d134-ff65-4a1e-adae-b40aa8a16758","ts":"2025-08-09T01:10:27.114-04:00","eventName":"n8n.workflow.success","message":"n8n.workflow.success","payload":{"executionId":"386","success":true,"isManual":false,"workflowId":"ucmiLmCdrb6FRZtp","workflowName":"Daily English Chanllenge"}}
{"__type":"$$EventMessageConfirm","confirm":"2c52d134-ff65-4a1e-adae-b40aa8a16758","ts":"2025-08-09T01:10:27.114-04:00","source":{"id":"0","name":"eventBus"}}
{"__type":"$$EventMessageWorkflow","id":"e28ca702-ce17-41f7-ac48-1dac14aa9581","ts":"2025-08-09T01:15:27.145-04:00","eventName":"n8n.workflow.started","message":"n8n.workflow.started","payload":{"executionId":"387","workflowId":"ucmiLmCdrb6FRZtp","isManual":false,"workflowName":"Daily English Chanllenge"}}
{"__type":"$$EventMessageConfirm","confirm":"e28ca702-ce17-41f7-ac48-1dac14aa9581","ts":"2025-08-09T01:15:27.145-04:00","source":{"id":"0","name":"eventBus"}}
{"__type":"$$EventMessageNode","id":"bb990fca-7d23-4e81-a436-815bae43bc52","ts":"2025-08-09T01:15:27.145-04:00","eventName":"n8n.node.started","message":"n8n.node.started","payload":{"workflowId":"ucmiLmCdrb6FRZtp","workflowName":"Daily English Chanllenge","executionId":"387","nodeType":"n8n-nodes-base.scheduleTrigger","nodeName":"Schedule Trigger","nodeId":"b8cbe0d9-a14c-4dcb-a457-0fbc84e2f208"}}
{"__type":"$$EventMessageConfirm","confirm":"bb990fca-7d23-4e81-a436-815bae43bc52","ts":"2025-08-09T01:15:27.145-04:00","source":{"id":"0","name":"eventBus"}}
{"__type":"$$EventMessageNode","id":"bab71836-3ec1-45e1-bd80-1c8aeffa86ba","ts":"2025-08-09T01:15:27.146-04:00","eventName":"n8n.node.finished","message":"n8n.node.finished","payload":{"workflowId":"ucmiLmCdrb6FRZtp","workflowName":"Daily English Chanllenge","executionId":"387","nodeType":"n8n-nodes-base.scheduleTrigger","nodeName":"Schedule Trigger","nodeId":"b8cbe0d9-a14c-4dcb-a457-0fbc84e2f208"}}
{"__type":"$$EventMessageConfirm","confirm":"bab71836-3ec1-45e1-bd80-1c8aeffa86ba","ts":"2025-08-09T01:15:27.146-04:00","source":{"id":"0","name":"eventBus"}}
{"__type":"$$EventMessageWorkflow","id":"25d71a4d-aa8e-4916-a1f7-ddeeb35f142d","ts":"2025-08-09T01:15:27.146-04:00","eventName":"n8n.workflow.success","message":"n8n.workflow.success","payload":{"executionId":"387","success":true,"isManual":false,"workflowId":"ucmiLmCdrb6FRZtp","workflowName":"Daily English Chanllenge"}}
{"__type":"$$EventMessageConfirm","confirm":"25d71a4d-aa8e-4916-a1f7-ddeeb35f142d","ts":"2025-08-09T01:15:27.146-04:00","source":{"id":"0","name":"eventBus"}}
{"__type":"$$EventMessageWorkflow","id":"96dc5087-751d-4e3a-a782-537338828d79","ts":"2025-08-09T01:20:27.261-04:00","eventName":"n8n.workflow.started","message":"n8n.workflow.started","payload":{"executionId":"388","workflowId":"ucmiLmCdrb6FRZtp","isManual":false,"workflowName":"Daily English Chanllenge"}}
{"__type":"$$EventMessageConfirm","confirm":"96dc5087-751d-4e3a-a782-537338828d79","ts":"2025-08-09T01:20:27.262-04:00","source":{"id":"0","name":"eventBus"}}
{"__type":"$$EventMessageNode","id":"dcecd047-6a71-4af9-9b22-4122b8ee8af1","ts":"2025-08-09T01:20:27.262-04:00","eventName":"n8n.node.started","message":"n8n.node.started","payload":{"workflowId":"ucmiLmCdrb6FRZtp","workflowName":"Daily English Chanllenge","executionId":"388","nodeType":"n8n-nodes-base.scheduleTrigger","nodeName":"Schedule Trigger","nodeId":"b8cbe0d9-a14c-4dcb-a457-0fbc84e2f208"}}
{"__type":"$$EventMessageConfirm","confirm":"dcecd047-6a71-4af9-9b22-4122b8ee8af1","ts":"2025-08-09T01:20:27.262-04:00","source":{"id":"0","name":"eventBus"}}
{"__type":"$$EventMessageNode","id":"7a0620e1-45ca-4ee8-b76e-186f15c1f71d","ts":"2025-08-09T01:20:27.262-04:00","eventName":"n8n.node.finished","message":"n8n.node.finished","payload":{"workflowId":"ucmiLmCdrb6FRZtp","workflowName":"Daily English Chanllenge","executionId":"388","nodeType":"n8n-nodes-base.scheduleTrigger","nodeName":"Schedule Trigger","nodeId":"b8cbe0d9-a14c-4dcb-a457-0fbc84e2f208"}}
{"__type":"$$EventMessageConfirm","confirm":"7a0620e1-45ca-4ee8-b76e-186f15c1f71d","ts":"2025-08-09T01:20:27.262-04:00","source":{"id":"0","name":"eventBus"}}
{"__type":"$$EventMessageWorkflow","id":"5caa4baa-01b5-4254-b0e0-2d746a1a7ac1","ts":"2025-08-09T01:20:27.262-04:00","eventName":"n8n.workflow.success","message":"n8n.workflow.success","payload":{"executionId":"388","success":true,"isManual":false,"workflowId":"ucmiLmCdrb6FRZtp","workflowName":"Daily English Chanllenge"}}
{"__type":"$$EventMessageConfirm","confirm":"5caa4baa-01b5-4254-b0e0-2d746a1a7ac1","ts":"2025-08-09T01:20:27.262-04:00","source":{"id":"0","name":"eventBus"}}
{"__type":"$$EventMessageAudit","id":"600a2a96-1e5e-408a-b1bd-31b40804e8ba","ts":"2025-08-09T01:21:04.529-04:00","eventName":"n8n.audit.user.login.success","message":"n8n.audit.user.login.success","payload":{"userId":"b47d0fb1-3e65-4518-89af-453857c6bc55","_email":"i.jinnawat024@gmail.com","_firstName":"Jinnawat","_lastName":"inyim","globalRole":"global:owner","authenticationMethod":"email"}}
{"__type":"$$EventMessageConfirm","confirm":"600a2a96-1e5e-408a-b1bd-31b40804e8ba","ts":"2025-08-09T01:21:04.529-04:00","source":{"id":"0","name":"eventBus"}}
{"__type":"$$EventMessageWorkflow","id":"a58ffd56-8c58-402a-9e9e-1fa48aa56f26","ts":"2025-08-09T01:25:27.103-04:00","eventName":"n8n.workflow.started","message":"n8n.workflow.started","payload":{"executionId":"389","workflowId":"ucmiLmCdrb6FRZtp","isManual":false,"workflowName":"Daily English Chanllenge"}}
{"__type":"$$EventMessageConfirm","confirm":"a58ffd56-8c58-402a-9e9e-1fa48aa56f26","ts":"2025-08-09T01:25:27.103-04:00","source":{"id":"0","name":"eventBus"}}
{"__type":"$$EventMessageNode","id":"0766a4ac-9a56-436f-bba0-0a87e0eaa685","ts":"2025-08-09T01:25:27.103-04:00","eventName":"n8n.node.started","message":"n8n.node.started","payload":{"workflowId":"ucmiLmCdrb6FRZtp","workflowName":"Daily English Chanllenge","executionId":"389","nodeType":"n8n-nodes-base.scheduleTrigger","nodeName":"Schedule Trigger","nodeId":"b8cbe0d9-a14c-4dcb-a457-0fbc84e2f208"}}
{"__type":"$$EventMessageConfirm","confirm":"0766a4ac-9a56-436f-bba0-0a87e0eaa685","ts":"2025-08-09T01:25:27.103-04:00","source":{"id":"0","name":"eventBus"}}
{"__type":"$$EventMessageNode","id":"0b136bf1-fc45-49c5-88ef-6d2812a2e753","ts":"2025-08-09T01:25:27.103-04:00","eventName":"n8n.node.finished","message":"n8n.node.finished","payload":{"workflowId":"ucmiLmCdrb6FRZtp","workflowName":"Daily English Chanllenge","executionId":"389","nodeType":"n8n-nodes-base.scheduleTrigger","nodeName":"Schedule Trigger","nodeId":"b8cbe0d9-a14c-4dcb-a457-0fbc84e2f208"}}
{"__type":"$$EventMessageConfirm","confirm":"0b136bf1-fc45-49c5-88ef-6d2812a2e753","ts":"2025-08-09T01:25:27.104-04:00","source":{"id":"0","name":"eventBus"}}
{"__type":"$$EventMessageWorkflow","id":"72d7c0ce-33e1-4832-b694-d1e4221d203d","ts":"2025-08-09T01:25:27.104-04:00","eventName":"n8n.workflow.success","message":"n8n.workflow.success","payload":{"executionId":"389","success":true,"isManual":false,"workflowId":"ucmiLmCdrb6FRZtp","workflowName":"Daily English Chanllenge"}}
{"__type":"$$EventMessageConfirm","confirm":"72d7c0ce-33e1-4832-b694-d1e4221d203d","ts":"2025-08-09T01:25:27.104-04:00","source":{"id":"0","name":"eventBus"}}
{"__type":"$$EventMessageWorkflow","id":"267f6058-9709-4871-bbce-358acba28570","ts":"2025-08-09T01:30:27.089-04:00","eventName":"n8n.workflow.started","message":"n8n.workflow.started","payload":{"executionId":"390","workflowId":"ucmiLmCdrb6FRZtp","isManual":false,"workflowName":"Daily English Chanllenge"}}
{"__type":"$$EventMessageConfirm","confirm":"267f6058-9709-4871-bbce-358acba28570","ts":"2025-08-09T01:30:27.089-04:00","source":{"id":"0","name":"eventBus"}}
{"__type":"$$EventMessageNode","id":"adbccfdc-0eec-468c-b2f7-fe86c2d4273c","ts":"2025-08-09T01:30:27.089-04:00","eventName":"n8n.node.started","message":"n8n.node.started","payload":{"workflowId":"ucmiLmCdrb6FRZtp","workflowName":"Daily English Chanllenge","executionId":"390","nodeType":"n8n-nodes-base.scheduleTrigger","nodeName":"Schedule Trigger","nodeId":"b8cbe0d9-a14c-4dcb-a457-0fbc84e2f208"}}
{"__type":"$$EventMessageConfirm","confirm":"adbccfdc-0eec-468c-b2f7-fe86c2d4273c","ts":"2025-08-09T01:30:27.089-04:00","source":{"id":"0","name":"eventBus"}}
{"__type":"$$EventMessageNode","id":"ee858ba4-47ce-438c-940d-fb328c946865","ts":"2025-08-09T01:30:27.089-04:00","eventName":"n8n.node.finished","message":"n8n.node.finished","payload":{"workflowId":"ucmiLmCdrb6FRZtp","workflowName":"Daily English Chanllenge","executionId":"390","nodeType":"n8n-nodes-base.scheduleTrigger","nodeName":"Schedule Trigger","nodeId":"b8cbe0d9-a14c-4dcb-a457-0fbc84e2f208"}}
{"__type":"$$EventMessageConfirm","confirm":"ee858ba4-47ce-438c-940d-fb328c946865","ts":"2025-08-09T01:30:27.089-04:00","source":{"id":"0","name":"eventBus"}}
{"__type":"$$EventMessageWorkflow","id":"6220a0dc-0b38-4d43-9906-b5fc3a604275","ts":"2025-08-09T01:30:27.090-04:00","eventName":"n8n.workflow.success","message":"n8n.workflow.success","payload":{"executionId":"390","success":true,"isManual":false,"workflowId":"ucmiLmCdrb6FRZtp","workflowName":"Daily English Chanllenge"}}
{"__type":"$$EventMessageConfirm","confirm":"6220a0dc-0b38-4d43-9906-b5fc3a604275","ts":"2025-08-09T01:30:27.090-04:00","source":{"id":"0","name":"eventBus"}}
{"__type":"$$EventMessageWorkflow","id":"f7a64b28-c17b-458e-abfc-63c17529ed3a","ts":"2025-08-09T01:35:27.161-04:00","eventName":"n8n.workflow.started","message":"n8n.workflow.started","payload":{"executionId":"391","workflowId":"ucmiLmCdrb6FRZtp","isManual":false,"workflowName":"Daily English Chanllenge"}}
{"__type":"$$EventMessageConfirm","confirm":"f7a64b28-c17b-458e-abfc-63c17529ed3a","ts":"2025-08-09T01:35:27.162-04:00","source":{"id":"0","name":"eventBus"}}
{"__type":"$$EventMessageNode","id":"ecbf5809-ac35-48dd-bab4-ad763ddd2f02","ts":"2025-08-09T01:35:27.162-04:00","eventName":"n8n.node.started","message":"n8n.node.started","payload":{"workflowId":"ucmiLmCdrb6FRZtp","workflowName":"Daily English Chanllenge","executionId":"391","nodeType":"n8n-nodes-base.scheduleTrigger","nodeName":"Schedule Trigger","nodeId":"b8cbe0d9-a14c-4dcb-a457-0fbc84e2f208"}}
{"__type":"$$EventMessageConfirm","confirm":"ecbf5809-ac35-48dd-bab4-ad763ddd2f02","ts":"2025-08-09T01:35:27.162-04:00","source":{"id":"0","name":"eventBus"}}
{"__type":"$$EventMessageNode","id":"4fc97c1c-098b-47ad-964d-9324419fb5d3","ts":"2025-08-09T01:35:27.162-04:00","eventName":"n8n.node.finished","message":"n8n.node.finished","payload":{"workflowId":"ucmiLmCdrb6FRZtp","workflowName":"Daily English Chanllenge","executionId":"391","nodeType":"n8n-nodes-base.scheduleTrigger","nodeName":"Schedule Trigger","nodeId":"b8cbe0d9-a14c-4dcb-a457-0fbc84e2f208"}}
{"__type":"$$EventMessageConfirm","confirm":"4fc97c1c-098b-47ad-964d-9324419fb5d3","ts":"2025-08-09T01:35:27.163-04:00","source":{"id":"0","name":"eventBus"}}
{"__type":"$$EventMessageWorkflow","id":"9b2551a4-274f-4f7b-bd71-358ab10ab0ce","ts":"2025-08-09T01:35:27.163-04:00","eventName":"n8n.workflow.success","message":"n8n.workflow.success","payload":{"executionId":"391","success":true,"isManual":false,"workflowId":"ucmiLmCdrb6FRZtp","workflowName":"Daily English Chanllenge"}}
{"__type":"$$EventMessageConfirm","confirm":"9b2551a4-274f-4f7b-bd71-358ab10ab0ce","ts":"2025-08-09T01:35:27.163-04:00","source":{"id":"0","name":"eventBus"}}
{"__type":"$$EventMessageWorkflow","id":"ffb6321d-f434-4674-951b-dd951490224f","ts":"2025-08-09T01:35:31.017-04:00","eventName":"n8n.workflow.started","message":"n8n.workflow.started","payload":{"executionId":"392","workflowId":"ISDPRZkXm3miWmK7","isManual":false,"workflowName":"My workflow"}}
{"__type":"$$EventMessageConfirm","confirm":"ffb6321d-f434-4674-951b-dd951490224f","ts":"2025-08-09T01:35:31.018-04:00","source":{"id":"0","name":"eventBus"}}
{"__type":"$$EventMessageNode","id":"f1c04627-4ce5-4e51-a24d-9f9a195b51f9","ts":"2025-08-09T01:35:31.020-04:00","eventName":"n8n.node.started","message":"n8n.node.started","payload":{"workflowId":"ISDPRZkXm3miWmK7","workflowName":"My workflow","executionId":"392","nodeType":"n8n-nodes-base.webhook","nodeName":"Webhook","nodeId":"59662c2c-f8e2-4385-83be-e61de488ce47"}}
{"__type":"$$EventMessageConfirm","confirm":"f1c04627-4ce5-4e51-a24d-9f9a195b51f9","ts":"2025-08-09T01:35:31.020-04:00","source":{"id":"0","name":"eventBus"}}
{"__type":"$$EventMessageNode","id":"054a03b4-9144-4309-b88f-65c50629b6aa","ts":"2025-08-09T01:35:31.020-04:00","eventName":"n8n.node.finished","message":"n8n.node.finished","payload":{"workflowId":"ISDPRZkXm3miWmK7","workflowName":"My workflow","executionId":"392","nodeType":"n8n-nodes-base.webhook","nodeName":"Webhook","nodeId":"59662c2c-f8e2-4385-83be-e61de488ce47"}}
{"__type":"$$EventMessageConfirm","confirm":"054a03b4-9144-4309-b88f-65c50629b6aa","ts":"2025-08-09T01:35:31.020-04:00","source":{"id":"0","name":"eventBus"}}
{"__type":"$$EventMessageWorkflow","id":"f5e2cf0c-1887-4b0f-81c2-018fc61ace77","ts":"2025-08-09T01:35:31.022-04:00","eventName":"n8n.workflow.success","message":"n8n.workflow.success","payload":{"executionId":"392","success":true,"isManual":true,"workflowId":"ISDPRZkXm3miWmK7","workflowName":"My workflow"}}
{"__type":"$$EventMessageConfirm","confirm":"f5e2cf0c-1887-4b0f-81c2-018fc61ace77","ts":"2025-08-09T01:35:31.022-04:00","source":{"id":"0","name":"eventBus"}}
{"__type":"$$EventMessageAudit","id":"e28e9094-4e01-47c8-afd0-10ae64334eb8","ts":"2025-08-09T01:36:18.763-04:00","eventName":"n8n.audit.workflow.updated","message":"n8n.audit.workflow.updated","payload":{"userId":"b47d0fb1-3e65-4518-89af-453857c6bc55","_email":"i.jinnawat024@gmail.com","_firstName":"Jinnawat","_lastName":"inyim","globalRole":"global:owner","workflowId":"ISDPRZkXm3miWmK7","workflowName":"My workflow"}}
{"__type":"$$EventMessageConfirm","confirm":"e28e9094-4e01-47c8-afd0-10ae64334eb8","ts":"2025-08-09T01:36:18.764-04:00","source":{"id":"0","name":"eventBus"}}
{"__type":"$$EventMessageWorkflow","id":"85d857cf-d8d6-44d7-8b7d-1a223bd20f35","ts":"2025-08-09T01:36:34.752-04:00","eventName":"n8n.workflow.started","message":"n8n.workflow.started","payload":{"executionId":"393","workflowId":"ISDPRZkXm3miWmK7","isManual":false,"workflowName":"My workflow"}}
{"__type":"$$EventMessageConfirm","confirm":"85d857cf-d8d6-44d7-8b7d-1a223bd20f35","ts":"2025-08-09T01:36:34.752-04:00","source":{"id":"0","name":"eventBus"}}
{"__type":"$$EventMessageNode","id":"97ca7cd8-841d-4e7b-b944-e60319674f73","ts":"2025-08-09T01:36:34.753-04:00","eventName":"n8n.node.started","message":"n8n.node.started","payload":{"workflowId":"ISDPRZkXm3miWmK7","workflowName":"My workflow","executionId":"393","nodeType":"n8n-nodes-base.webhook","nodeName":"Webhook","nodeId":"59662c2c-f8e2-4385-83be-e61de488ce47"}}
{"__type":"$$EventMessageConfirm","confirm":"97ca7cd8-841d-4e7b-b944-e60319674f73","ts":"2025-08-09T01:36:34.753-04:00","source":{"id":"0","name":"eventBus"}}
{"__type":"$$EventMessageNode","id":"08bb7d6b-013d-40e1-9b28-3829e8d44f51","ts":"2025-08-09T01:36:34.754-04:00","eventName":"n8n.node.finished","message":"n8n.node.finished","payload":{"workflowId":"ISDPRZkXm3miWmK7","workflowName":"My workflow","executionId":"393","nodeType":"n8n-nodes-base.webhook","nodeName":"Webhook","nodeId":"59662c2c-f8e2-4385-83be-e61de488ce47"}}
{"__type":"$$EventMessageConfirm","confirm":"08bb7d6b-013d-40e1-9b28-3829e8d44f51","ts":"2025-08-09T01:36:34.754-04:00","source":{"id":"0","name":"eventBus"}}
{"__type":"$$EventMessageNode","id":"4b4e0441-6b14-4105-b4b9-0845bc386783","ts":"2025-08-09T01:36:34.754-04:00","eventName":"n8n.node.started","message":"n8n.node.started","payload":{"workflowId":"ISDPRZkXm3miWmK7","workflowName":"My workflow","executionId":"393","nodeType":"n8n-nodes-base.code","nodeName":"Code","nodeId":"7417ff93-6f25-4238-a58c-d2b4a74a0a89"}}
{"__type":"$$EventMessageConfirm","confirm":"4b4e0441-6b14-4105-b4b9-0845bc386783","ts":"2025-08-09T01:36:34.754-04:00","source":{"id":"0","name":"eventBus"}}
{"__type":"$$EventMessageNode","id":"ed312295-6df9-4675-bd0f-907bfc84b52b","ts":"2025-08-09T01:36:34.775-04:00","eventName":"n8n.node.finished","message":"n8n.node.finished","payload":{"workflowId":"ISDPRZkXm3miWmK7","workflowName":"My workflow","executionId":"393","nodeType":"n8n-nodes-base.code","nodeName":"Code","nodeId":"7417ff93-6f25-4238-a58c-d2b4a74a0a89"}}
{"__type":"$$EventMessageConfirm","confirm":"ed312295-6df9-4675-bd0f-907bfc84b52b","ts":"2025-08-09T01:36:34.775-04:00","source":{"id":"0","name":"eventBus"}}
{"__type":"$$EventMessageWorkflow","id":"5ab88ef2-be02-471f-a30d-6b3d4789ef55","ts":"2025-08-09T01:36:34.777-04:00","eventName":"n8n.workflow.failed","message":"n8n.workflow.failed","payload":{"executionId":"393","success":false,"isManual":true,"workflowId":"ISDPRZkXm3miWmK7","workflowName":"My workflow","lastNodeExecuted":"Code","errorNodeType":"n8n-nodes-base.code","errorMessage":"Code doesn't return a single object [item 0]"}}
{"__type":"$$EventMessageConfirm","confirm":"5ab88ef2-be02-471f-a30d-6b3d4789ef55","ts":"2025-08-09T01:36:34.777-04:00","source":{"id":"0","name":"eventBus"}}
{"__type":"$$EventMessageWorkflow","id":"ecc95e47-29f9-49fd-aa5c-21a608498e56","ts":"2025-08-09T01:37:23.882-04:00","eventName":"n8n.workflow.started","message":"n8n.workflow.started","payload":{"executionId":"394","workflowId":"ISDPRZkXm3miWmK7","isManual":false,"workflowName":"My workflow"}}
{"__type":"$$EventMessageConfirm","confirm":"ecc95e47-29f9-49fd-aa5c-21a608498e56","ts":"2025-08-09T01:37:23.882-04:00","source":{"id":"0","name":"eventBus"}}
{"__type":"$$EventMessageNode","id":"a1396007-45ad-4939-bd29-c8910057cb29","ts":"2025-08-09T01:37:23.882-04:00","eventName":"n8n.node.started","message":"n8n.node.started","payload":{"workflowId":"ISDPRZkXm3miWmK7","workflowName":"My workflow","executionId":"394","nodeType":"n8n-nodes-base.webhook","nodeName":"Webhook","nodeId":"59662c2c-f8e2-4385-83be-e61de488ce47"}}
{"__type":"$$EventMessageConfirm","confirm":"a1396007-45ad-4939-bd29-c8910057cb29","ts":"2025-08-09T01:37:23.883-04:00","source":{"id":"0","name":"eventBus"}}
{"__type":"$$EventMessageNode","id":"c2434b21-1464-4b88-b61b-1cc15535f0af","ts":"2025-08-09T01:37:23.883-04:00","eventName":"n8n.node.finished","message":"n8n.node.finished","payload":{"workflowId":"ISDPRZkXm3miWmK7","workflowName":"My workflow","executionId":"394","nodeType":"n8n-nodes-base.webhook","nodeName":"Webhook","nodeId":"59662c2c-f8e2-4385-83be-e61de488ce47"}}
{"__type":"$$EventMessageConfirm","confirm":"c2434b21-1464-4b88-b61b-1cc15535f0af","ts":"2025-08-09T01:37:23.883-04:00","source":{"id":"0","name":"eventBus"}}
{"__type":"$$EventMessageNode","id":"c4f9eb65-e466-48db-9342-2346fe370046","ts":"2025-08-09T01:37:23.883-04:00","eventName":"n8n.node.started","message":"n8n.node.started","payload":{"workflowId":"ISDPRZkXm3miWmK7","workflowName":"My workflow","executionId":"394","nodeType":"n8n-nodes-base.code","nodeName":"Code","nodeId":"7417ff93-6f25-4238-a58c-d2b4a74a0a89"}}
{"__type":"$$EventMessageConfirm","confirm":"c4f9eb65-e466-48db-9342-2346fe370046","ts":"2025-08-09T01:37:23.883-04:00","source":{"id":"0","name":"eventBus"}}
{"__type":"$$EventMessageNode","id":"23815022-8129-4a28-9c9d-16846c6392b3","ts":"2025-08-09T01:37:23.888-04:00","eventName":"n8n.node.finished","message":"n8n.node.finished","payload":{"workflowId":"ISDPRZkXm3miWmK7","workflowName":"My workflow","executionId":"394","nodeType":"n8n-nodes-base.code","nodeName":"Code","nodeId":"7417ff93-6f25-4238-a58c-d2b4a74a0a89"}}
{"__type":"$$EventMessageConfirm","confirm":"23815022-8129-4a28-9c9d-16846c6392b3","ts":"2025-08-09T01:37:23.888-04:00","source":{"id":"0","name":"eventBus"}}
{"__type":"$$EventMessageWorkflow","id":"06a430c6-e36d-429d-bfe7-3cfef09e84f9","ts":"2025-08-09T01:37:23.889-04:00","eventName":"n8n.workflow.failed","message":"n8n.workflow.failed","payload":{"executionId":"394","success":false,"isManual":true,"workflowId":"ISDPRZkXm3miWmK7","workflowName":"My workflow","lastNodeExecuted":"Code","errorNodeType":"n8n-nodes-base.code","errorMessage":"Code doesn't return a single object [item 0]"}}
{"__type":"$$EventMessageConfirm","confirm":"06a430c6-e36d-429d-bfe7-3cfef09e84f9","ts":"2025-08-09T01:37:23.889-04:00","source":{"id":"0","name":"eventBus"}}
{"__type":"$$EventMessageWorkflow","id":"db22bef9-75b6-43c4-9940-68207fbb4319","ts":"2025-08-09T01:37:42.255-04:00","eventName":"n8n.workflow.started","message":"n8n.workflow.started","payload":{"executionId":"395","workflowId":"ISDPRZkXm3miWmK7","isManual":false,"workflowName":"My workflow"}}
{"__type":"$$EventMessageConfirm","confirm":"db22bef9-75b6-43c4-9940-68207fbb4319","ts":"2025-08-09T01:37:42.255-04:00","source":{"id":"0","name":"eventBus"}}
{"__type":"$$EventMessageNode","id":"9973488c-2079-4e2e-8ae9-d02f19a23d31","ts":"2025-08-09T01:37:42.255-04:00","eventName":"n8n.node.started","message":"n8n.node.started","payload":{"workflowId":"ISDPRZkXm3miWmK7","workflowName":"My workflow","executionId":"395","nodeType":"n8n-nodes-base.code","nodeName":"Code","nodeId":"7417ff93-6f25-4238-a58c-d2b4a74a0a89"}}
{"__type":"$$EventMessageConfirm","confirm":"9973488c-2079-4e2e-8ae9-d02f19a23d31","ts":"2025-08-09T01:37:42.255-04:00","source":{"id":"0","name":"eventBus"}}
{"__type":"$$EventMessageNode","id":"4873e516-0174-43d7-ae95-2b787de480c6","ts":"2025-08-09T01:37:42.266-04:00","eventName":"n8n.node.finished","message":"n8n.node.finished","payload":{"workflowId":"ISDPRZkXm3miWmK7","workflowName":"My workflow","executionId":"395","nodeType":"n8n-nodes-base.code","nodeName":"Code","nodeId":"7417ff93-6f25-4238-a58c-d2b4a74a0a89"}}
{"__type":"$$EventMessageConfirm","confirm":"4873e516-0174-43d7-ae95-2b787de480c6","ts":"2025-08-09T01:37:42.266-04:00","source":{"id":"0","name":"eventBus"}}
{"__type":"$$EventMessageWorkflow","id":"e7224acf-7f60-4c10-a10a-38c1236a7689","ts":"2025-08-09T01:37:42.268-04:00","eventName":"n8n.workflow.success","message":"n8n.workflow.success","payload":{"userId":"b47d0fb1-3e65-4518-89af-453857c6bc55","executionId":"395","success":true,"isManual":true,"workflowId":"ISDPRZkXm3miWmK7","workflowName":"My workflow"}}
{"__type":"$$EventMessageConfirm","confirm":"e7224acf-7f60-4c10-a10a-38c1236a7689","ts":"2025-08-09T01:37:42.268-04:00","source":{"id":"0","name":"eventBus"}}
{"__type":"$$EventMessageWorkflow","id":"68cf42fa-5284-44c6-af32-de9de29a9d5a","ts":"2025-08-09T01:37:50.552-04:00","eventName":"n8n.workflow.started","message":"n8n.workflow.started","payload":{"executionId":"396","workflowId":"ISDPRZkXm3miWmK7","isManual":false,"workflowName":"My workflow"}}
{"__type":"$$EventMessageConfirm","confirm":"68cf42fa-5284-44c6-af32-de9de29a9d5a","ts":"2025-08-09T01:37:50.552-04:00","source":{"id":"0","name":"eventBus"}}
{"__type":"$$EventMessageNode","id":"120a7527-6d22-4c9a-9537-6ca5727bd989","ts":"2025-08-09T01:37:50.553-04:00","eventName":"n8n.node.started","message":"n8n.node.started","payload":{"workflowId":"ISDPRZkXm3miWmK7","workflowName":"My workflow","executionId":"396","nodeType":"n8n-nodes-base.webhook","nodeName":"Webhook","nodeId":"59662c2c-f8e2-4385-83be-e61de488ce47"}}
{"__type":"$$EventMessageConfirm","confirm":"120a7527-6d22-4c9a-9537-6ca5727bd989","ts":"2025-08-09T01:37:50.553-04:00","source":{"id":"0","name":"eventBus"}}
{"__type":"$$EventMessageNode","id":"dec568a1-faeb-4a03-a209-ef409d3e79f6","ts":"2025-08-09T01:37:50.553-04:00","eventName":"n8n.node.finished","message":"n8n.node.finished","payload":{"workflowId":"ISDPRZkXm3miWmK7","workflowName":"My workflow","executionId":"396","nodeType":"n8n-nodes-base.webhook","nodeName":"Webhook","nodeId":"59662c2c-f8e2-4385-83be-e61de488ce47"}}
{"__type":"$$EventMessageConfirm","confirm":"dec568a1-faeb-4a03-a209-ef409d3e79f6","ts":"2025-08-09T01:37:50.553-04:00","source":{"id":"0","name":"eventBus"}}
{"__type":"$$EventMessageNode","id":"cfa382f6-e5f9-4249-9082-df5034998519","ts":"2025-08-09T01:37:50.553-04:00","eventName":"n8n.node.started","message":"n8n.node.started","payload":{"workflowId":"ISDPRZkXm3miWmK7","workflowName":"My workflow","executionId":"396","nodeType":"n8n-nodes-base.code","nodeName":"Code","nodeId":"7417ff93-6f25-4238-a58c-d2b4a74a0a89"}}
{"__type":"$$EventMessageConfirm","confirm":"cfa382f6-e5f9-4249-9082-df5034998519","ts":"2025-08-09T01:37:50.553-04:00","source":{"id":"0","name":"eventBus"}}
{"__type":"$$EventMessageNode","id":"e9993082-7a18-4342-9edc-a05875704ee8","ts":"2025-08-09T01:37:50.557-04:00","eventName":"n8n.node.finished","message":"n8n.node.finished","payload":{"workflowId":"ISDPRZkXm3miWmK7","workflowName":"My workflow","executionId":"396","nodeType":"n8n-nodes-base.code","nodeName":"Code","nodeId":"7417ff93-6f25-4238-a58c-d2b4a74a0a89"}}
{"__type":"$$EventMessageConfirm","confirm":"e9993082-7a18-4342-9edc-a05875704ee8","ts":"2025-08-09T01:37:50.558-04:00","source":{"id":"0","name":"eventBus"}}
{"__type":"$$EventMessageWorkflow","id":"525b574e-ff9f-4973-b751-51603c2643b1","ts":"2025-08-09T01:37:50.558-04:00","eventName":"n8n.workflow.success","message":"n8n.workflow.success","payload":{"executionId":"396","success":true,"isManual":true,"workflowId":"ISDPRZkXm3miWmK7","workflowName":"My workflow"}}
{"__type":"$$EventMessageConfirm","confirm":"525b574e-ff9f-4973-b751-51603c2643b1","ts":"2025-08-09T01:37:50.558-04:00","source":{"id":"0","name":"eventBus"}}
{"__type":"$$EventMessageWorkflow","id":"d71325e5-1d53-4985-b632-a5ccc6dfa1d6","ts":"2025-08-09T01:38:19.249-04:00","eventName":"n8n.workflow.started","message":"n8n.workflow.started","payload":{"executionId":"397","workflowId":"ISDPRZkXm3miWmK7","isManual":false,"workflowName":"My workflow"}}
{"__type":"$$EventMessageConfirm","confirm":"d71325e5-1d53-4985-b632-a5ccc6dfa1d6","ts":"2025-08-09T01:38:19.249-04:00","source":{"id":"0","name":"eventBus"}}
{"__type":"$$EventMessageNode","id":"30044a56-8fc9-4e1f-a8ff-d6e4ae2dfa0d","ts":"2025-08-09T01:38:19.249-04:00","eventName":"n8n.node.started","message":"n8n.node.started","payload":{"workflowId":"ISDPRZkXm3miWmK7","workflowName":"My workflow","executionId":"397","nodeType":"n8n-nodes-base.webhook","nodeName":"Webhook","nodeId":"59662c2c-f8e2-4385-83be-e61de488ce47"}}
{"__type":"$$EventMessageConfirm","confirm":"30044a56-8fc9-4e1f-a8ff-d6e4ae2dfa0d","ts":"2025-08-09T01:38:19.250-04:00","source":{"id":"0","name":"eventBus"}}
{"__type":"$$EventMessageNode","id":"9f72649b-0283-4799-83fd-ca24c0af686d","ts":"2025-08-09T01:38:19.250-04:00","eventName":"n8n.node.finished","message":"n8n.node.finished","payload":{"workflowId":"ISDPRZkXm3miWmK7","workflowName":"My workflow","executionId":"397","nodeType":"n8n-nodes-base.webhook","nodeName":"Webhook","nodeId":"59662c2c-f8e2-4385-83be-e61de488ce47"}}
{"__type":"$$EventMessageConfirm","confirm":"9f72649b-0283-4799-83fd-ca24c0af686d","ts":"2025-08-09T01:38:19.250-04:00","source":{"id":"0","name":"eventBus"}}
{"__type":"$$EventMessageNode","id":"27addef1-c87a-41ee-8aa2-fcb99d2ad2b5","ts":"2025-08-09T01:38:19.250-04:00","eventName":"n8n.node.started","message":"n8n.node.started","payload":{"workflowId":"ISDPRZkXm3miWmK7","workflowName":"My workflow","executionId":"397","nodeType":"n8n-nodes-base.code","nodeName":"Code","nodeId":"7417ff93-6f25-4238-a58c-d2b4a74a0a89"}}
{"__type":"$$EventMessageConfirm","confirm":"27addef1-c87a-41ee-8aa2-fcb99d2ad2b5","ts":"2025-08-09T01:38:19.250-04:00","source":{"id":"0","name":"eventBus"}}
{"__type":"$$EventMessageNode","id":"caf028f9-a818-4a4b-b6ed-412f80e09f3a","ts":"2025-08-09T01:38:19.255-04:00","eventName":"n8n.node.finished","message":"n8n.node.finished","payload":{"workflowId":"ISDPRZkXm3miWmK7","workflowName":"My workflow","executionId":"397","nodeType":"n8n-nodes-base.code","nodeName":"Code","nodeId":"7417ff93-6f25-4238-a58c-d2b4a74a0a89"}}
{"__type":"$$EventMessageConfirm","confirm":"caf028f9-a818-4a4b-b6ed-412f80e09f3a","ts":"2025-08-09T01:38:19.256-04:00","source":{"id":"0","name":"eventBus"}}
{"__type":"$$EventMessageWorkflow","id":"b27d210d-32ef-4046-9c46-18cd4a10ecc5","ts":"2025-08-09T01:38:19.256-04:00","eventName":"n8n.workflow.success","message":"n8n.workflow.success","payload":{"executionId":"397","success":true,"isManual":true,"workflowId":"ISDPRZkXm3miWmK7","workflowName":"My workflow"}}
{"__type":"$$EventMessageConfirm","confirm":"b27d210d-32ef-4046-9c46-18cd4a10ecc5","ts":"2025-08-09T01:38:19.257-04:00","source":{"id":"0","name":"eventBus"}}
{"__type":"$$EventMessageWorkflow","id":"47abd33b-cdc1-4f46-8cfe-c778d70b3d7d","ts":"2025-08-09T01:40:27.172-04:00","eventName":"n8n.workflow.started","message":"n8n.workflow.started","payload":{"executionId":"398","workflowId":"ucmiLmCdrb6FRZtp","isManual":false,"workflowName":"Daily English Chanllenge"}}
{"__type":"$$EventMessageConfirm","confirm":"47abd33b-cdc1-4f46-8cfe-c778d70b3d7d","ts":"2025-08-09T01:40:27.173-04:00","source":{"id":"0","name":"eventBus"}}
{"__type":"$$EventMessageNode","id":"22afb91f-3482-43d6-8672-ebf8cbbb9395","ts":"2025-08-09T01:40:27.173-04:00","eventName":"n8n.node.started","message":"n8n.node.started","payload":{"workflowId":"ucmiLmCdrb6FRZtp","workflowName":"Daily English Chanllenge","executionId":"398","nodeType":"n8n-nodes-base.scheduleTrigger","nodeName":"Schedule Trigger","nodeId":"b8cbe0d9-a14c-4dcb-a457-0fbc84e2f208"}}
{"__type":"$$EventMessageConfirm","confirm":"22afb91f-3482-43d6-8672-ebf8cbbb9395","ts":"2025-08-09T01:40:27.173-04:00","source":{"id":"0","name":"eventBus"}}
{"__type":"$$EventMessageNode","id":"e28e4743-311c-4870-aab5-447621fc1785","ts":"2025-08-09T01:40:27.173-04:00","eventName":"n8n.node.finished","message":"n8n.node.finished","payload":{"workflowId":"ucmiLmCdrb6FRZtp","workflowName":"Daily English Chanllenge","executionId":"398","nodeType":"n8n-nodes-base.scheduleTrigger","nodeName":"Schedule Trigger","nodeId":"b8cbe0d9-a14c-4dcb-a457-0fbc84e2f208"}}
{"__type":"$$EventMessageConfirm","confirm":"e28e4743-311c-4870-aab5-447621fc1785","ts":"2025-08-09T01:40:27.173-04:00","source":{"id":"0","name":"eventBus"}}
{"__type":"$$EventMessageWorkflow","id":"9fb6434e-2a6e-4309-abe9-986e5e533f6a","ts":"2025-08-09T01:40:27.174-04:00","eventName":"n8n.workflow.success","message":"n8n.workflow.success","payload":{"executionId":"398","success":true,"isManual":false,"workflowId":"ucmiLmCdrb6FRZtp","workflowName":"Daily English Chanllenge"}}
{"__type":"$$EventMessageConfirm","confirm":"9fb6434e-2a6e-4309-abe9-986e5e533f6a","ts":"2025-08-09T01:40:27.174-04:00","source":{"id":"0","name":"eventBus"}}
{"__type":"$$EventMessageWorkflow","id":"a59ef9ac-9d0c-42fa-af42-91b10b7e0969","ts":"2025-08-09T01:42:37.300-04:00","eventName":"n8n.workflow.started","message":"n8n.workflow.started","payload":{"executionId":"399","workflowId":"ISDPRZkXm3miWmK7","isManual":false,"workflowName":"My workflow"}}
{"__type":"$$EventMessageConfirm","confirm":"a59ef9ac-9d0c-42fa-af42-91b10b7e0969","ts":"2025-08-09T01:42:37.301-04:00","source":{"id":"0","name":"eventBus"}}
{"__type":"$$EventMessageNode","id":"7f24baef-81b5-4db5-93a3-7d636a830c4e","ts":"2025-08-09T01:42:37.301-04:00","eventName":"n8n.node.started","message":"n8n.node.started","payload":{"workflowId":"ISDPRZkXm3miWmK7","workflowName":"My workflow","executionId":"399","nodeType":"n8n-nodes-base.cron","nodeName":"Start Daily Trigger","nodeId":"12db43fb-0c8d-4131-b365-066e88a50b54"}}
{"__type":"$$EventMessageConfirm","confirm":"7f24baef-81b5-4db5-93a3-7d636a830c4e","ts":"2025-08-09T01:42:37.301-04:00","source":{"id":"0","name":"eventBus"}}
{"__type":"$$EventMessageNode","id":"eb22e081-de20-4731-a575-3e078520ba32","ts":"2025-08-09T01:42:37.307-04:00","eventName":"n8n.node.finished","message":"n8n.node.finished","payload":{"workflowId":"ISDPRZkXm3miWmK7","workflowName":"My workflow","executionId":"399","nodeType":"n8n-nodes-base.cron","nodeName":"Start Daily Trigger","nodeId":"12db43fb-0c8d-4131-b365-066e88a50b54"}}
{"__type":"$$EventMessageConfirm","confirm":"eb22e081-de20-4731-a575-3e078520ba32","ts":"2025-08-09T01:42:37.307-04:00","source":{"id":"0","name":"eventBus"}}
{"__type":"$$EventMessageNode","id":"538c50bc-d1ee-4523-a500-30be5da3cb1f","ts":"2025-08-09T01:42:37.308-04:00","eventName":"n8n.node.started","message":"n8n.node.started","payload":{"workflowId":"ISDPRZkXm3miWmK7","workflowName":"My workflow","executionId":"399","nodeType":"n8n-nodes-base.httpRequest","nodeName":"Get English Words","nodeId":"3d67fd4e-5d33-4268-b975-a0b877d66938"}}
{"__type":"$$EventMessageConfirm","confirm":"538c50bc-d1ee-4523-a500-30be5da3cb1f","ts":"2025-08-09T01:42:37.308-04:00","source":{"id":"0","name":"eventBus"}}
{"__type":"$$EventMessageNode","id":"98f32dc4-8dce-4b68-ac10-8240835eaa75","ts":"2025-08-09T01:42:43.615-04:00","eventName":"n8n.node.finished","message":"n8n.node.finished","payload":{"workflowId":"ISDPRZkXm3miWmK7","workflowName":"My workflow","executionId":"399","nodeType":"n8n-nodes-base.httpRequest","nodeName":"Get English Words","nodeId":"3d67fd4e-5d33-4268-b975-a0b877d66938"}}
{"__type":"$$EventMessageConfirm","confirm":"98f32dc4-8dce-4b68-ac10-8240835eaa75","ts":"2025-08-09T01:42:43.615-04:00","source":{"id":"0","name":"eventBus"}}
{"__type":"$$EventMessageNode","id":"935e673d-4003-4287-b712-d4c6d1faafe6","ts":"2025-08-09T01:42:43.616-04:00","eventName":"n8n.node.started","message":"n8n.node.started","payload":{"workflowId":"ISDPRZkXm3miWmK7","workflowName":"My workflow","executionId":"399","nodeType":"n8n-nodes-base.function","nodeName":"Filter Old Words","nodeId":"f007284a-e4a8-4c49-9bf8-36741f05fd6c"}}
{"__type":"$$EventMessageConfirm","confirm":"935e673d-4003-4287-b712-d4c6d1faafe6","ts":"2025-08-09T01:42:43.617-04:00","source":{"id":"0","name":"eventBus"}}
{"__type":"$$EventMessageNode","id":"de3f0c03-904f-464c-8158-f4c62f3349f5","ts":"2025-08-09T01:42:43.644-04:00","eventName":"n8n.node.finished","message":"n8n.node.finished","payload":{"workflowId":"ISDPRZkXm3miWmK7","workflowName":"My workflow","executionId":"399","nodeType":"n8n-nodes-base.function","nodeName":"Filter Old Words","nodeId":"f007284a-e4a8-4c49-9bf8-36741f05fd6c"}}
{"__type":"$$EventMessageConfirm","confirm":"de3f0c03-904f-464c-8158-f4c62f3349f5","ts":"2025-08-09T01:42:43.644-04:00","source":{"id":"0","name":"eventBus"}}
{"__type":"$$EventMessageNode","id":"801467c1-a29e-4d3c-8de0-d4453b99ff27","ts":"2025-08-09T01:42:43.645-04:00","eventName":"n8n.node.started","message":"n8n.node.started","payload":{"workflowId":"ISDPRZkXm3miWmK7","workflowName":"My workflow","executionId":"399","nodeType":"n8n-nodes-base.httpRequest","nodeName":"HTTP Request","nodeId":"2188b732-8449-4880-b62c-5f85b85792bd"}}
{"__type":"$$EventMessageConfirm","confirm":"801467c1-a29e-4d3c-8de0-d4453b99ff27","ts":"2025-08-09T01:42:43.646-04:00","source":{"id":"0","name":"eventBus"}}
{"__type":"$$EventMessageNode","id":"fa074959-a1e0-4e83-9f30-da8c4b62882b","ts":"2025-08-09T01:42:43.657-04:00","eventName":"n8n.node.finished","message":"n8n.node.finished","payload":{"workflowId":"ISDPRZkXm3miWmK7","workflowName":"My workflow","executionId":"399","nodeType":"n8n-nodes-base.httpRequest","nodeName":"HTTP Request","nodeId":"2188b732-8449-4880-b62c-5f85b85792bd"}}
{"__type":"$$EventMessageConfirm","confirm":"fa074959-a1e0-4e83-9f30-da8c4b62882b","ts":"2025-08-09T01:42:43.657-04:00","source":{"id":"0","name":"eventBus"}}
{"__type":"$$EventMessageWorkflow","id":"2e18fcb7-5d1a-4de4-a639-dbacf2e5b50b","ts":"2025-08-09T01:42:43.659-04:00","eventName":"n8n.workflow.failed","message":"n8n.workflow.failed","payload":{"userId":"b47d0fb1-3e65-4518-89af-453857c6bc55","executionId":"399","success":false,"isManual":true,"workflowId":"ISDPRZkXm3miWmK7","workflowName":"My workflow","lastNodeExecuted":"HTTP Request","errorNodeType":"n8n-nodes-base.httpRequest","errorMessage":"Invalid URL"}}
{"__type":"$$EventMessageConfirm","confirm":"2e18fcb7-5d1a-4de4-a639-dbacf2e5b50b","ts":"2025-08-09T01:42:43.659-04:00","source":{"id":"0","name":"eventBus"}}
{"__type":"$$EventMessageAudit","id":"fcd4bca8-2956-456e-96c5-22aa90665618","ts":"2025-08-09T01:44:21.336-04:00","eventName":"n8n.audit.user.credentials.created","message":"n8n.audit.user.credentials.created","payload":{"userId":"b47d0fb1-3e65-4518-89af-453857c6bc55","_email":"i.jinnawat024@gmail.com","_firstName":"Jinnawat","_lastName":"inyim","globalRole":"global:owner","credentialType":"telegramApi","credentialId":"BDcas49c7AgPjk4I","publicApi":false,"projectId":"cb3TqwLN5tX0D5BT","projectType":"personal"}}
{"__type":"$$EventMessageConfirm","confirm":"fcd4bca8-2956-456e-96c5-22aa90665618","ts":"2025-08-09T01:44:21.336-04:00","source":{"id":"0","name":"eventBus"}}
{"__type":"$$EventMessageWorkflow","id":"026a1011-a1e1-4db2-a057-fdd6df4804d1","ts":"2025-08-09T01:44:55.014-04:00","eventName":"n8n.workflow.failed","message":"n8n.workflow.failed","payload":{"userId":"b47d0fb1-3e65-4518-89af-453857c6bc55","executionId":"400","success":false,"isManual":true,"workflowId":"ISDPRZkXm3miWmK7","workflowName":"My workflow","errorMessage":"The workflow has issues and cannot be executed for that reason. Please fix them first."}}
{"__type":"$$EventMessageConfirm","confirm":"026a1011-a1e1-4db2-a057-fdd6df4804d1","ts":"2025-08-09T01:44:55.014-04:00","source":{"id":"0","name":"eventBus"}}
{"__type":"$$EventMessageWorkflow","id":"ca142baa-08bd-4ad6-92da-3bd0828f33c3","ts":"2025-08-09T01:45:27.210-04:00","eventName":"n8n.workflow.started","message":"n8n.workflow.started","payload":{"executionId":"401","workflowId":"ucmiLmCdrb6FRZtp","isManual":false,"workflowName":"Daily English Chanllenge"}}
{"__type":"$$EventMessageConfirm","confirm":"ca142baa-08bd-4ad6-92da-3bd0828f33c3","ts":"2025-08-09T01:45:27.210-04:00","source":{"id":"0","name":"eventBus"}}
{"__type":"$$EventMessageNode","id":"a6f14885-a306-47ee-84a5-d52f35e47a4e","ts":"2025-08-09T01:45:27.211-04:00","eventName":"n8n.node.started","message":"n8n.node.started","payload":{"workflowId":"ucmiLmCdrb6FRZtp","workflowName":"Daily English Chanllenge","executionId":"401","nodeType":"n8n-nodes-base.scheduleTrigger","nodeName":"Schedule Trigger","nodeId":"b8cbe0d9-a14c-4dcb-a457-0fbc84e2f208"}}
{"__type":"$$EventMessageConfirm","confirm":"a6f14885-a306-47ee-84a5-d52f35e47a4e","ts":"2025-08-09T01:45:27.211-04:00","source":{"id":"0","name":"eventBus"}}
{"__type":"$$EventMessageNode","id":"ec5262fe-6755-43fd-9aa6-6561bd11bc4d","ts":"2025-08-09T01:45:27.211-04:00","eventName":"n8n.node.finished","message":"n8n.node.finished","payload":{"workflowId":"ucmiLmCdrb6FRZtp","workflowName":"Daily English Chanllenge","executionId":"401","nodeType":"n8n-nodes-base.scheduleTrigger","nodeName":"Schedule Trigger","nodeId":"b8cbe0d9-a14c-4dcb-a457-0fbc84e2f208"}}
{"__type":"$$EventMessageConfirm","confirm":"ec5262fe-6755-43fd-9aa6-6561bd11bc4d","ts":"2025-08-09T01:45:27.211-04:00","source":{"id":"0","name":"eventBus"}}
{"__type":"$$EventMessageWorkflow","id":"9639b18f-4130-4fc8-b0a3-f9533d8956e4","ts":"2025-08-09T01:45:27.211-04:00","eventName":"n8n.workflow.success","message":"n8n.workflow.success","payload":{"executionId":"401","success":true,"isManual":false,"workflowId":"ucmiLmCdrb6FRZtp","workflowName":"Daily English Chanllenge"}}
{"__type":"$$EventMessageConfirm","confirm":"9639b18f-4130-4fc8-b0a3-f9533d8956e4","ts":"2025-08-09T01:45:27.211-04:00","source":{"id":"0","name":"eventBus"}}
{"__type":"$$EventMessageWorkflow","id":"7ba7738d-e6a0-425d-b49a-e0d3d8409739","ts":"2025-08-09T01:45:46.184-04:00","eventName":"n8n.workflow.started","message":"n8n.workflow.started","payload":{"executionId":"402","workflowId":"ISDPRZkXm3miWmK7","isManual":false,"workflowName":"My workflow"}}
{"__type":"$$EventMessageConfirm","confirm":"7ba7738d-e6a0-425d-b49a-e0d3d8409739","ts":"2025-08-09T01:45:46.185-04:00","source":{"id":"0","name":"eventBus"}}
{"__type":"$$EventMessageNode","id":"149551d9-2eec-41cc-87bc-16e947f1311b","ts":"2025-08-09T01:45:46.185-04:00","eventName":"n8n.node.started","message":"n8n.node.started","payload":{"workflowId":"ISDPRZkXm3miWmK7","workflowName":"My workflow","executionId":"402","nodeType":"n8n-nodes-base.cron","nodeName":"Start Daily Trigger","nodeId":"12db43fb-0c8d-4131-b365-066e88a50b54"}}
{"__type":"$$EventMessageConfirm","confirm":"149551d9-2eec-41cc-87bc-16e947f1311b","ts":"2025-08-09T01:45:46.185-04:00","source":{"id":"0","name":"eventBus"}}
{"__type":"$$EventMessageNode","id":"ffc8b076-ea10-4253-94e9-2bcf4be4a1c6","ts":"2025-08-09T01:45:46.192-04:00","eventName":"n8n.node.finished","message":"n8n.node.finished","payload":{"workflowId":"ISDPRZkXm3miWmK7","workflowName":"My workflow","executionId":"402","nodeType":"n8n-nodes-base.cron","nodeName":"Start Daily Trigger","nodeId":"12db43fb-0c8d-4131-b365-066e88a50b54"}}
{"__type":"$$EventMessageConfirm","confirm":"ffc8b076-ea10-4253-94e9-2bcf4be4a1c6","ts":"2025-08-09T01:45:46.193-04:00","source":{"id":"0","name":"eventBus"}}
{"__type":"$$EventMessageNode","id":"6aae49eb-3ece-445f-a5ff-bcee7934f4ae","ts":"2025-08-09T01:45:46.193-04:00","eventName":"n8n.node.started","message":"n8n.node.started","payload":{"workflowId":"ISDPRZkXm3miWmK7","workflowName":"My workflow","executionId":"402","nodeType":"n8n-nodes-base.httpRequest","nodeName":"Get English Words","nodeId":"3d67fd4e-5d33-4268-b975-a0b877d66938"}}
{"__type":"$$EventMessageConfirm","confirm":"6aae49eb-3ece-445f-a5ff-bcee7934f4ae","ts":"2025-08-09T01:45:46.194-04:00","source":{"id":"0","name":"eventBus"}}
{"__type":"$$EventMessageWorkflow","id":"6ede1ec7-7434-43f5-9c58-e12e9f859b9f","ts":"2025-08-09T01:45:48.257-04:00","eventName":"n8n.workflow.failed","message":"n8n.workflow.failed","payload":{"userId":"b47d0fb1-3e65-4518-89af-453857c6bc55","executionId":"402","success":false,"isManual":true,"workflowId":"ISDPRZkXm3miWmK7","workflowName":"My workflow","lastNodeExecuted":"Start Daily Trigger"}}
{"__type":"$$EventMessageConfirm","confirm":"6ede1ec7-7434-43f5-9c58-e12e9f859b9f","ts":"2025-08-09T01:45:48.257-04:00","source":{"id":"0","name":"eventBus"}}
{"__type":"$$EventMessageNode","id":"fe82df6a-9556-41a8-93bb-0e97c486cb71","ts":"2025-08-09T01:45:50.700-04:00","eventName":"n8n.node.finished","message":"n8n.node.finished","payload":{"workflowId":"ISDPRZkXm3miWmK7","workflowName":"My workflow","executionId":"402","nodeType":"n8n-nodes-base.httpRequest","nodeName":"Get English Words","nodeId":"3d67fd4e-5d33-4268-b975-a0b877d66938"}}
{"__type":"$$EventMessageConfirm","confirm":"fe82df6a-9556-41a8-93bb-0e97c486cb71","ts":"2025-08-09T01:45:50.701-04:00","source":{"id":"0","name":"eventBus"}}
{"__type":"$$EventMessageWorkflow","id":"29780cb8-d05d-4691-9ce4-9bd2832939ba","ts":"2025-08-09T01:45:50.783-04:00","eventName":"n8n.workflow.started","message":"n8n.workflow.started","payload":{"executionId":"403","workflowId":"ISDPRZkXm3miWmK7","isManual":false,"workflowName":"My workflow"}}
{"__type":"$$EventMessageConfirm","confirm":"29780cb8-d05d-4691-9ce4-9bd2832939ba","ts":"2025-08-09T01:45:50.783-04:00","source":{"id":"0","name":"eventBus"}}
{"__type":"$$EventMessageNode","id":"2583c9d9-5b5b-48b4-a466-5c732a94bf5d","ts":"2025-08-09T01:45:50.784-04:00","eventName":"n8n.node.started","message":"n8n.node.started","payload":{"workflowId":"ISDPRZkXm3miWmK7","workflowName":"My workflow","executionId":"403","nodeType":"n8n-nodes-base.cron","nodeName":"Start Daily Trigger","nodeId":"12db43fb-0c8d-4131-b365-066e88a50b54"}}
{"__type":"$$EventMessageConfirm","confirm":"2583c9d9-5b5b-48b4-a466-5c732a94bf5d","ts":"2025-08-09T01:45:50.784-04:00","source":{"id":"0","name":"eventBus"}}
{"__type":"$$EventMessageNode","id":"cc7e8a23-22c9-4e51-9a01-e7f6f35ed31e","ts":"2025-08-09T01:45:50.789-04:00","eventName":"n8n.node.finished","message":"n8n.node.finished","payload":{"workflowId":"ISDPRZkXm3miWmK7","workflowName":"My workflow","executionId":"403","nodeType":"n8n-nodes-base.cron","nodeName":"Start Daily Trigger","nodeId":"12db43fb-0c8d-4131-b365-066e88a50b54"}}
{"__type":"$$EventMessageConfirm","confirm":"cc7e8a23-22c9-4e51-9a01-e7f6f35ed31e","ts":"2025-08-09T01:45:50.790-04:00","source":{"id":"0","name":"eventBus"}}
{"__type":"$$EventMessageNode","id":"da043395-05f3-4a9d-b59c-80eaad977f9d","ts":"2025-08-09T01:45:50.790-04:00","eventName":"n8n.node.started","message":"n8n.node.started","payload":{"workflowId":"ISDPRZkXm3miWmK7","workflowName":"My workflow","executionId":"403","nodeType":"n8n-nodes-base.httpRequest","nodeName":"Get English Words","nodeId":"3d67fd4e-5d33-4268-b975-a0b877d66938"}}
{"__type":"$$EventMessageConfirm","confirm":"da043395-05f3-4a9d-b59c-80eaad977f9d","ts":"2025-08-09T01:45:50.790-04:00","source":{"id":"0","name":"eventBus"}}
{"__type":"$$EventMessageNode","id":"cdeb0951-e0aa-4ce2-b74a-6454e7555000","ts":"2025-08-09T01:45:56.113-04:00","eventName":"n8n.node.finished","message":"n8n.node.finished","payload":{"workflowId":"ISDPRZkXm3miWmK7","workflowName":"My workflow","executionId":"403","nodeType":"n8n-nodes-base.httpRequest","nodeName":"Get English Words","nodeId":"3d67fd4e-5d33-4268-b975-a0b877d66938"}}
{"__type":"$$EventMessageConfirm","confirm":"cdeb0951-e0aa-4ce2-b74a-6454e7555000","ts":"2025-08-09T01:45:56.113-04:00","source":{"id":"0","name":"eventBus"}}
{"__type":"$$EventMessageNode","id":"69a7de98-3eea-45ee-aeae-5a059a15971a","ts":"2025-08-09T01:45:56.113-04:00","eventName":"n8n.node.started","message":"n8n.node.started","payload":{"workflowId":"ISDPRZkXm3miWmK7","workflowName":"My workflow","executionId":"403","nodeType":"n8n-nodes-base.function","nodeName":"Filter Old Words","nodeId":"f007284a-e4a8-4c49-9bf8-36741f05fd6c"}}
{"__type":"$$EventMessageConfirm","confirm":"69a7de98-3eea-45ee-aeae-5a059a15971a","ts":"2025-08-09T01:45:56.113-04:00","source":{"id":"0","name":"eventBus"}}
{"__type":"$$EventMessageNode","id":"a5616959-554e-485e-9d6b-a9f7a6c26a5a","ts":"2025-08-09T01:45:56.118-04:00","eventName":"n8n.node.finished","message":"n8n.node.finished","payload":{"workflowId":"ISDPRZkXm3miWmK7","workflowName":"My workflow","executionId":"403","nodeType":"n8n-nodes-base.function","nodeName":"Filter Old Words","nodeId":"f007284a-e4a8-4c49-9bf8-36741f05fd6c"}}
{"__type":"$$EventMessageConfirm","confirm":"a5616959-554e-485e-9d6b-a9f7a6c26a5a","ts":"2025-08-09T01:45:56.119-04:00","source":{"id":"0","name":"eventBus"}}
{"__type":"$$EventMessageNode","id":"7e5735b0-f18c-436b-98d5-6ef96a40114a","ts":"2025-08-09T01:45:56.119-04:00","eventName":"n8n.node.started","message":"n8n.node.started","payload":{"workflowId":"ISDPRZkXm3miWmK7","workflowName":"My workflow","executionId":"403","nodeType":"n8n-nodes-base.httpRequest","nodeName":"HTTP Request","nodeId":"2188b732-8449-4880-b62c-5f85b85792bd"}}
{"__type":"$$EventMessageConfirm","confirm":"7e5735b0-f18c-436b-98d5-6ef96a40114a","ts":"2025-08-09T01:45:56.119-04:00","source":{"id":"0","name":"eventBus"}}
{"__type":"$$EventMessageNode","id":"2e96de30-782d-451e-a0c2-25b282b4ccbd","ts":"2025-08-09T01:45:56.122-04:00","eventName":"n8n.node.finished","message":"n8n.node.finished","payload":{"workflowId":"ISDPRZkXm3miWmK7","workflowName":"My workflow","executionId":"403","nodeType":"n8n-nodes-base.httpRequest","nodeName":"HTTP Request","nodeId":"2188b732-8449-4880-b62c-5f85b85792bd"}}
{"__type":"$$EventMessageConfirm","confirm":"2e96de30-782d-451e-a0c2-25b282b4ccbd","ts":"2025-08-09T01:45:56.122-04:00","source":{"id":"0","name":"eventBus"}}
{"__type":"$$EventMessageWorkflow","id":"e705c9c4-0973-4b79-b8ed-dd4fbe72d397","ts":"2025-08-09T01:45:56.124-04:00","eventName":"n8n.workflow.failed","message":"n8n.workflow.failed","payload":{"userId":"b47d0fb1-3e65-4518-89af-453857c6bc55","executionId":"403","success":false,"isManual":true,"workflowId":"ISDPRZkXm3miWmK7","workflowName":"My workflow","lastNodeExecuted":"HTTP Request","errorNodeType":"n8n-nodes-base.httpRequest","errorMessage":"Invalid URL"}}
{"__type":"$$EventMessageConfirm","confirm":"e705c9c4-0973-4b79-b8ed-dd4fbe72d397","ts":"2025-08-09T01:45:56.124-04:00","source":{"id":"0","name":"eventBus"}}
{"__type":"$$EventMessageWorkflow","id":"bf7e562e-d79e-4d39-9baa-243608f54eba","ts":"2025-08-09T01:50:27.148-04:00","eventName":"n8n.workflow.started","message":"n8n.workflow.started","payload":{"executionId":"404","workflowId":"ucmiLmCdrb6FRZtp","isManual":false,"workflowName":"Daily English Chanllenge"}}
{"__type":"$$EventMessageConfirm","confirm":"bf7e562e-d79e-4d39-9baa-243608f54eba","ts":"2025-08-09T01:50:27.148-04:00","source":{"id":"0","name":"eventBus"}}
{"__type":"$$EventMessageNode","id":"2d9c9183-2b72-4988-8fdc-fe2295f2d20f","ts":"2025-08-09T01:50:27.148-04:00","eventName":"n8n.node.started","message":"n8n.node.started","payload":{"workflowId":"ucmiLmCdrb6FRZtp","workflowName":"Daily English Chanllenge","executionId":"404","nodeType":"n8n-nodes-base.scheduleTrigger","nodeName":"Schedule Trigger","nodeId":"b8cbe0d9-a14c-4dcb-a457-0fbc84e2f208"}}
{"__type":"$$EventMessageConfirm","confirm":"2d9c9183-2b72-4988-8fdc-fe2295f2d20f","ts":"2025-08-09T01:50:27.148-04:00","source":{"id":"0","name":"eventBus"}}
{"__type":"$$EventMessageNode","id":"3fc16100-020f-45db-9b2e-1e457b7efda3","ts":"2025-08-09T01:50:27.148-04:00","eventName":"n8n.node.finished","message":"n8n.node.finished","payload":{"workflowId":"ucmiLmCdrb6FRZtp","workflowName":"Daily English Chanllenge","executionId":"404","nodeType":"n8n-nodes-base.scheduleTrigger","nodeName":"Schedule Trigger","nodeId":"b8cbe0d9-a14c-4dcb-a457-0fbc84e2f208"}}
{"__type":"$$EventMessageConfirm","confirm":"3fc16100-020f-45db-9b2e-1e457b7efda3","ts":"2025-08-09T01:50:27.149-04:00","source":{"id":"0","name":"eventBus"}}
{"__type":"$$EventMessageWorkflow","id":"8a95d810-bc78-4d3d-b08a-d34a1cb9528f","ts":"2025-08-09T01:50:27.149-04:00","eventName":"n8n.workflow.success","message":"n8n.workflow.success","payload":{"executionId":"404","success":true,"isManual":false,"workflowId":"ucmiLmCdrb6FRZtp","workflowName":"Daily English Chanllenge"}}
{"__type":"$$EventMessageConfirm","confirm":"8a95d810-bc78-4d3d-b08a-d34a1cb9528f","ts":"2025-08-09T01:50:27.149-04:00","source":{"id":"0","name":"eventBus"}}
{"__type":"$$EventMessageWorkflow","id":"ebb9cfd2-3141-4f53-b83f-9c028aee84ca","ts":"2025-08-09T01:53:17.725-04:00","eventName":"n8n.workflow.failed","message":"n8n.workflow.failed","payload":{"userId":"b47d0fb1-3e65-4518-89af-453857c6bc55","executionId":"405","success":false,"isManual":true,"workflowId":"ISDPRZkXm3miWmK7","workflowName":"My workflow","errorMessage":"The workflow has issues and cannot be executed for that reason. Please fix them first."}}
{"__type":"$$EventMessageConfirm","confirm":"ebb9cfd2-3141-4f53-b83f-9c028aee84ca","ts":"2025-08-09T01:53:17.725-04:00","source":{"id":"0","name":"eventBus"}}
{"__type":"$$EventMessageWorkflow","id":"62047f96-6894-42f9-ad1f-e511a43d2d8b","ts":"2025-08-09T01:54:35.480-04:00","eventName":"n8n.workflow.started","message":"n8n.workflow.started","payload":{"executionId":"406","workflowId":"ISDPRZkXm3miWmK7","isManual":false,"workflowName":"My workflow"}}
{"__type":"$$EventMessageConfirm","confirm":"62047f96-6894-42f9-ad1f-e511a43d2d8b","ts":"2025-08-09T01:54:35.481-04:00","source":{"id":"0","name":"eventBus"}}
{"__type":"$$EventMessageNode","id":"b3464e3d-f075-4ff1-8db8-635a2cf0fbb7","ts":"2025-08-09T01:54:35.481-04:00","eventName":"n8n.node.started","message":"n8n.node.started","payload":{"workflowId":"ISDPRZkXm3miWmK7","workflowName":"My workflow","executionId":"406","nodeType":"n8n-nodes-base.webhook","nodeName":"Webhook","nodeId":"59662c2c-f8e2-4385-83be-e61de488ce47"}}
{"__type":"$$EventMessageConfirm","confirm":"b3464e3d-f075-4ff1-8db8-635a2cf0fbb7","ts":"2025-08-09T01:54:35.482-04:00","source":{"id":"0","name":"eventBus"}}
{"__type":"$$EventMessageNode","id":"69ea7bfe-1dd9-473f-ad46-2262b47dc2f0","ts":"2025-08-09T01:54:35.482-04:00","eventName":"n8n.node.finished","message":"n8n.node.finished","payload":{"workflowId":"ISDPRZkXm3miWmK7","workflowName":"My workflow","executionId":"406","nodeType":"n8n-nodes-base.webhook","nodeName":"Webhook","nodeId":"59662c2c-f8e2-4385-83be-e61de488ce47"}}
{"__type":"$$EventMessageConfirm","confirm":"69ea7bfe-1dd9-473f-ad46-2262b47dc2f0","ts":"2025-08-09T01:54:35.482-04:00","source":{"id":"0","name":"eventBus"}}
{"__type":"$$EventMessageNode","id":"39fb89d1-b0c6-4144-9616-58a0d9e557e2","ts":"2025-08-09T01:54:35.482-04:00","eventName":"n8n.node.started","message":"n8n.node.started","payload":{"workflowId":"ISDPRZkXm3miWmK7","workflowName":"My workflow","executionId":"406","nodeType":"n8n-nodes-base.telegram","nodeName":"Send a text message","nodeId":"cc8a11af-5399-4548-bf9e-84af78fc8a4f"}}
{"__type":"$$EventMessageConfirm","confirm":"39fb89d1-b0c6-4144-9616-58a0d9e557e2","ts":"2025-08-09T01:54:35.483-04:00","source":{"id":"0","name":"eventBus"}}
{"__type":"$$EventMessageNode","id":"e0c4493e-f22e-43e0-b132-b9a87a813f75","ts":"2025-08-09T01:54:36.345-04:00","eventName":"n8n.node.finished","message":"n8n.node.finished","payload":{"workflowId":"ISDPRZkXm3miWmK7","workflowName":"My workflow","executionId":"406","nodeType":"n8n-nodes-base.telegram","nodeName":"Send a text message","nodeId":"cc8a11af-5399-4548-bf9e-84af78fc8a4f"}}
{"__type":"$$EventMessageConfirm","confirm":"e0c4493e-f22e-43e0-b132-b9a87a813f75","ts":"2025-08-09T01:54:36.345-04:00","source":{"id":"0","name":"eventBus"}}
{"__type":"$$EventMessageWorkflow","id":"8319f947-a783-4fae-85ae-8d85945a1927","ts":"2025-08-09T01:54:36.349-04:00","eventName":"n8n.workflow.failed","message":"n8n.workflow.failed","payload":{"executionId":"406","success":false,"isManual":true,"workflowId":"ISDPRZkXm3miWmK7","workflowName":"My workflow","lastNodeExecuted":"Send a text message","errorNodeType":"n8n-nodes-base.telegram","errorMessage":"Forbidden - perhaps check your credentials?"}}
{"__type":"$$EventMessageConfirm","confirm":"8319f947-a783-4fae-85ae-8d85945a1927","ts":"2025-08-09T01:54:36.349-04:00","source":{"id":"0","name":"eventBus"}}
{"__type":"$$EventMessageWorkflow","id":"fce05c6a-b242-4224-bd19-dbcd78e565d6","ts":"2025-08-09T01:55:27.086-04:00","eventName":"n8n.workflow.started","message":"n8n.workflow.started","payload":{"executionId":"407","workflowId":"ucmiLmCdrb6FRZtp","isManual":false,"workflowName":"Daily English Chanllenge"}}
{"__type":"$$EventMessageConfirm","confirm":"fce05c6a-b242-4224-bd19-dbcd78e565d6","ts":"2025-08-09T01:55:27.086-04:00","source":{"id":"0","name":"eventBus"}}
{"__type":"$$EventMessageNode","id":"f8b31243-5561-474d-a871-387e28bb6e72","ts":"2025-08-09T01:55:27.087-04:00","eventName":"n8n.node.started","message":"n8n.node.started","payload":{"workflowId":"ucmiLmCdrb6FRZtp","workflowName":"Daily English Chanllenge","executionId":"407","nodeType":"n8n-nodes-base.scheduleTrigger","nodeName":"Schedule Trigger","nodeId":"b8cbe0d9-a14c-4dcb-a457-0fbc84e2f208"}}
{"__type":"$$EventMessageConfirm","confirm":"f8b31243-5561-474d-a871-387e28bb6e72","ts":"2025-08-09T01:55:27.087-04:00","source":{"id":"0","name":"eventBus"}}
{"__type":"$$EventMessageNode","id":"f00186c5-36b5-4133-af45-5a7810507478","ts":"2025-08-09T01:55:27.087-04:00","eventName":"n8n.node.finished","message":"n8n.node.finished","payload":{"workflowId":"ucmiLmCdrb6FRZtp","workflowName":"Daily English Chanllenge","executionId":"407","nodeType":"n8n-nodes-base.scheduleTrigger","nodeName":"Schedule Trigger","nodeId":"b8cbe0d9-a14c-4dcb-a457-0fbc84e2f208"}}
{"__type":"$$EventMessageConfirm","confirm":"f00186c5-36b5-4133-af45-5a7810507478","ts":"2025-08-09T01:55:27.087-04:00","source":{"id":"0","name":"eventBus"}}
{"__type":"$$EventMessageWorkflow","id":"9f7e867f-a7ae-4e1b-887c-c4ca870281d2","ts":"2025-08-09T01:55:27.087-04:00","eventName":"n8n.workflow.success","message":"n8n.workflow.success","payload":{"executionId":"407","success":true,"isManual":false,"workflowId":"ucmiLmCdrb6FRZtp","workflowName":"Daily English Chanllenge"}}
{"__type":"$$EventMessageConfirm","confirm":"9f7e867f-a7ae-4e1b-887c-c4ca870281d2","ts":"2025-08-09T01:55:27.087-04:00","source":{"id":"0","name":"eventBus"}}
{"__type":"$$EventMessageWorkflow","id":"e85783b4-9388-47c4-b498-d014e41f69e4","ts":"2025-08-09T02:00:27.110-04:00","eventName":"n8n.workflow.started","message":"n8n.workflow.started","payload":{"executionId":"408","workflowId":"ucmiLmCdrb6FRZtp","isManual":false,"workflowName":"Daily English Chanllenge"}}
{"__type":"$$EventMessageConfirm","confirm":"e85783b4-9388-47c4-b498-d014e41f69e4","ts":"2025-08-09T02:00:27.110-04:00","source":{"id":"0","name":"eventBus"}}
{"__type":"$$EventMessageNode","id":"92ed5024-9663-4580-ad30-cad193b3e6ee","ts":"2025-08-09T02:00:27.110-04:00","eventName":"n8n.node.started","message":"n8n.node.started","payload":{"workflowId":"ucmiLmCdrb6FRZtp","workflowName":"Daily English Chanllenge","executionId":"408","nodeType":"n8n-nodes-base.scheduleTrigger","nodeName":"Schedule Trigger","nodeId":"b8cbe0d9-a14c-4dcb-a457-0fbc84e2f208"}}
{"__type":"$$EventMessageConfirm","confirm":"92ed5024-9663-4580-ad30-cad193b3e6ee","ts":"2025-08-09T02:00:27.110-04:00","source":{"id":"0","name":"eventBus"}}
{"__type":"$$EventMessageNode","id":"958a9c1f-169f-4037-95cf-f3fa22d1151b","ts":"2025-08-09T02:00:27.110-04:00","eventName":"n8n.node.finished","message":"n8n.node.finished","payload":{"workflowId":"ucmiLmCdrb6FRZtp","workflowName":"Daily English Chanllenge","executionId":"408","nodeType":"n8n-nodes-base.scheduleTrigger","nodeName":"Schedule Trigger","nodeId":"b8cbe0d9-a14c-4dcb-a457-0fbc84e2f208"}}
{"__type":"$$EventMessageConfirm","confirm":"958a9c1f-169f-4037-95cf-f3fa22d1151b","ts":"2025-08-09T02:00:27.111-04:00","source":{"id":"0","name":"eventBus"}}
{"__type":"$$EventMessageWorkflow","id":"a72be1eb-55ba-444b-a001-437fb6e64338","ts":"2025-08-09T02:00:27.111-04:00","eventName":"n8n.workflow.success","message":"n8n.workflow.success","payload":{"executionId":"408","success":true,"isManual":false,"workflowId":"ucmiLmCdrb6FRZtp","workflowName":"Daily English Chanllenge"}}
{"__type":"$$EventMessageConfirm","confirm":"a72be1eb-55ba-444b-a001-437fb6e64338","ts":"2025-08-09T02:00:27.111-04:00","source":{"id":"0","name":"eventBus"}}
{"__type":"$$EventMessageWorkflow","id":"c3228f2a-cfcc-401c-adf4-7c6381066d3f","ts":"2025-08-09T02:01:13.312-04:00","eventName":"n8n.workflow.started","message":"n8n.workflow.started","payload":{"executionId":"409","workflowId":"ISDPRZkXm3miWmK7","isManual":false,"workflowName":"My workflow"}}
{"__type":"$$EventMessageConfirm","confirm":"c3228f2a-cfcc-401c-adf4-7c6381066d3f","ts":"2025-08-09T02:01:13.312-04:00","source":{"id":"0","name":"eventBus"}}
{"__type":"$$EventMessageNode","id":"37db8b1d-b7a1-46a0-89a0-d598560faf50","ts":"2025-08-09T02:01:13.312-04:00","eventName":"n8n.node.started","message":"n8n.node.started","payload":{"workflowId":"ISDPRZkXm3miWmK7","workflowName":"My workflow","executionId":"409","nodeType":"n8n-nodes-base.webhook","nodeName":"Webhook","nodeId":"59662c2c-f8e2-4385-83be-e61de488ce47"}}
{"__type":"$$EventMessageConfirm","confirm":"37db8b1d-b7a1-46a0-89a0-d598560faf50","ts":"2025-08-09T02:01:13.312-04:00","source":{"id":"0","name":"eventBus"}}
{"__type":"$$EventMessageNode","id":"49e9daab-0cb0-40db-a310-867c646e0187","ts":"2025-08-09T02:01:13.313-04:00","eventName":"n8n.node.finished","message":"n8n.node.finished","payload":{"workflowId":"ISDPRZkXm3miWmK7","workflowName":"My workflow","executionId":"409","nodeType":"n8n-nodes-base.webhook","nodeName":"Webhook","nodeId":"59662c2c-f8e2-4385-83be-e61de488ce47"}}
{"__type":"$$EventMessageConfirm","confirm":"49e9daab-0cb0-40db-a310-867c646e0187","ts":"2025-08-09T02:01:13.313-04:00","source":{"id":"0","name":"eventBus"}}
{"__type":"$$EventMessageNode","id":"0d5a75c7-0a4f-4e46-b995-0c59a61e776d","ts":"2025-08-09T02:01:13.313-04:00","eventName":"n8n.node.started","message":"n8n.node.started","payload":{"workflowId":"ISDPRZkXm3miWmK7","workflowName":"My workflow","executionId":"409","nodeType":"n8n-nodes-base.telegram","nodeName":"Send a text message","nodeId":"cc8a11af-5399-4548-bf9e-84af78fc8a4f"}}
{"__type":"$$EventMessageConfirm","confirm":"0d5a75c7-0a4f-4e46-b995-0c59a61e776d","ts":"2025-08-09T02:01:13.313-04:00","source":{"id":"0","name":"eventBus"}}
{"__type":"$$EventMessageNode","id":"1531336a-1796-4b0a-860d-bbea13484a65","ts":"2025-08-09T02:01:14.237-04:00","eventName":"n8n.node.finished","message":"n8n.node.finished","payload":{"workflowId":"ISDPRZkXm3miWmK7","workflowName":"My workflow","executionId":"409","nodeType":"n8n-nodes-base.telegram","nodeName":"Send a text message","nodeId":"cc8a11af-5399-4548-bf9e-84af78fc8a4f"}}
{"__type":"$$EventMessageConfirm","confirm":"1531336a-1796-4b0a-860d-bbea13484a65","ts":"2025-08-09T02:01:14.237-04:00","source":{"id":"0","name":"eventBus"}}
{"__type":"$$EventMessageWorkflow","id":"e0573c6b-0d46-4a1c-820e-5258855331b9","ts":"2025-08-09T02:01:14.239-04:00","eventName":"n8n.workflow.success","message":"n8n.workflow.success","payload":{"executionId":"409","success":true,"isManual":true,"workflowId":"ISDPRZkXm3miWmK7","workflowName":"My workflow"}}
{"__type":"$$EventMessageConfirm","confirm":"e0573c6b-0d46-4a1c-820e-5258855331b9","ts":"2025-08-09T02:01:14.239-04:00","source":{"id":"0","name":"eventBus"}}
{"__type":"$$EventMessageWorkflow","id":"7af6a468-314e-46d1-941b-a31727953480","ts":"2025-08-09T02:01:39.420-04:00","eventName":"n8n.workflow.started","message":"n8n.workflow.started","payload":{"executionId":"410","workflowId":"ISDPRZkXm3miWmK7","isManual":false,"workflowName":"My workflow"}}
{"__type":"$$EventMessageConfirm","confirm":"7af6a468-314e-46d1-941b-a31727953480","ts":"2025-08-09T02:01:39.420-04:00","source":{"id":"0","name":"eventBus"}}
{"__type":"$$EventMessageNode","id":"47f892b5-488b-4799-80ff-ad608d36d6f5","ts":"2025-08-09T02:01:39.421-04:00","eventName":"n8n.node.started","message":"n8n.node.started","payload":{"workflowId":"ISDPRZkXm3miWmK7","workflowName":"My workflow","executionId":"410","nodeType":"n8n-nodes-base.webhook","nodeName":"Webhook","nodeId":"59662c2c-f8e2-4385-83be-e61de488ce47"}}
{"__type":"$$EventMessageConfirm","confirm":"47f892b5-488b-4799-80ff-ad608d36d6f5","ts":"2025-08-09T02:01:39.421-04:00","source":{"id":"0","name":"eventBus"}}
{"__type":"$$EventMessageNode","id":"9ee7360a-b064-4734-ab6f-36f22af258c3","ts":"2025-08-09T02:01:39.421-04:00","eventName":"n8n.node.finished","message":"n8n.node.finished","payload":{"workflowId":"ISDPRZkXm3miWmK7","workflowName":"My workflow","executionId":"410","nodeType":"n8n-nodes-base.webhook","nodeName":"Webhook","nodeId":"59662c2c-f8e2-4385-83be-e61de488ce47"}}
{"__type":"$$EventMessageConfirm","confirm":"9ee7360a-b064-4734-ab6f-36f22af258c3","ts":"2025-08-09T02:01:39.421-04:00","source":{"id":"0","name":"eventBus"}}
{"__type":"$$EventMessageNode","id":"511e40e9-43b3-462a-a9e0-2b71c3f5afee","ts":"2025-08-09T02:01:39.421-04:00","eventName":"n8n.node.started","message":"n8n.node.started","payload":{"workflowId":"ISDPRZkXm3miWmK7","workflowName":"My workflow","executionId":"410","nodeType":"n8n-nodes-base.telegram","nodeName":"Send a text message","nodeId":"cc8a11af-5399-4548-bf9e-84af78fc8a4f"}}
{"__type":"$$EventMessageConfirm","confirm":"511e40e9-43b3-462a-a9e0-2b71c3f5afee","ts":"2025-08-09T02:01:39.421-04:00","source":{"id":"0","name":"eventBus"}}
{"__type":"$$EventMessageNode","id":"67ebb354-5703-4df5-8919-6e133c2396b5","ts":"2025-08-09T02:01:40.383-04:00","eventName":"n8n.node.finished","message":"n8n.node.finished","payload":{"workflowId":"ISDPRZkXm3miWmK7","workflowName":"My workflow","executionId":"410","nodeType":"n8n-nodes-base.telegram","nodeName":"Send a text message","nodeId":"cc8a11af-5399-4548-bf9e-84af78fc8a4f"}}
{"__type":"$$EventMessageConfirm","confirm":"67ebb354-5703-4df5-8919-6e133c2396b5","ts":"2025-08-09T02:01:40.383-04:00","source":{"id":"0","name":"eventBus"}}
{"__type":"$$EventMessageWorkflow","id":"fe29f5f9-cf2c-4cb4-a341-12c30d5ce9c7","ts":"2025-08-09T02:01:40.384-04:00","eventName":"n8n.workflow.success","message":"n8n.workflow.success","payload":{"executionId":"410","success":true,"isManual":true,"workflowId":"ISDPRZkXm3miWmK7","workflowName":"My workflow"}}
{"__type":"$$EventMessageConfirm","confirm":"fe29f5f9-cf2c-4cb4-a341-12c30d5ce9c7","ts":"2025-08-09T02:01:40.384-04:00","source":{"id":"0","name":"eventBus"}}
{"__type":"$$EventMessageWorkflow","id":"602e9149-2e56-4445-abc5-26b4eae5e531","ts":"2025-08-09T02:05:27.243-04:00","eventName":"n8n.workflow.started","message":"n8n.workflow.started","payload":{"executionId":"411","workflowId":"ucmiLmCdrb6FRZtp","isManual":false,"workflowName":"Daily English Chanllenge"}}
{"__type":"$$EventMessageConfirm","confirm":"602e9149-2e56-4445-abc5-26b4eae5e531","ts":"2025-08-09T02:05:27.244-04:00","source":{"id":"0","name":"eventBus"}}
{"__type":"$$EventMessageNode","id":"e3d8cdee-d0ae-47e6-944c-760ac5c7bfb6","ts":"2025-08-09T02:05:27.245-04:00","eventName":"n8n.node.started","message":"n8n.node.started","payload":{"workflowId":"ucmiLmCdrb6FRZtp","workflowName":"Daily English Chanllenge","executionId":"411","nodeType":"n8n-nodes-base.scheduleTrigger","nodeName":"Schedule Trigger","nodeId":"b8cbe0d9-a14c-4dcb-a457-0fbc84e2f208"}}
{"__type":"$$EventMessageConfirm","confirm":"e3d8cdee-d0ae-47e6-944c-760ac5c7bfb6","ts":"2025-08-09T02:05:27.245-04:00","source":{"id":"0","name":"eventBus"}}
{"__type":"$$EventMessageNode","id":"e1e7d570-e709-4942-9973-0a3992e9cfee","ts":"2025-08-09T02:05:27.245-04:00","eventName":"n8n.node.finished","message":"n8n.node.finished","payload":{"workflowId":"ucmiLmCdrb6FRZtp","workflowName":"Daily English Chanllenge","executionId":"411","nodeType":"n8n-nodes-base.scheduleTrigger","nodeName":"Schedule Trigger","nodeId":"b8cbe0d9-a14c-4dcb-a457-0fbc84e2f208"}}
{"__type":"$$EventMessageConfirm","confirm":"e1e7d570-e709-4942-9973-0a3992e9cfee","ts":"2025-08-09T02:05:27.245-04:00","source":{"id":"0","name":"eventBus"}}
{"__type":"$$EventMessageWorkflow","id":"f5be821a-47ca-4324-806f-230602c58311","ts":"2025-08-09T02:05:27.245-04:00","eventName":"n8n.workflow.success","message":"n8n.workflow.success","payload":{"executionId":"411","success":true,"isManual":false,"workflowId":"ucmiLmCdrb6FRZtp","workflowName":"Daily English Chanllenge"}}
{"__type":"$$EventMessageConfirm","confirm":"f5be821a-47ca-4324-806f-230602c58311","ts":"2025-08-09T02:05:27.245-04:00","source":{"id":"0","name":"eventBus"}}
{"__type":"$$EventMessageWorkflow","id":"4f2ce592-faaa-47af-8c76-3c3c65ca5919","ts":"2025-08-09T02:10:27.147-04:00","eventName":"n8n.workflow.started","message":"n8n.workflow.started","payload":{"executionId":"412","workflowId":"ucmiLmCdrb6FRZtp","isManual":false,"workflowName":"Daily English Chanllenge"}}
{"__type":"$$EventMessageConfirm","confirm":"4f2ce592-faaa-47af-8c76-3c3c65ca5919","ts":"2025-08-09T02:10:27.147-04:00","source":{"id":"0","name":"eventBus"}}
{"__type":"$$EventMessageNode","id":"bcc425cc-650c-475e-b4b0-c68dee58d352","ts":"2025-08-09T02:10:27.147-04:00","eventName":"n8n.node.started","message":"n8n.node.started","payload":{"workflowId":"ucmiLmCdrb6FRZtp","workflowName":"Daily English Chanllenge","executionId":"412","nodeType":"n8n-nodes-base.scheduleTrigger","nodeName":"Schedule Trigger","nodeId":"b8cbe0d9-a14c-4dcb-a457-0fbc84e2f208"}}
{"__type":"$$EventMessageConfirm","confirm":"bcc425cc-650c-475e-b4b0-c68dee58d352","ts":"2025-08-09T02:10:27.147-04:00","source":{"id":"0","name":"eventBus"}}
{"__type":"$$EventMessageNode","id":"4cb4881f-621c-4ec1-a397-8a07ac2229eb","ts":"2025-08-09T02:10:27.148-04:00","eventName":"n8n.node.finished","message":"n8n.node.finished","payload":{"workflowId":"ucmiLmCdrb6FRZtp","workflowName":"Daily English Chanllenge","executionId":"412","nodeType":"n8n-nodes-base.scheduleTrigger","nodeName":"Schedule Trigger","nodeId":"b8cbe0d9-a14c-4dcb-a457-0fbc84e2f208"}}
{"__type":"$$EventMessageConfirm","confirm":"4cb4881f-621c-4ec1-a397-8a07ac2229eb","ts":"2025-08-09T02:10:27.148-04:00","source":{"id":"0","name":"eventBus"}}
{"__type":"$$EventMessageWorkflow","id":"8ed874e7-1378-4337-ab6d-9a6e61fdb1d6","ts":"2025-08-09T02:10:27.148-04:00","eventName":"n8n.workflow.success","message":"n8n.workflow.success","payload":{"executionId":"412","success":true,"isManual":false,"workflowId":"ucmiLmCdrb6FRZtp","workflowName":"Daily English Chanllenge"}}
{"__type":"$$EventMessageConfirm","confirm":"8ed874e7-1378-4337-ab6d-9a6e61fdb1d6","ts":"2025-08-09T02:10:27.148-04:00","source":{"id":"0","name":"eventBus"}}
{"__type":"$$EventMessageWorkflow","id":"effb8a6c-b714-43ca-9ffd-48c67d0b4b49","ts":"2025-08-09T02:12:57.313-04:00","eventName":"n8n.workflow.started","message":"n8n.workflow.started","payload":{"executionId":"413","workflowId":"ISDPRZkXm3miWmK7","isManual":false,"workflowName":"My workflow"}}
{"__type":"$$EventMessageConfirm","confirm":"effb8a6c-b714-43ca-9ffd-48c67d0b4b49","ts":"2025-08-09T02:12:57.314-04:00","source":{"id":"0","name":"eventBus"}}
{"__type":"$$EventMessageNode","id":"9ce1d38b-eec0-44f3-be63-6037f7132b16","ts":"2025-08-09T02:12:57.314-04:00","eventName":"n8n.node.started","message":"n8n.node.started","payload":{"workflowId":"ISDPRZkXm3miWmK7","workflowName":"My workflow","executionId":"413","nodeType":"n8n-nodes-base.webhook","nodeName":"Webhook","nodeId":"59662c2c-f8e2-4385-83be-e61de488ce47"}}
{"__type":"$$EventMessageConfirm","confirm":"9ce1d38b-eec0-44f3-be63-6037f7132b16","ts":"2025-08-09T02:12:57.314-04:00","source":{"id":"0","name":"eventBus"}}
{"__type":"$$EventMessageNode","id":"656786b5-bbed-47bd-ab46-869ba375ea54","ts":"2025-08-09T02:12:57.314-04:00","eventName":"n8n.node.finished","message":"n8n.node.finished","payload":{"workflowId":"ISDPRZkXm3miWmK7","workflowName":"My workflow","executionId":"413","nodeType":"n8n-nodes-base.webhook","nodeName":"Webhook","nodeId":"59662c2c-f8e2-4385-83be-e61de488ce47"}}
{"__type":"$$EventMessageConfirm","confirm":"656786b5-bbed-47bd-ab46-869ba375ea54","ts":"2025-08-09T02:12:57.314-04:00","source":{"id":"0","name":"eventBus"}}
{"__type":"$$EventMessageWorkflow","id":"16a1ef06-fc9e-448b-904f-ac02e7e97339","ts":"2025-08-09T02:12:57.315-04:00","eventName":"n8n.workflow.success","message":"n8n.workflow.success","payload":{"executionId":"413","success":true,"isManual":true,"workflowId":"ISDPRZkXm3miWmK7","workflowName":"My workflow"}}
{"__type":"$$EventMessageConfirm","confirm":"16a1ef06-fc9e-448b-904f-ac02e7e97339","ts":"2025-08-09T02:12:57.316-04:00","source":{"id":"0","name":"eventBus"}}
{"__type":"$$EventMessageWorkflow","id":"df15e950-ec8e-48b4-aef8-7ca39f96c2f2","ts":"2025-08-09T02:15:27.264-04:00","eventName":"n8n.workflow.started","message":"n8n.workflow.started","payload":{"executionId":"414","workflowId":"ucmiLmCdrb6FRZtp","isManual":false,"workflowName":"Daily English Chanllenge"}}
{"__type":"$$EventMessageConfirm","confirm":"df15e950-ec8e-48b4-aef8-7ca39f96c2f2","ts":"2025-08-09T02:15:27.264-04:00","source":{"id":"0","name":"eventBus"}}
{"__type":"$$EventMessageNode","id":"3ef5602c-d16d-47eb-bdec-8130827c43b6","ts":"2025-08-09T02:15:27.264-04:00","eventName":"n8n.node.started","message":"n8n.node.started","payload":{"workflowId":"ucmiLmCdrb6FRZtp","workflowName":"Daily English Chanllenge","executionId":"414","nodeType":"n8n-nodes-base.scheduleTrigger","nodeName":"Schedule Trigger","nodeId":"b8cbe0d9-a14c-4dcb-a457-0fbc84e2f208"}}
{"__type":"$$EventMessageConfirm","confirm":"3ef5602c-d16d-47eb-bdec-8130827c43b6","ts":"2025-08-09T02:15:27.264-04:00","source":{"id":"0","name":"eventBus"}}
{"__type":"$$EventMessageNode","id":"0aa41ce6-81cb-4092-aea6-596d7f89e5bf","ts":"2025-08-09T02:15:27.264-04:00","eventName":"n8n.node.finished","message":"n8n.node.finished","payload":{"workflowId":"ucmiLmCdrb6FRZtp","workflowName":"Daily English Chanllenge","executionId":"414","nodeType":"n8n-nodes-base.scheduleTrigger","nodeName":"Schedule Trigger","nodeId":"b8cbe0d9-a14c-4dcb-a457-0fbc84e2f208"}}
{"__type":"$$EventMessageConfirm","confirm":"0aa41ce6-81cb-4092-aea6-596d7f89e5bf","ts":"2025-08-09T02:15:27.264-04:00","source":{"id":"0","name":"eventBus"}}
{"__type":"$$EventMessageWorkflow","id":"2e6ca92a-8658-4de4-8844-d3fe68eadc54","ts":"2025-08-09T02:15:27.264-04:00","eventName":"n8n.workflow.success","message":"n8n.workflow.success","payload":{"executionId":"414","success":true,"isManual":false,"workflowId":"ucmiLmCdrb6FRZtp","workflowName":"Daily English Chanllenge"}}
{"__type":"$$EventMessageConfirm","confirm":"2e6ca92a-8658-4de4-8844-d3fe68eadc54","ts":"2025-08-09T02:15:27.264-04:00","source":{"id":"0","name":"eventBus"}}
{"__type":"$$EventMessageWorkflow","id":"34dec706-c9e8-402b-960d-3462ce7eac4d","ts":"2025-08-09T02:20:27.164-04:00","eventName":"n8n.workflow.started","message":"n8n.workflow.started","payload":{"executionId":"415","workflowId":"ucmiLmCdrb6FRZtp","isManual":false,"workflowName":"Daily English Chanllenge"}}
{"__type":"$$EventMessageConfirm","confirm":"34dec706-c9e8-402b-960d-3462ce7eac4d","ts":"2025-08-09T02:20:27.164-04:00","source":{"id":"0","name":"eventBus"}}
{"__type":"$$EventMessageNode","id":"25e65edf-7d11-4ebf-be1d-9f9e8391731e","ts":"2025-08-09T02:20:27.164-04:00","eventName":"n8n.node.started","message":"n8n.node.started","payload":{"workflowId":"ucmiLmCdrb6FRZtp","workflowName":"Daily English Chanllenge","executionId":"415","nodeType":"n8n-nodes-base.scheduleTrigger","nodeName":"Schedule Trigger","nodeId":"b8cbe0d9-a14c-4dcb-a457-0fbc84e2f208"}}
{"__type":"$$EventMessageConfirm","confirm":"25e65edf-7d11-4ebf-be1d-9f9e8391731e","ts":"2025-08-09T02:20:27.164-04:00","source":{"id":"0","name":"eventBus"}}
{"__type":"$$EventMessageNode","id":"50da6b1f-b8f2-4f09-a132-2fd171a08760","ts":"2025-08-09T02:20:27.164-04:00","eventName":"n8n.node.finished","message":"n8n.node.finished","payload":{"workflowId":"ucmiLmCdrb6FRZtp","workflowName":"Daily English Chanllenge","executionId":"415","nodeType":"n8n-nodes-base.scheduleTrigger","nodeName":"Schedule Trigger","nodeId":"b8cbe0d9-a14c-4dcb-a457-0fbc84e2f208"}}
{"__type":"$$EventMessageConfirm","confirm":"50da6b1f-b8f2-4f09-a132-2fd171a08760","ts":"2025-08-09T02:20:27.164-04:00","source":{"id":"0","name":"eventBus"}}
{"__type":"$$EventMessageWorkflow","id":"ba9ed92d-d42b-4bc7-8b8b-1364a3014100","ts":"2025-08-09T02:20:27.164-04:00","eventName":"n8n.workflow.success","message":"n8n.workflow.success","payload":{"executionId":"415","success":true,"isManual":false,"workflowId":"ucmiLmCdrb6FRZtp","workflowName":"Daily English Chanllenge"}}
{"__type":"$$EventMessageConfirm","confirm":"ba9ed92d-d42b-4bc7-8b8b-1364a3014100","ts":"2025-08-09T02:20:27.164-04:00","source":{"id":"0","name":"eventBus"}}
