{"__type":"$$EventMessageWorkflow","id":"e7ac7dd7-4c70-4ed8-985c-7471cea39fd7","ts":"2025-08-08T15:03:51.546+00:00","eventName":"n8n.workflow.started","message":"n8n.workflow.started","payload":{"executionId":"104","workflowId":"ISDPRZkXm3miWmK7","isManual":false,"workflowName":"My workflow"}}
{"__type":"$$EventMessageConfirm","confirm":"e7ac7dd7-4c70-4ed8-985c-7471cea39fd7","ts":"2025-08-08T15:03:51.547+00:00","source":{"id":"0","name":"eventBus"}}
{"__type":"$$EventMessageNode","id":"7b1f1fe1-3743-4af3-becf-8864e462640c","ts":"2025-08-08T15:03:51.552+00:00","eventName":"n8n.node.started","message":"n8n.node.started","payload":{"workflowId":"ISDPRZkXm3miWmK7","workflowName":"My workflow","executionId":"104","nodeType":"n8n-nodes-base.cron","nodeName":"Start Daily Trigger","nodeId":"12db43fb-0c8d-4131-b365-066e88a50b54"}}
{"__type":"$$EventMessageConfirm","confirm":"7b1f1fe1-3743-4af3-becf-8864e462640c","ts":"2025-08-08T15:03:51.552+00:00","source":{"id":"0","name":"eventBus"}}
{"__type":"$$EventMessageNode","id":"1a97b211-3ad4-409b-a171-01c25e98ba47","ts":"2025-08-08T15:03:51.565+00:00","eventName":"n8n.node.finished","message":"n8n.node.finished","payload":{"workflowId":"ISDPRZkXm3miWmK7","workflowName":"My workflow","executionId":"104","nodeType":"n8n-nodes-base.cron","nodeName":"Start Daily Trigger","nodeId":"12db43fb-0c8d-4131-b365-066e88a50b54"}}
{"__type":"$$EventMessageConfirm","confirm":"1a97b211-3ad4-409b-a171-01c25e98ba47","ts":"2025-08-08T15:03:51.566+00:00","source":{"id":"0","name":"eventBus"}}
{"__type":"$$EventMessageNode","id":"c577353a-fd80-4d87-9443-a5eba493f7b2","ts":"2025-08-08T15:03:51.566+00:00","eventName":"n8n.node.started","message":"n8n.node.started","payload":{"workflowId":"ISDPRZkXm3miWmK7","workflowName":"My workflow","executionId":"104","nodeType":"n8n-nodes-base.httpRequest","nodeName":"Get English Words","nodeId":"3d67fd4e-5d33-4268-b975-a0b877d66938"}}
{"__type":"$$EventMessageConfirm","confirm":"c577353a-fd80-4d87-9443-a5eba493f7b2","ts":"2025-08-08T15:03:51.566+00:00","source":{"id":"0","name":"eventBus"}}
{"__type":"$$EventMessageNode","id":"ff0a3020-cb71-42b4-a2bb-1121ab7b4600","ts":"2025-08-08T15:03:53.372+00:00","eventName":"n8n.node.finished","message":"n8n.node.finished","payload":{"workflowId":"ISDPRZkXm3miWmK7","workflowName":"My workflow","executionId":"104","nodeType":"n8n-nodes-base.httpRequest","nodeName":"Get English Words","nodeId":"3d67fd4e-5d33-4268-b975-a0b877d66938"}}
{"__type":"$$EventMessageConfirm","confirm":"ff0a3020-cb71-42b4-a2bb-1121ab7b4600","ts":"2025-08-08T15:03:53.373+00:00","source":{"id":"0","name":"eventBus"}}
{"__type":"$$EventMessageWorkflow","id":"d11c8c5b-7c9a-4afe-a39e-a9adcbc71f13","ts":"2025-08-08T15:03:53.376+00:00","eventName":"n8n.workflow.failed","message":"n8n.workflow.failed","payload":{"userId":"b47d0fb1-3e65-4518-89af-453857c6bc55","executionId":"104","success":false,"isManual":true,"workflowId":"ISDPRZkXm3miWmK7","workflowName":"My workflow","lastNodeExecuted":"Get English Words","errorNodeType":"n8n-nodes-base.httpRequest","errorMessage":"The resource you are requesting could not be found"}}
{"__type":"$$EventMessageConfirm","confirm":"d11c8c5b-7c9a-4afe-a39e-a9adcbc71f13","ts":"2025-08-08T15:03:53.376+00:00","source":{"id":"0","name":"eventBus"}}
{"__type":"$$EventMessageWorkflow","id":"cfb6e3a6-37aa-4346-bbe5-41054d585e3d","ts":"2025-08-08T11:05:31.113-04:00","eventName":"n8n.workflow.started","message":"n8n.workflow.started","payload":{"executionId":"105","workflowId":"ucmiLmCdrb6FRZtp","isManual":false,"workflowName":"Daily English Chanllenge"}}
{"__type":"$$EventMessageConfirm","confirm":"cfb6e3a6-37aa-4346-bbe5-41054d585e3d","ts":"2025-08-08T11:05:31.113-04:00","source":{"id":"0","name":"eventBus"}}
{"__type":"$$EventMessageNode","id":"c70ee018-2346-477b-8677-9a0eea796903","ts":"2025-08-08T11:05:31.114-04:00","eventName":"n8n.node.started","message":"n8n.node.started","payload":{"workflowId":"ucmiLmCdrb6FRZtp","workflowName":"Daily English Chanllenge","executionId":"105","nodeType":"n8n-nodes-base.scheduleTrigger","nodeName":"Schedule Trigger","nodeId":"b8cbe0d9-a14c-4dcb-a457-0fbc84e2f208"}}
{"__type":"$$EventMessageConfirm","confirm":"c70ee018-2346-477b-8677-9a0eea796903","ts":"2025-08-08T11:05:31.114-04:00","source":{"id":"0","name":"eventBus"}}
{"__type":"$$EventMessageNode","id":"47109c83-b2b0-4e29-b31e-4280045508b7","ts":"2025-08-08T11:05:31.114-04:00","eventName":"n8n.node.finished","message":"n8n.node.finished","payload":{"workflowId":"ucmiLmCdrb6FRZtp","workflowName":"Daily English Chanllenge","executionId":"105","nodeType":"n8n-nodes-base.scheduleTrigger","nodeName":"Schedule Trigger","nodeId":"b8cbe0d9-a14c-4dcb-a457-0fbc84e2f208"}}
{"__type":"$$EventMessageConfirm","confirm":"47109c83-b2b0-4e29-b31e-4280045508b7","ts":"2025-08-08T11:05:31.114-04:00","source":{"id":"0","name":"eventBus"}}
{"__type":"$$EventMessageWorkflow","id":"f5cdc899-3917-4fbd-aadd-2cc711484e0e","ts":"2025-08-08T11:05:31.114-04:00","eventName":"n8n.workflow.success","message":"n8n.workflow.success","payload":{"executionId":"105","success":true,"isManual":false,"workflowId":"ucmiLmCdrb6FRZtp","workflowName":"Daily English Chanllenge"}}
{"__type":"$$EventMessageConfirm","confirm":"f5cdc899-3917-4fbd-aadd-2cc711484e0e","ts":"2025-08-08T11:05:31.114-04:00","source":{"id":"0","name":"eventBus"}}
{"__type":"$$EventMessageAudit","id":"e63e63ee-6f6c-4152-a5cd-57f53ef504c2","ts":"2025-08-08T11:05:31.501-04:00","eventName":"n8n.audit.user.credentials.deleted","message":"n8n.audit.user.credentials.deleted","payload":{"userId":"b47d0fb1-3e65-4518-89af-453857c6bc55","_email":"i.jinnawat024@gmail.com","_firstName":"Jinnawat","_lastName":"inyim","globalRole":"global:owner","credentialType":"openRouterApi","credentialId":"ksQyB2R2w5KaxT4u"}}
{"__type":"$$EventMessageConfirm","confirm":"e63e63ee-6f6c-4152-a5cd-57f53ef504c2","ts":"2025-08-08T11:05:31.502-04:00","source":{"id":"0","name":"eventBus"}}
{"__type":"$$EventMessageAudit","id":"36bceaea-53b1-42c3-8a03-241aa8eb45e1","ts":"2025-08-08T11:06:17.844-04:00","eventName":"n8n.audit.workflow.updated","message":"n8n.audit.workflow.updated","payload":{"userId":"b47d0fb1-3e65-4518-89af-453857c6bc55","_email":"i.jinnawat024@gmail.com","_firstName":"Jinnawat","_lastName":"inyim","globalRole":"global:owner","workflowId":"ISDPRZkXm3miWmK7","workflowName":"My workflow"}}
{"__type":"$$EventMessageConfirm","confirm":"36bceaea-53b1-42c3-8a03-241aa8eb45e1","ts":"2025-08-08T11:06:17.844-04:00","source":{"id":"0","name":"eventBus"}}
{"__type":"$$EventMessageAudit","id":"185d40f1-bb55-4aea-a5a9-185efd702b34","ts":"2025-08-08T11:06:18.284-04:00","eventName":"n8n.audit.workflow.updated","message":"n8n.audit.workflow.updated","payload":{"userId":"b47d0fb1-3e65-4518-89af-453857c6bc55","_email":"i.jinnawat024@gmail.com","_firstName":"Jinnawat","_lastName":"inyim","globalRole":"global:owner","workflowId":"ISDPRZkXm3miWmK7","workflowName":"My workflow"}}
{"__type":"$$EventMessageConfirm","confirm":"185d40f1-bb55-4aea-a5a9-185efd702b34","ts":"2025-08-08T11:06:18.284-04:00","source":{"id":"0","name":"eventBus"}}
{"__type":"$$EventMessageWorkflow","id":"2a7a2692-14b7-450d-a7fe-5f2abcc3d61a","ts":"2025-08-08T11:06:20.093-04:00","eventName":"n8n.workflow.started","message":"n8n.workflow.started","payload":{"executionId":"106","workflowId":"ISDPRZkXm3miWmK7","isManual":false,"workflowName":"My workflow"}}
{"__type":"$$EventMessageConfirm","confirm":"2a7a2692-14b7-450d-a7fe-5f2abcc3d61a","ts":"2025-08-08T11:06:20.093-04:00","source":{"id":"0","name":"eventBus"}}
{"__type":"$$EventMessageNode","id":"fcbe9337-1c52-45b6-844c-a1d9bad4a351","ts":"2025-08-08T11:06:20.094-04:00","eventName":"n8n.node.started","message":"n8n.node.started","payload":{"workflowId":"ISDPRZkXm3miWmK7","workflowName":"My workflow","executionId":"106","nodeType":"n8n-nodes-base.cron","nodeName":"Start Daily Trigger","nodeId":"12db43fb-0c8d-4131-b365-066e88a50b54"}}
{"__type":"$$EventMessageConfirm","confirm":"fcbe9337-1c52-45b6-844c-a1d9bad4a351","ts":"2025-08-08T11:06:20.094-04:00","source":{"id":"0","name":"eventBus"}}
{"__type":"$$EventMessageNode","id":"8b47e708-4d78-40b2-8076-e0ebfe268568","ts":"2025-08-08T11:06:20.097-04:00","eventName":"n8n.node.finished","message":"n8n.node.finished","payload":{"workflowId":"ISDPRZkXm3miWmK7","workflowName":"My workflow","executionId":"106","nodeType":"n8n-nodes-base.cron","nodeName":"Start Daily Trigger","nodeId":"12db43fb-0c8d-4131-b365-066e88a50b54"}}
{"__type":"$$EventMessageConfirm","confirm":"8b47e708-4d78-40b2-8076-e0ebfe268568","ts":"2025-08-08T11:06:20.098-04:00","source":{"id":"0","name":"eventBus"}}
{"__type":"$$EventMessageNode","id":"40c4f0d4-35e7-4b1a-af22-45ca96b22e53","ts":"2025-08-08T11:06:20.099-04:00","eventName":"n8n.node.started","message":"n8n.node.started","payload":{"workflowId":"ISDPRZkXm3miWmK7","workflowName":"My workflow","executionId":"106","nodeType":"n8n-nodes-base.httpRequest","nodeName":"Get English Words","nodeId":"3d67fd4e-5d33-4268-b975-a0b877d66938"}}
{"__type":"$$EventMessageConfirm","confirm":"40c4f0d4-35e7-4b1a-af22-45ca96b22e53","ts":"2025-08-08T11:06:20.099-04:00","source":{"id":"0","name":"eventBus"}}
{"__type":"$$EventMessageNode","id":"d1e09ba9-c6fc-4ce0-a394-60b172fb0d84","ts":"2025-08-08T11:06:22.443-04:00","eventName":"n8n.node.finished","message":"n8n.node.finished","payload":{"workflowId":"ISDPRZkXm3miWmK7","workflowName":"My workflow","executionId":"106","nodeType":"n8n-nodes-base.httpRequest","nodeName":"Get English Words","nodeId":"3d67fd4e-5d33-4268-b975-a0b877d66938"}}
{"__type":"$$EventMessageConfirm","confirm":"d1e09ba9-c6fc-4ce0-a394-60b172fb0d84","ts":"2025-08-08T11:06:22.443-04:00","source":{"id":"0","name":"eventBus"}}
{"__type":"$$EventMessageWorkflow","id":"49aae923-0842-4247-8f1b-0c9bd832da93","ts":"2025-08-08T11:06:22.444-04:00","eventName":"n8n.workflow.failed","message":"n8n.workflow.failed","payload":{"userId":"b47d0fb1-3e65-4518-89af-453857c6bc55","executionId":"106","success":false,"isManual":true,"workflowId":"ISDPRZkXm3miWmK7","workflowName":"My workflow","lastNodeExecuted":"Get English Words","errorNodeType":"n8n-nodes-base.httpRequest","errorMessage":"Payment required - perhaps check your payment details?"}}
{"__type":"$$EventMessageConfirm","confirm":"49aae923-0842-4247-8f1b-0c9bd832da93","ts":"2025-08-08T11:06:22.444-04:00","source":{"id":"0","name":"eventBus"}}
{"__type":"$$EventMessageWorkflow","id":"6ceba6b0-b564-4c14-ad4a-7bc681700b6c","ts":"2025-08-08T11:08:56.985-04:00","eventName":"n8n.workflow.started","message":"n8n.workflow.started","payload":{"executionId":"107","workflowId":"ISDPRZkXm3miWmK7","isManual":false,"workflowName":"My workflow"}}
{"__type":"$$EventMessageConfirm","confirm":"6ceba6b0-b564-4c14-ad4a-7bc681700b6c","ts":"2025-08-08T11:08:56.986-04:00","source":{"id":"0","name":"eventBus"}}
{"__type":"$$EventMessageNode","id":"35414018-84de-4885-8fdf-7e6b1a1a1643","ts":"2025-08-08T11:08:56.986-04:00","eventName":"n8n.node.started","message":"n8n.node.started","payload":{"workflowId":"ISDPRZkXm3miWmK7","workflowName":"My workflow","executionId":"107","nodeType":"n8n-nodes-base.httpRequest","nodeName":"Get English Words","nodeId":"3d67fd4e-5d33-4268-b975-a0b877d66938"}}
{"__type":"$$EventMessageConfirm","confirm":"35414018-84de-4885-8fdf-7e6b1a1a1643","ts":"2025-08-08T11:08:56.986-04:00","source":{"id":"0","name":"eventBus"}}
{"__type":"$$EventMessageNode","id":"218e62dd-eb7b-4f67-93a5-188707a2e478","ts":"2025-08-08T11:08:57.908-04:00","eventName":"n8n.node.finished","message":"n8n.node.finished","payload":{"workflowId":"ISDPRZkXm3miWmK7","workflowName":"My workflow","executionId":"107","nodeType":"n8n-nodes-base.httpRequest","nodeName":"Get English Words","nodeId":"3d67fd4e-5d33-4268-b975-a0b877d66938"}}
{"__type":"$$EventMessageConfirm","confirm":"218e62dd-eb7b-4f67-93a5-188707a2e478","ts":"2025-08-08T11:08:57.909-04:00","source":{"id":"0","name":"eventBus"}}
{"__type":"$$EventMessageWorkflow","id":"53e986a4-9f5d-4d21-bd05-a58944b56a73","ts":"2025-08-08T11:08:57.911-04:00","eventName":"n8n.workflow.failed","message":"n8n.workflow.failed","payload":{"userId":"b47d0fb1-3e65-4518-89af-453857c6bc55","executionId":"107","success":false,"isManual":true,"workflowId":"ISDPRZkXm3miWmK7","workflowName":"My workflow","lastNodeExecuted":"Get English Words","errorNodeType":"n8n-nodes-base.httpRequest","errorMessage":"Payment required - perhaps check your payment details?"}}
{"__type":"$$EventMessageConfirm","confirm":"53e986a4-9f5d-4d21-bd05-a58944b56a73","ts":"2025-08-08T11:08:57.911-04:00","source":{"id":"0","name":"eventBus"}}
{"__type":"$$EventMessageAudit","id":"022c7fbf-1918-4f82-ae8d-6ca9887364e0","ts":"2025-08-08T11:09:35.285-04:00","eventName":"n8n.audit.workflow.updated","message":"n8n.audit.workflow.updated","payload":{"userId":"b47d0fb1-3e65-4518-89af-453857c6bc55","_email":"i.jinnawat024@gmail.com","_firstName":"Jinnawat","_lastName":"inyim","globalRole":"global:owner","workflowId":"ISDPRZkXm3miWmK7","workflowName":"My workflow"}}
{"__type":"$$EventMessageConfirm","confirm":"022c7fbf-1918-4f82-ae8d-6ca9887364e0","ts":"2025-08-08T11:09:35.285-04:00","source":{"id":"0","name":"eventBus"}}
{"__type":"$$EventMessageAudit","id":"577fbccf-86c9-4275-aa06-f9981cdd8cc6","ts":"2025-08-08T11:09:35.289-04:00","eventName":"n8n.audit.workflow.updated","message":"n8n.audit.workflow.updated","payload":{"userId":"b47d0fb1-3e65-4518-89af-453857c6bc55","_email":"i.jinnawat024@gmail.com","_firstName":"Jinnawat","_lastName":"inyim","globalRole":"global:owner","workflowId":"ISDPRZkXm3miWmK7","workflowName":"My workflow"}}
{"__type":"$$EventMessageConfirm","confirm":"577fbccf-86c9-4275-aa06-f9981cdd8cc6","ts":"2025-08-08T11:09:35.289-04:00","source":{"id":"0","name":"eventBus"}}
{"__type":"$$EventMessageWorkflow","id":"628c82e5-4928-48dd-9095-60bc986d5efa","ts":"2025-08-08T11:09:37.193-04:00","eventName":"n8n.workflow.started","message":"n8n.workflow.started","payload":{"executionId":"108","workflowId":"ISDPRZkXm3miWmK7","isManual":false,"workflowName":"My workflow"}}
{"__type":"$$EventMessageConfirm","confirm":"628c82e5-4928-48dd-9095-60bc986d5efa","ts":"2025-08-08T11:09:37.193-04:00","source":{"id":"0","name":"eventBus"}}
{"__type":"$$EventMessageNode","id":"bdc2bdaa-c869-4193-8281-7bcb64900cc1","ts":"2025-08-08T11:09:37.194-04:00","eventName":"n8n.node.started","message":"n8n.node.started","payload":{"workflowId":"ISDPRZkXm3miWmK7","workflowName":"My workflow","executionId":"108","nodeType":"n8n-nodes-base.httpRequest","nodeName":"Get English Words","nodeId":"3d67fd4e-5d33-4268-b975-a0b877d66938"}}
{"__type":"$$EventMessageConfirm","confirm":"bdc2bdaa-c869-4193-8281-7bcb64900cc1","ts":"2025-08-08T11:09:37.194-04:00","source":{"id":"0","name":"eventBus"}}
{"__type":"$$EventMessageNode","id":"ffe11ae5-04c1-432f-8b69-45ffe708f28b","ts":"2025-08-08T11:09:42.247-04:00","eventName":"n8n.node.finished","message":"n8n.node.finished","payload":{"workflowId":"ISDPRZkXm3miWmK7","workflowName":"My workflow","executionId":"108","nodeType":"n8n-nodes-base.httpRequest","nodeName":"Get English Words","nodeId":"3d67fd4e-5d33-4268-b975-a0b877d66938"}}
{"__type":"$$EventMessageConfirm","confirm":"ffe11ae5-04c1-432f-8b69-45ffe708f28b","ts":"2025-08-08T11:09:42.247-04:00","source":{"id":"0","name":"eventBus"}}
{"__type":"$$EventMessageWorkflow","id":"fe0ebeb7-8f4e-4d50-810c-f05f00a93c5d","ts":"2025-08-08T11:09:42.249-04:00","eventName":"n8n.workflow.success","message":"n8n.workflow.success","payload":{"userId":"b47d0fb1-3e65-4518-89af-453857c6bc55","executionId":"108","success":true,"isManual":true,"workflowId":"ISDPRZkXm3miWmK7","workflowName":"My workflow"}}
{"__type":"$$EventMessageConfirm","confirm":"fe0ebeb7-8f4e-4d50-810c-f05f00a93c5d","ts":"2025-08-08T11:09:42.249-04:00","source":{"id":"0","name":"eventBus"}}
{"__type":"$$EventMessageWorkflow","id":"2e22684a-471f-483e-a97d-a241b24ba9e7","ts":"2025-08-08T11:10:09.757-04:00","eventName":"n8n.workflow.started","message":"n8n.workflow.started","payload":{"executionId":"109","workflowId":"ISDPRZkXm3miWmK7","isManual":false,"workflowName":"My workflow"}}
{"__type":"$$EventMessageConfirm","confirm":"2e22684a-471f-483e-a97d-a241b24ba9e7","ts":"2025-08-08T11:10:09.757-04:00","source":{"id":"0","name":"eventBus"}}
{"__type":"$$EventMessageNode","id":"2ab28b6f-0e4e-494d-915e-d2dcd9b2456b","ts":"2025-08-08T11:10:09.757-04:00","eventName":"n8n.node.started","message":"n8n.node.started","payload":{"workflowId":"ISDPRZkXm3miWmK7","workflowName":"My workflow","executionId":"109","nodeType":"n8n-nodes-base.cron","nodeName":"Start Daily Trigger","nodeId":"12db43fb-0c8d-4131-b365-066e88a50b54"}}
{"__type":"$$EventMessageConfirm","confirm":"2ab28b6f-0e4e-494d-915e-d2dcd9b2456b","ts":"2025-08-08T11:10:09.757-04:00","source":{"id":"0","name":"eventBus"}}
{"__type":"$$EventMessageNode","id":"58268670-1d09-4d83-8dfd-949342a3a722","ts":"2025-08-08T11:10:09.762-04:00","eventName":"n8n.node.finished","message":"n8n.node.finished","payload":{"workflowId":"ISDPRZkXm3miWmK7","workflowName":"My workflow","executionId":"109","nodeType":"n8n-nodes-base.cron","nodeName":"Start Daily Trigger","nodeId":"12db43fb-0c8d-4131-b365-066e88a50b54"}}
{"__type":"$$EventMessageConfirm","confirm":"58268670-1d09-4d83-8dfd-949342a3a722","ts":"2025-08-08T11:10:09.762-04:00","source":{"id":"0","name":"eventBus"}}
{"__type":"$$EventMessageNode","id":"1ca0d71b-5faa-4677-842f-bc8eed88528b","ts":"2025-08-08T11:10:09.762-04:00","eventName":"n8n.node.started","message":"n8n.node.started","payload":{"workflowId":"ISDPRZkXm3miWmK7","workflowName":"My workflow","executionId":"109","nodeType":"n8n-nodes-base.httpRequest","nodeName":"Get English Words","nodeId":"3d67fd4e-5d33-4268-b975-a0b877d66938"}}
{"__type":"$$EventMessageConfirm","confirm":"1ca0d71b-5faa-4677-842f-bc8eed88528b","ts":"2025-08-08T11:10:09.762-04:00","source":{"id":"0","name":"eventBus"}}
{"__type":"$$EventMessageNode","id":"82e9ff2a-9592-4aa7-982b-9d85afff1a7b","ts":"2025-08-08T11:10:16.495-04:00","eventName":"n8n.node.finished","message":"n8n.node.finished","payload":{"workflowId":"ISDPRZkXm3miWmK7","workflowName":"My workflow","executionId":"109","nodeType":"n8n-nodes-base.httpRequest","nodeName":"Get English Words","nodeId":"3d67fd4e-5d33-4268-b975-a0b877d66938"}}
{"__type":"$$EventMessageConfirm","confirm":"82e9ff2a-9592-4aa7-982b-9d85afff1a7b","ts":"2025-08-08T11:10:16.495-04:00","source":{"id":"0","name":"eventBus"}}
{"__type":"$$EventMessageNode","id":"d98e1dbd-b3a1-4eca-9bc2-53b11db1d0da","ts":"2025-08-08T11:10:16.496-04:00","eventName":"n8n.node.started","message":"n8n.node.started","payload":{"workflowId":"ISDPRZkXm3miWmK7","workflowName":"My workflow","executionId":"109","nodeType":"n8n-nodes-base.function","nodeName":"Filter Old Words","nodeId":"f007284a-e4a8-4c49-9bf8-36741f05fd6c"}}
{"__type":"$$EventMessageConfirm","confirm":"d98e1dbd-b3a1-4eca-9bc2-53b11db1d0da","ts":"2025-08-08T11:10:16.497-04:00","source":{"id":"0","name":"eventBus"}}
{"__type":"$$EventMessageNode","id":"dea82bc3-2bf9-4ab6-a36c-df88d83bab39","ts":"2025-08-08T11:10:16.520-04:00","eventName":"n8n.node.finished","message":"n8n.node.finished","payload":{"workflowId":"ISDPRZkXm3miWmK7","workflowName":"My workflow","executionId":"109","nodeType":"n8n-nodes-base.function","nodeName":"Filter Old Words","nodeId":"f007284a-e4a8-4c49-9bf8-36741f05fd6c"}}
{"__type":"$$EventMessageConfirm","confirm":"dea82bc3-2bf9-4ab6-a36c-df88d83bab39","ts":"2025-08-08T11:10:16.520-04:00","source":{"id":"0","name":"eventBus"}}
{"__type":"$$EventMessageWorkflow","id":"b9cc33df-bc31-4200-8e37-dedf3a5a60e1","ts":"2025-08-08T11:10:16.521-04:00","eventName":"n8n.workflow.success","message":"n8n.workflow.success","payload":{"userId":"b47d0fb1-3e65-4518-89af-453857c6bc55","executionId":"109","success":true,"isManual":true,"workflowId":"ISDPRZkXm3miWmK7","workflowName":"My workflow"}}
{"__type":"$$EventMessageConfirm","confirm":"b9cc33df-bc31-4200-8e37-dedf3a5a60e1","ts":"2025-08-08T11:10:16.521-04:00","source":{"id":"0","name":"eventBus"}}
{"__type":"$$EventMessageWorkflow","id":"689a7e21-5acc-444f-bc59-96f532da64f5","ts":"2025-08-08T11:10:31.149-04:00","eventName":"n8n.workflow.started","message":"n8n.workflow.started","payload":{"executionId":"110","workflowId":"ucmiLmCdrb6FRZtp","isManual":false,"workflowName":"Daily English Chanllenge"}}
{"__type":"$$EventMessageConfirm","confirm":"689a7e21-5acc-444f-bc59-96f532da64f5","ts":"2025-08-08T11:10:31.150-04:00","source":{"id":"0","name":"eventBus"}}
{"__type":"$$EventMessageNode","id":"c4a50dbe-e4cb-44e5-96e4-70e8363a2135","ts":"2025-08-08T11:10:31.150-04:00","eventName":"n8n.node.started","message":"n8n.node.started","payload":{"workflowId":"ucmiLmCdrb6FRZtp","workflowName":"Daily English Chanllenge","executionId":"110","nodeType":"n8n-nodes-base.scheduleTrigger","nodeName":"Schedule Trigger","nodeId":"b8cbe0d9-a14c-4dcb-a457-0fbc84e2f208"}}
{"__type":"$$EventMessageConfirm","confirm":"c4a50dbe-e4cb-44e5-96e4-70e8363a2135","ts":"2025-08-08T11:10:31.150-04:00","source":{"id":"0","name":"eventBus"}}
{"__type":"$$EventMessageNode","id":"e1041c03-2bf9-4928-9fdc-57aefa07ebed","ts":"2025-08-08T11:10:31.150-04:00","eventName":"n8n.node.finished","message":"n8n.node.finished","payload":{"workflowId":"ucmiLmCdrb6FRZtp","workflowName":"Daily English Chanllenge","executionId":"110","nodeType":"n8n-nodes-base.scheduleTrigger","nodeName":"Schedule Trigger","nodeId":"b8cbe0d9-a14c-4dcb-a457-0fbc84e2f208"}}
{"__type":"$$EventMessageConfirm","confirm":"e1041c03-2bf9-4928-9fdc-57aefa07ebed","ts":"2025-08-08T11:10:31.150-04:00","source":{"id":"0","name":"eventBus"}}
{"__type":"$$EventMessageWorkflow","id":"4ea7201e-f4cd-470b-9400-c908a3c19c51","ts":"2025-08-08T11:10:31.151-04:00","eventName":"n8n.workflow.success","message":"n8n.workflow.success","payload":{"executionId":"110","success":true,"isManual":false,"workflowId":"ucmiLmCdrb6FRZtp","workflowName":"Daily English Chanllenge"}}
{"__type":"$$EventMessageConfirm","confirm":"4ea7201e-f4cd-470b-9400-c908a3c19c51","ts":"2025-08-08T11:10:31.151-04:00","source":{"id":"0","name":"eventBus"}}
{"__type":"$$EventMessageAudit","id":"b175550c-e57f-4e5c-9a9c-a540e4b8b59e","ts":"2025-08-08T11:10:55.263-04:00","eventName":"n8n.audit.user.credentials.created","message":"n8n.audit.user.credentials.created","payload":{"userId":"b47d0fb1-3e65-4518-89af-453857c6bc55","_email":"i.jinnawat024@gmail.com","_firstName":"Jinnawat","_lastName":"inyim","globalRole":"global:owner","credentialType":"httpHeaderAuth","credentialId":"utWBYQqWpjddLDeW","publicApi":false,"projectId":"cb3TqwLN5tX0D5BT","projectType":"personal"}}
{"__type":"$$EventMessageConfirm","confirm":"b175550c-e57f-4e5c-9a9c-a540e4b8b59e","ts":"2025-08-08T11:10:55.263-04:00","source":{"id":"0","name":"eventBus"}}
{"__type":"$$EventMessageWorkflow","id":"a01b5898-3fe7-4181-b896-9128a99c9f8b","ts":"2025-08-08T11:11:03.404-04:00","eventName":"n8n.workflow.started","message":"n8n.workflow.started","payload":{"executionId":"111","workflowId":"ISDPRZkXm3miWmK7","isManual":false,"workflowName":"My workflow"}}
{"__type":"$$EventMessageConfirm","confirm":"a01b5898-3fe7-4181-b896-9128a99c9f8b","ts":"2025-08-08T11:11:03.404-04:00","source":{"id":"0","name":"eventBus"}}
{"__type":"$$EventMessageWorkflow","id":"87775799-47fd-43d8-a739-a28011b476f2","ts":"2025-08-08T11:11:03.406-04:00","eventName":"n8n.workflow.success","message":"n8n.workflow.success","payload":{"userId":"b47d0fb1-3e65-4518-89af-453857c6bc55","executionId":"111","success":true,"isManual":true,"workflowId":"ISDPRZkXm3miWmK7","workflowName":"My workflow"}}
{"__type":"$$EventMessageConfirm","confirm":"87775799-47fd-43d8-a739-a28011b476f2","ts":"2025-08-08T11:11:03.406-04:00","source":{"id":"0","name":"eventBus"}}
{"__type":"$$EventMessageWorkflow","id":"12ba8935-d157-4c7b-9129-b1b536d4545a","ts":"2025-08-08T11:11:05.767-04:00","eventName":"n8n.workflow.started","message":"n8n.workflow.started","payload":{"executionId":"112","workflowId":"ISDPRZkXm3miWmK7","isManual":false,"workflowName":"My workflow"}}
{"__type":"$$EventMessageConfirm","confirm":"12ba8935-d157-4c7b-9129-b1b536d4545a","ts":"2025-08-08T11:11:05.768-04:00","source":{"id":"0","name":"eventBus"}}
{"__type":"$$EventMessageNode","id":"00f6f41c-1c91-4ce7-afd1-bdee958838b4","ts":"2025-08-08T11:11:05.768-04:00","eventName":"n8n.node.started","message":"n8n.node.started","payload":{"workflowId":"ISDPRZkXm3miWmK7","workflowName":"My workflow","executionId":"112","nodeType":"n8n-nodes-base.cron","nodeName":"Start Daily Trigger","nodeId":"12db43fb-0c8d-4131-b365-066e88a50b54"}}
{"__type":"$$EventMessageConfirm","confirm":"00f6f41c-1c91-4ce7-afd1-bdee958838b4","ts":"2025-08-08T11:11:05.768-04:00","source":{"id":"0","name":"eventBus"}}
{"__type":"$$EventMessageNode","id":"b3d48475-ec0c-40ea-a0fc-cbeb5a259db0","ts":"2025-08-08T11:11:05.773-04:00","eventName":"n8n.node.finished","message":"n8n.node.finished","payload":{"workflowId":"ISDPRZkXm3miWmK7","workflowName":"My workflow","executionId":"112","nodeType":"n8n-nodes-base.cron","nodeName":"Start Daily Trigger","nodeId":"12db43fb-0c8d-4131-b365-066e88a50b54"}}
{"__type":"$$EventMessageConfirm","confirm":"b3d48475-ec0c-40ea-a0fc-cbeb5a259db0","ts":"2025-08-08T11:11:05.773-04:00","source":{"id":"0","name":"eventBus"}}
{"__type":"$$EventMessageNode","id":"6e75cf89-11b4-4909-990c-3e26bfbc3875","ts":"2025-08-08T11:11:05.773-04:00","eventName":"n8n.node.started","message":"n8n.node.started","payload":{"workflowId":"ISDPRZkXm3miWmK7","workflowName":"My workflow","executionId":"112","nodeType":"n8n-nodes-base.httpRequest","nodeName":"Get English Words","nodeId":"3d67fd4e-5d33-4268-b975-a0b877d66938"}}
{"__type":"$$EventMessageConfirm","confirm":"6e75cf89-11b4-4909-990c-3e26bfbc3875","ts":"2025-08-08T11:11:05.773-04:00","source":{"id":"0","name":"eventBus"}}
{"__type":"$$EventMessageNode","id":"af335f70-bd96-4698-841a-fbfa7d4b2e34","ts":"2025-08-08T11:11:10.751-04:00","eventName":"n8n.node.finished","message":"n8n.node.finished","payload":{"workflowId":"ISDPRZkXm3miWmK7","workflowName":"My workflow","executionId":"112","nodeType":"n8n-nodes-base.httpRequest","nodeName":"Get English Words","nodeId":"3d67fd4e-5d33-4268-b975-a0b877d66938"}}
{"__type":"$$EventMessageConfirm","confirm":"af335f70-bd96-4698-841a-fbfa7d4b2e34","ts":"2025-08-08T11:11:10.751-04:00","source":{"id":"0","name":"eventBus"}}
{"__type":"$$EventMessageNode","id":"f79512a9-40c0-4047-b03f-0eeed4f74211","ts":"2025-08-08T11:11:10.752-04:00","eventName":"n8n.node.started","message":"n8n.node.started","payload":{"workflowId":"ISDPRZkXm3miWmK7","workflowName":"My workflow","executionId":"112","nodeType":"n8n-nodes-base.function","nodeName":"Filter Old Words","nodeId":"f007284a-e4a8-4c49-9bf8-36741f05fd6c"}}
{"__type":"$$EventMessageConfirm","confirm":"f79512a9-40c0-4047-b03f-0eeed4f74211","ts":"2025-08-08T11:11:10.752-04:00","source":{"id":"0","name":"eventBus"}}
{"__type":"$$EventMessageNode","id":"8de4fa87-e366-4f1d-9333-20378fdaa82d","ts":"2025-08-08T11:11:10.759-04:00","eventName":"n8n.node.finished","message":"n8n.node.finished","payload":{"workflowId":"ISDPRZkXm3miWmK7","workflowName":"My workflow","executionId":"112","nodeType":"n8n-nodes-base.function","nodeName":"Filter Old Words","nodeId":"f007284a-e4a8-4c49-9bf8-36741f05fd6c"}}
{"__type":"$$EventMessageConfirm","confirm":"8de4fa87-e366-4f1d-9333-20378fdaa82d","ts":"2025-08-08T11:11:10.759-04:00","source":{"id":"0","name":"eventBus"}}
{"__type":"$$EventMessageWorkflow","id":"7c1326f5-f99d-4e33-b979-1bf912162bc0","ts":"2025-08-08T11:11:10.762-04:00","eventName":"n8n.workflow.success","message":"n8n.workflow.success","payload":{"userId":"b47d0fb1-3e65-4518-89af-453857c6bc55","executionId":"112","success":true,"isManual":true,"workflowId":"ISDPRZkXm3miWmK7","workflowName":"My workflow"}}
{"__type":"$$EventMessageConfirm","confirm":"7c1326f5-f99d-4e33-b979-1bf912162bc0","ts":"2025-08-08T11:11:10.762-04:00","source":{"id":"0","name":"eventBus"}}
{"__type":"$$EventMessageWorkflow","id":"796317dc-2389-4f93-b655-7ed046988c02","ts":"2025-08-08T11:11:17.052-04:00","eventName":"n8n.workflow.started","message":"n8n.workflow.started","payload":{"executionId":"113","workflowId":"ISDPRZkXm3miWmK7","isManual":false,"workflowName":"My workflow"}}
{"__type":"$$EventMessageConfirm","confirm":"796317dc-2389-4f93-b655-7ed046988c02","ts":"2025-08-08T11:11:17.053-04:00","source":{"id":"0","name":"eventBus"}}
{"__type":"$$EventMessageWorkflow","id":"a09e8c96-e6f8-459d-a9e8-715b6eb9cb9e","ts":"2025-08-08T11:11:17.054-04:00","eventName":"n8n.workflow.success","message":"n8n.workflow.success","payload":{"userId":"b47d0fb1-3e65-4518-89af-453857c6bc55","executionId":"113","success":true,"isManual":true,"workflowId":"ISDPRZkXm3miWmK7","workflowName":"My workflow"}}
{"__type":"$$EventMessageConfirm","confirm":"a09e8c96-e6f8-459d-a9e8-715b6eb9cb9e","ts":"2025-08-08T11:11:17.055-04:00","source":{"id":"0","name":"eventBus"}}
{"__type":"$$EventMessageWorkflow","id":"cb4374cf-7b52-4b5d-961c-883b7becb708","ts":"2025-08-08T11:11:19.313-04:00","eventName":"n8n.workflow.started","message":"n8n.workflow.started","payload":{"executionId":"114","workflowId":"ISDPRZkXm3miWmK7","isManual":false,"workflowName":"My workflow"}}
{"__type":"$$EventMessageConfirm","confirm":"cb4374cf-7b52-4b5d-961c-883b7becb708","ts":"2025-08-08T11:11:19.313-04:00","source":{"id":"0","name":"eventBus"}}
{"__type":"$$EventMessageWorkflow","id":"2e071ab7-7955-430a-8ca4-b66e4e6b02b8","ts":"2025-08-08T11:11:19.315-04:00","eventName":"n8n.workflow.success","message":"n8n.workflow.success","payload":{"userId":"b47d0fb1-3e65-4518-89af-453857c6bc55","executionId":"114","success":true,"isManual":true,"workflowId":"ISDPRZkXm3miWmK7","workflowName":"My workflow"}}
{"__type":"$$EventMessageConfirm","confirm":"2e071ab7-7955-430a-8ca4-b66e4e6b02b8","ts":"2025-08-08T11:11:19.315-04:00","source":{"id":"0","name":"eventBus"}}
{"__type":"$$EventMessageWorkflow","id":"d2df58da-e270-457f-bafe-27ffe6ccc657","ts":"2025-08-08T11:11:50.652-04:00","eventName":"n8n.workflow.started","message":"n8n.workflow.started","payload":{"executionId":"115","workflowId":"ISDPRZkXm3miWmK7","isManual":false,"workflowName":"My workflow"}}
{"__type":"$$EventMessageConfirm","confirm":"d2df58da-e270-457f-bafe-27ffe6ccc657","ts":"2025-08-08T11:11:50.652-04:00","source":{"id":"0","name":"eventBus"}}
{"__type":"$$EventMessageWorkflow","id":"0c488199-1849-46e1-bf1a-afc3b376a20e","ts":"2025-08-08T11:11:50.654-04:00","eventName":"n8n.workflow.success","message":"n8n.workflow.success","payload":{"userId":"b47d0fb1-3e65-4518-89af-453857c6bc55","executionId":"115","success":true,"isManual":true,"workflowId":"ISDPRZkXm3miWmK7","workflowName":"My workflow"}}
{"__type":"$$EventMessageConfirm","confirm":"0c488199-1849-46e1-bf1a-afc3b376a20e","ts":"2025-08-08T11:11:50.655-04:00","source":{"id":"0","name":"eventBus"}}
{"__type":"$$EventMessageWorkflow","id":"121b11e2-ccbd-412e-a261-251f4dd0fdf3","ts":"2025-08-08T11:11:58.937-04:00","eventName":"n8n.workflow.started","message":"n8n.workflow.started","payload":{"executionId":"116","workflowId":"ISDPRZkXm3miWmK7","isManual":false,"workflowName":"My workflow"}}
{"__type":"$$EventMessageConfirm","confirm":"121b11e2-ccbd-412e-a261-251f4dd0fdf3","ts":"2025-08-08T11:11:58.937-04:00","source":{"id":"0","name":"eventBus"}}
{"__type":"$$EventMessageWorkflow","id":"2540a0f8-5434-482f-8ad0-e6ac49e198aa","ts":"2025-08-08T11:11:58.939-04:00","eventName":"n8n.workflow.success","message":"n8n.workflow.success","payload":{"userId":"b47d0fb1-3e65-4518-89af-453857c6bc55","executionId":"116","success":true,"isManual":true,"workflowId":"ISDPRZkXm3miWmK7","workflowName":"My workflow"}}
{"__type":"$$EventMessageConfirm","confirm":"2540a0f8-5434-482f-8ad0-e6ac49e198aa","ts":"2025-08-08T11:11:58.939-04:00","source":{"id":"0","name":"eventBus"}}
{"__type":"$$EventMessageWorkflow","id":"c64a6a48-719f-4bf4-b6e1-1426171324e9","ts":"2025-08-08T11:12:00.286-04:00","eventName":"n8n.workflow.started","message":"n8n.workflow.started","payload":{"executionId":"117","workflowId":"ISDPRZkXm3miWmK7","isManual":false,"workflowName":"My workflow"}}
{"__type":"$$EventMessageConfirm","confirm":"c64a6a48-719f-4bf4-b6e1-1426171324e9","ts":"2025-08-08T11:12:00.286-04:00","source":{"id":"0","name":"eventBus"}}
{"__type":"$$EventMessageWorkflow","id":"2ce0161a-8cdd-408e-aa5f-d3ba7f2d29f2","ts":"2025-08-08T11:12:00.288-04:00","eventName":"n8n.workflow.success","message":"n8n.workflow.success","payload":{"userId":"b47d0fb1-3e65-4518-89af-453857c6bc55","executionId":"117","success":true,"isManual":true,"workflowId":"ISDPRZkXm3miWmK7","workflowName":"My workflow"}}
{"__type":"$$EventMessageConfirm","confirm":"2ce0161a-8cdd-408e-aa5f-d3ba7f2d29f2","ts":"2025-08-08T11:12:00.288-04:00","source":{"id":"0","name":"eventBus"}}
{"__type":"$$EventMessageWorkflow","id":"8b30792f-57d3-428f-b9db-827bb8439db3","ts":"2025-08-08T11:12:31.984-04:00","eventName":"n8n.workflow.started","message":"n8n.workflow.started","payload":{"executionId":"118","workflowId":"ISDPRZkXm3miWmK7","isManual":false,"workflowName":"My workflow"}}
{"__type":"$$EventMessageConfirm","confirm":"8b30792f-57d3-428f-b9db-827bb8439db3","ts":"2025-08-08T11:12:31.984-04:00","source":{"id":"0","name":"eventBus"}}
{"__type":"$$EventMessageWorkflow","id":"2e9c69aa-75ce-4c28-99c7-fd62efea6697","ts":"2025-08-08T11:12:31.998-04:00","eventName":"n8n.workflow.success","message":"n8n.workflow.success","payload":{"userId":"b47d0fb1-3e65-4518-89af-453857c6bc55","executionId":"118","success":true,"isManual":true,"workflowId":"ISDPRZkXm3miWmK7","workflowName":"My workflow"}}
{"__type":"$$EventMessageConfirm","confirm":"2e9c69aa-75ce-4c28-99c7-fd62efea6697","ts":"2025-08-08T11:12:31.998-04:00","source":{"id":"0","name":"eventBus"}}
{"__type":"$$EventMessageWorkflow","id":"99055134-3ea9-4f1d-be1c-8018d1a7c795","ts":"2025-08-08T11:13:29.896-04:00","eventName":"n8n.workflow.started","message":"n8n.workflow.started","payload":{"executionId":"119","workflowId":"ISDPRZkXm3miWmK7","isManual":false,"workflowName":"My workflow"}}
{"__type":"$$EventMessageConfirm","confirm":"99055134-3ea9-4f1d-be1c-8018d1a7c795","ts":"2025-08-08T11:13:29.896-04:00","source":{"id":"0","name":"eventBus"}}
{"__type":"$$EventMessageWorkflow","id":"e19daf68-54a7-4010-a559-d936de532667","ts":"2025-08-08T11:13:29.898-04:00","eventName":"n8n.workflow.success","message":"n8n.workflow.success","payload":{"userId":"b47d0fb1-3e65-4518-89af-453857c6bc55","executionId":"119","success":true,"isManual":true,"workflowId":"ISDPRZkXm3miWmK7","workflowName":"My workflow"}}
{"__type":"$$EventMessageConfirm","confirm":"e19daf68-54a7-4010-a559-d936de532667","ts":"2025-08-08T11:13:29.898-04:00","source":{"id":"0","name":"eventBus"}}
{"__type":"$$EventMessageWorkflow","id":"b02e6c6c-375d-43c4-9b71-5418ab7b8f4a","ts":"2025-08-08T11:15:28.599-04:00","eventName":"n8n.workflow.started","message":"n8n.workflow.started","payload":{"executionId":"120","workflowId":"ISDPRZkXm3miWmK7","isManual":false,"workflowName":"My workflow"}}
{"__type":"$$EventMessageConfirm","confirm":"b02e6c6c-375d-43c4-9b71-5418ab7b8f4a","ts":"2025-08-08T11:15:28.600-04:00","source":{"id":"0","name":"eventBus"}}
{"__type":"$$EventMessageWorkflow","id":"04cdde22-c2cd-4048-b276-9e7dd003eb41","ts":"2025-08-08T11:15:28.601-04:00","eventName":"n8n.workflow.success","message":"n8n.workflow.success","payload":{"userId":"b47d0fb1-3e65-4518-89af-453857c6bc55","executionId":"120","success":true,"isManual":true,"workflowId":"ISDPRZkXm3miWmK7","workflowName":"My workflow"}}
{"__type":"$$EventMessageConfirm","confirm":"04cdde22-c2cd-4048-b276-9e7dd003eb41","ts":"2025-08-08T11:15:28.602-04:00","source":{"id":"0","name":"eventBus"}}
{"__type":"$$EventMessageWorkflow","id":"b605f2e4-e87a-47d9-8938-aa31ba9403b5","ts":"2025-08-08T11:15:31.077-04:00","eventName":"n8n.workflow.started","message":"n8n.workflow.started","payload":{"executionId":"121","workflowId":"ucmiLmCdrb6FRZtp","isManual":false,"workflowName":"Daily English Chanllenge"}}
{"__type":"$$EventMessageConfirm","confirm":"b605f2e4-e87a-47d9-8938-aa31ba9403b5","ts":"2025-08-08T11:15:31.077-04:00","source":{"id":"0","name":"eventBus"}}
{"__type":"$$EventMessageNode","id":"116b5d39-f0ba-428b-9c82-a4df339becf0","ts":"2025-08-08T11:15:31.077-04:00","eventName":"n8n.node.started","message":"n8n.node.started","payload":{"workflowId":"ucmiLmCdrb6FRZtp","workflowName":"Daily English Chanllenge","executionId":"121","nodeType":"n8n-nodes-base.scheduleTrigger","nodeName":"Schedule Trigger","nodeId":"b8cbe0d9-a14c-4dcb-a457-0fbc84e2f208"}}
{"__type":"$$EventMessageConfirm","confirm":"116b5d39-f0ba-428b-9c82-a4df339becf0","ts":"2025-08-08T11:15:31.077-04:00","source":{"id":"0","name":"eventBus"}}
{"__type":"$$EventMessageNode","id":"c2deaf3b-18fa-4c79-9228-cb0046700241","ts":"2025-08-08T11:15:31.077-04:00","eventName":"n8n.node.finished","message":"n8n.node.finished","payload":{"workflowId":"ucmiLmCdrb6FRZtp","workflowName":"Daily English Chanllenge","executionId":"121","nodeType":"n8n-nodes-base.scheduleTrigger","nodeName":"Schedule Trigger","nodeId":"b8cbe0d9-a14c-4dcb-a457-0fbc84e2f208"}}
{"__type":"$$EventMessageConfirm","confirm":"c2deaf3b-18fa-4c79-9228-cb0046700241","ts":"2025-08-08T11:15:31.077-04:00","source":{"id":"0","name":"eventBus"}}
{"__type":"$$EventMessageWorkflow","id":"14888d47-f316-4927-8fb7-632d61756e8b","ts":"2025-08-08T11:15:31.078-04:00","eventName":"n8n.workflow.success","message":"n8n.workflow.success","payload":{"executionId":"121","success":true,"isManual":false,"workflowId":"ucmiLmCdrb6FRZtp","workflowName":"Daily English Chanllenge"}}
{"__type":"$$EventMessageConfirm","confirm":"14888d47-f316-4927-8fb7-632d61756e8b","ts":"2025-08-08T11:15:31.078-04:00","source":{"id":"0","name":"eventBus"}}
{"__type":"$$EventMessageWorkflow","id":"39c9cc0e-d17d-4640-875c-9afff73bc648","ts":"2025-08-08T11:15:45.603-04:00","eventName":"n8n.workflow.started","message":"n8n.workflow.started","payload":{"executionId":"122","workflowId":"ISDPRZkXm3miWmK7","isManual":false,"workflowName":"My workflow"}}
{"__type":"$$EventMessageConfirm","confirm":"39c9cc0e-d17d-4640-875c-9afff73bc648","ts":"2025-08-08T11:15:45.603-04:00","source":{"id":"0","name":"eventBus"}}
{"__type":"$$EventMessageWorkflow","id":"1866664f-6cb5-47b9-9b4a-65a033874325","ts":"2025-08-08T11:15:45.606-04:00","eventName":"n8n.workflow.success","message":"n8n.workflow.success","payload":{"userId":"b47d0fb1-3e65-4518-89af-453857c6bc55","executionId":"122","success":true,"isManual":true,"workflowId":"ISDPRZkXm3miWmK7","workflowName":"My workflow"}}
{"__type":"$$EventMessageConfirm","confirm":"1866664f-6cb5-47b9-9b4a-65a033874325","ts":"2025-08-08T11:15:45.606-04:00","source":{"id":"0","name":"eventBus"}}
{"__type":"$$EventMessageWorkflow","id":"2feba9b6-68e4-44fc-9113-b40ddc5bc662","ts":"2025-08-08T11:16:00.311-04:00","eventName":"n8n.workflow.started","message":"n8n.workflow.started","payload":{"executionId":"123","workflowId":"ISDPRZkXm3miWmK7","isManual":false,"workflowName":"My workflow"}}
{"__type":"$$EventMessageConfirm","confirm":"2feba9b6-68e4-44fc-9113-b40ddc5bc662","ts":"2025-08-08T11:16:00.311-04:00","source":{"id":"0","name":"eventBus"}}
{"__type":"$$EventMessageWorkflow","id":"e4af4900-bb6a-4a70-b9f4-ffb40cab1edc","ts":"2025-08-08T11:16:00.313-04:00","eventName":"n8n.workflow.success","message":"n8n.workflow.success","payload":{"userId":"b47d0fb1-3e65-4518-89af-453857c6bc55","executionId":"123","success":true,"isManual":true,"workflowId":"ISDPRZkXm3miWmK7","workflowName":"My workflow"}}
{"__type":"$$EventMessageConfirm","confirm":"e4af4900-bb6a-4a70-b9f4-ffb40cab1edc","ts":"2025-08-08T11:16:00.313-04:00","source":{"id":"0","name":"eventBus"}}
{"__type":"$$EventMessageWorkflow","id":"029d9b70-e19d-47f8-9e3e-4ccadd4665a4","ts":"2025-08-08T11:16:15.638-04:00","eventName":"n8n.workflow.started","message":"n8n.workflow.started","payload":{"executionId":"124","workflowId":"ISDPRZkXm3miWmK7","isManual":false,"workflowName":"My workflow"}}
{"__type":"$$EventMessageConfirm","confirm":"029d9b70-e19d-47f8-9e3e-4ccadd4665a4","ts":"2025-08-08T11:16:15.638-04:00","source":{"id":"0","name":"eventBus"}}
{"__type":"$$EventMessageWorkflow","id":"7cc85df4-f2e5-4ec6-9369-10530ded07d9","ts":"2025-08-08T11:16:15.639-04:00","eventName":"n8n.workflow.success","message":"n8n.workflow.success","payload":{"userId":"b47d0fb1-3e65-4518-89af-453857c6bc55","executionId":"124","success":true,"isManual":true,"workflowId":"ISDPRZkXm3miWmK7","workflowName":"My workflow"}}
{"__type":"$$EventMessageConfirm","confirm":"7cc85df4-f2e5-4ec6-9369-10530ded07d9","ts":"2025-08-08T11:16:15.639-04:00","source":{"id":"0","name":"eventBus"}}
{"__type":"$$EventMessageWorkflow","id":"cf03c042-a77b-4f98-af72-856407d64117","ts":"2025-08-08T11:19:14.173-04:00","eventName":"n8n.workflow.started","message":"n8n.workflow.started","payload":{"executionId":"125","workflowId":"ISDPRZkXm3miWmK7","isManual":false,"workflowName":"My workflow"}}
{"__type":"$$EventMessageConfirm","confirm":"cf03c042-a77b-4f98-af72-856407d64117","ts":"2025-08-08T11:19:14.173-04:00","source":{"id":"0","name":"eventBus"}}
{"__type":"$$EventMessageWorkflow","id":"c2c67d5c-3455-4a4d-9f7a-9cdafa5ae643","ts":"2025-08-08T11:19:14.175-04:00","eventName":"n8n.workflow.success","message":"n8n.workflow.success","payload":{"userId":"b47d0fb1-3e65-4518-89af-453857c6bc55","executionId":"125","success":true,"isManual":true,"workflowId":"ISDPRZkXm3miWmK7","workflowName":"My workflow"}}
{"__type":"$$EventMessageConfirm","confirm":"c2c67d5c-3455-4a4d-9f7a-9cdafa5ae643","ts":"2025-08-08T11:19:14.175-04:00","source":{"id":"0","name":"eventBus"}}
{"__type":"$$EventMessageWorkflow","id":"244ab483-29be-405e-8188-b9bc1de6a3d8","ts":"2025-08-08T11:20:31.098-04:00","eventName":"n8n.workflow.started","message":"n8n.workflow.started","payload":{"executionId":"126","workflowId":"ucmiLmCdrb6FRZtp","isManual":false,"workflowName":"Daily English Chanllenge"}}
{"__type":"$$EventMessageConfirm","confirm":"244ab483-29be-405e-8188-b9bc1de6a3d8","ts":"2025-08-08T11:20:31.098-04:00","source":{"id":"0","name":"eventBus"}}
{"__type":"$$EventMessageNode","id":"ab7fca5b-35ed-4fb3-8c00-25d051fde14b","ts":"2025-08-08T11:20:31.099-04:00","eventName":"n8n.node.started","message":"n8n.node.started","payload":{"workflowId":"ucmiLmCdrb6FRZtp","workflowName":"Daily English Chanllenge","executionId":"126","nodeType":"n8n-nodes-base.scheduleTrigger","nodeName":"Schedule Trigger","nodeId":"b8cbe0d9-a14c-4dcb-a457-0fbc84e2f208"}}
{"__type":"$$EventMessageConfirm","confirm":"ab7fca5b-35ed-4fb3-8c00-25d051fde14b","ts":"2025-08-08T11:20:31.099-04:00","source":{"id":"0","name":"eventBus"}}
{"__type":"$$EventMessageNode","id":"1001d781-4670-4ac8-a76a-473cffe580df","ts":"2025-08-08T11:20:31.099-04:00","eventName":"n8n.node.finished","message":"n8n.node.finished","payload":{"workflowId":"ucmiLmCdrb6FRZtp","workflowName":"Daily English Chanllenge","executionId":"126","nodeType":"n8n-nodes-base.scheduleTrigger","nodeName":"Schedule Trigger","nodeId":"b8cbe0d9-a14c-4dcb-a457-0fbc84e2f208"}}
{"__type":"$$EventMessageConfirm","confirm":"1001d781-4670-4ac8-a76a-473cffe580df","ts":"2025-08-08T11:20:31.099-04:00","source":{"id":"0","name":"eventBus"}}
{"__type":"$$EventMessageWorkflow","id":"9b81659c-9e33-434f-b4c2-3b0612c15d84","ts":"2025-08-08T11:20:31.099-04:00","eventName":"n8n.workflow.success","message":"n8n.workflow.success","payload":{"executionId":"126","success":true,"isManual":false,"workflowId":"ucmiLmCdrb6FRZtp","workflowName":"Daily English Chanllenge"}}
{"__type":"$$EventMessageConfirm","confirm":"9b81659c-9e33-434f-b4c2-3b0612c15d84","ts":"2025-08-08T11:20:31.099-04:00","source":{"id":"0","name":"eventBus"}}
{"__type":"$$EventMessageWorkflow","id":"dffde278-dfa3-4869-87be-7efb2b0a921d","ts":"2025-08-08T11:22:46.981-04:00","eventName":"n8n.workflow.started","message":"n8n.workflow.started","payload":{"executionId":"127","workflowId":"ISDPRZkXm3miWmK7","isManual":false,"workflowName":"My workflow"}}
{"__type":"$$EventMessageConfirm","confirm":"dffde278-dfa3-4869-87be-7efb2b0a921d","ts":"2025-08-08T11:22:46.981-04:00","source":{"id":"0","name":"eventBus"}}
{"__type":"$$EventMessageWorkflow","id":"354ac5a1-4e0c-4837-90a6-b5d4269aaed7","ts":"2025-08-08T11:22:46.983-04:00","eventName":"n8n.workflow.success","message":"n8n.workflow.success","payload":{"userId":"b47d0fb1-3e65-4518-89af-453857c6bc55","executionId":"127","success":true,"isManual":true,"workflowId":"ISDPRZkXm3miWmK7","workflowName":"My workflow"}}
{"__type":"$$EventMessageConfirm","confirm":"354ac5a1-4e0c-4837-90a6-b5d4269aaed7","ts":"2025-08-08T11:22:46.983-04:00","source":{"id":"0","name":"eventBus"}}
{"__type":"$$EventMessageWorkflow","id":"6b4b7304-8ae3-479d-b2c9-8b38ee047339","ts":"2025-08-08T11:23:04.512-04:00","eventName":"n8n.workflow.started","message":"n8n.workflow.started","payload":{"executionId":"128","workflowId":"ISDPRZkXm3miWmK7","isManual":false,"workflowName":"My workflow"}}
{"__type":"$$EventMessageConfirm","confirm":"6b4b7304-8ae3-479d-b2c9-8b38ee047339","ts":"2025-08-08T11:23:04.513-04:00","source":{"id":"0","name":"eventBus"}}
{"__type":"$$EventMessageWorkflow","id":"bee12d10-b0ba-47cc-8030-5b0007a3347f","ts":"2025-08-08T11:23:04.514-04:00","eventName":"n8n.workflow.success","message":"n8n.workflow.success","payload":{"userId":"b47d0fb1-3e65-4518-89af-453857c6bc55","executionId":"128","success":true,"isManual":true,"workflowId":"ISDPRZkXm3miWmK7","workflowName":"My workflow"}}
{"__type":"$$EventMessageConfirm","confirm":"bee12d10-b0ba-47cc-8030-5b0007a3347f","ts":"2025-08-08T11:23:04.514-04:00","source":{"id":"0","name":"eventBus"}}
{"__type":"$$EventMessageWorkflow","id":"90ee3ca3-b2e5-49fa-abbc-fa867541ff17","ts":"2025-08-08T11:23:16.107-04:00","eventName":"n8n.workflow.started","message":"n8n.workflow.started","payload":{"executionId":"129","workflowId":"ISDPRZkXm3miWmK7","isManual":false,"workflowName":"My workflow"}}
{"__type":"$$EventMessageConfirm","confirm":"90ee3ca3-b2e5-49fa-abbc-fa867541ff17","ts":"2025-08-08T11:23:16.107-04:00","source":{"id":"0","name":"eventBus"}}
{"__type":"$$EventMessageWorkflow","id":"b47c0065-303c-415b-adff-bdcbff901d66","ts":"2025-08-08T11:23:16.110-04:00","eventName":"n8n.workflow.success","message":"n8n.workflow.success","payload":{"userId":"b47d0fb1-3e65-4518-89af-453857c6bc55","executionId":"129","success":true,"isManual":true,"workflowId":"ISDPRZkXm3miWmK7","workflowName":"My workflow"}}
{"__type":"$$EventMessageConfirm","confirm":"b47c0065-303c-415b-adff-bdcbff901d66","ts":"2025-08-08T11:23:16.111-04:00","source":{"id":"0","name":"eventBus"}}
{"__type":"$$EventMessageWorkflow","id":"85eb44b0-71e6-4bce-909b-9e4bf6a4d777","ts":"2025-08-08T11:24:50.859-04:00","eventName":"n8n.workflow.started","message":"n8n.workflow.started","payload":{"executionId":"130","workflowId":"ISDPRZkXm3miWmK7","isManual":false,"workflowName":"My workflow"}}
{"__type":"$$EventMessageConfirm","confirm":"85eb44b0-71e6-4bce-909b-9e4bf6a4d777","ts":"2025-08-08T11:24:50.859-04:00","source":{"id":"0","name":"eventBus"}}
{"__type":"$$EventMessageWorkflow","id":"0e0a71e6-3061-4eb7-82bb-1348cca1397f","ts":"2025-08-08T11:24:50.861-04:00","eventName":"n8n.workflow.success","message":"n8n.workflow.success","payload":{"userId":"b47d0fb1-3e65-4518-89af-453857c6bc55","executionId":"130","success":true,"isManual":true,"workflowId":"ISDPRZkXm3miWmK7","workflowName":"My workflow"}}
{"__type":"$$EventMessageConfirm","confirm":"0e0a71e6-3061-4eb7-82bb-1348cca1397f","ts":"2025-08-08T11:24:50.861-04:00","source":{"id":"0","name":"eventBus"}}
{"__type":"$$EventMessageWorkflow","id":"48ecc5ad-ce97-4f05-a60b-320f38bc1f1a","ts":"2025-08-08T11:24:57.635-04:00","eventName":"n8n.workflow.started","message":"n8n.workflow.started","payload":{"executionId":"131","workflowId":"ISDPRZkXm3miWmK7","isManual":false,"workflowName":"My workflow"}}
{"__type":"$$EventMessageConfirm","confirm":"48ecc5ad-ce97-4f05-a60b-320f38bc1f1a","ts":"2025-08-08T11:24:57.635-04:00","source":{"id":"0","name":"eventBus"}}
{"__type":"$$EventMessageWorkflow","id":"4ced8df7-8521-46ab-9019-c8289a19b1db","ts":"2025-08-08T11:24:57.638-04:00","eventName":"n8n.workflow.success","message":"n8n.workflow.success","payload":{"userId":"b47d0fb1-3e65-4518-89af-453857c6bc55","executionId":"131","success":true,"isManual":true,"workflowId":"ISDPRZkXm3miWmK7","workflowName":"My workflow"}}
{"__type":"$$EventMessageConfirm","confirm":"4ced8df7-8521-46ab-9019-c8289a19b1db","ts":"2025-08-08T11:24:57.638-04:00","source":{"id":"0","name":"eventBus"}}
{"__type":"$$EventMessageWorkflow","id":"936152a8-09bc-4b13-ac61-5439f5808f16","ts":"2025-08-08T11:25:05.213-04:00","eventName":"n8n.workflow.started","message":"n8n.workflow.started","payload":{"executionId":"132","workflowId":"ISDPRZkXm3miWmK7","isManual":false,"workflowName":"My workflow"}}
{"__type":"$$EventMessageConfirm","confirm":"936152a8-09bc-4b13-ac61-5439f5808f16","ts":"2025-08-08T11:25:05.213-04:00","source":{"id":"0","name":"eventBus"}}
{"__type":"$$EventMessageWorkflow","id":"94f3c496-9164-4329-aa20-14601c5ebc36","ts":"2025-08-08T11:25:05.216-04:00","eventName":"n8n.workflow.success","message":"n8n.workflow.success","payload":{"userId":"b47d0fb1-3e65-4518-89af-453857c6bc55","executionId":"132","success":true,"isManual":true,"workflowId":"ISDPRZkXm3miWmK7","workflowName":"My workflow"}}
{"__type":"$$EventMessageConfirm","confirm":"94f3c496-9164-4329-aa20-14601c5ebc36","ts":"2025-08-08T11:25:05.217-04:00","source":{"id":"0","name":"eventBus"}}
{"__type":"$$EventMessageWorkflow","id":"9ec19285-bec0-4f76-8d76-1523ef35c52f","ts":"2025-08-08T11:25:15.336-04:00","eventName":"n8n.workflow.started","message":"n8n.workflow.started","payload":{"executionId":"133","workflowId":"ISDPRZkXm3miWmK7","isManual":false,"workflowName":"My workflow"}}
{"__type":"$$EventMessageConfirm","confirm":"9ec19285-bec0-4f76-8d76-1523ef35c52f","ts":"2025-08-08T11:25:15.337-04:00","source":{"id":"0","name":"eventBus"}}
{"__type":"$$EventMessageWorkflow","id":"c7b005fb-f1bc-4d72-bf2b-74c1fa3b4dcd","ts":"2025-08-08T11:25:15.338-04:00","eventName":"n8n.workflow.success","message":"n8n.workflow.success","payload":{"userId":"b47d0fb1-3e65-4518-89af-453857c6bc55","executionId":"133","success":true,"isManual":true,"workflowId":"ISDPRZkXm3miWmK7","workflowName":"My workflow"}}
{"__type":"$$EventMessageConfirm","confirm":"c7b005fb-f1bc-4d72-bf2b-74c1fa3b4dcd","ts":"2025-08-08T11:25:15.338-04:00","source":{"id":"0","name":"eventBus"}}
{"__type":"$$EventMessageWorkflow","id":"fb09a3bc-11f9-4c6a-b280-897594030270","ts":"2025-08-08T11:25:31.102-04:00","eventName":"n8n.workflow.started","message":"n8n.workflow.started","payload":{"executionId":"134","workflowId":"ucmiLmCdrb6FRZtp","isManual":false,"workflowName":"Daily English Chanllenge"}}
{"__type":"$$EventMessageConfirm","confirm":"fb09a3bc-11f9-4c6a-b280-897594030270","ts":"2025-08-08T11:25:31.102-04:00","source":{"id":"0","name":"eventBus"}}
{"__type":"$$EventMessageNode","id":"25011ea0-bb87-492a-b477-7a711fbe5217","ts":"2025-08-08T11:25:31.102-04:00","eventName":"n8n.node.started","message":"n8n.node.started","payload":{"workflowId":"ucmiLmCdrb6FRZtp","workflowName":"Daily English Chanllenge","executionId":"134","nodeType":"n8n-nodes-base.scheduleTrigger","nodeName":"Schedule Trigger","nodeId":"b8cbe0d9-a14c-4dcb-a457-0fbc84e2f208"}}
{"__type":"$$EventMessageConfirm","confirm":"25011ea0-bb87-492a-b477-7a711fbe5217","ts":"2025-08-08T11:25:31.102-04:00","source":{"id":"0","name":"eventBus"}}
{"__type":"$$EventMessageNode","id":"d5fdf777-9b88-42c4-ad27-7eba82d732e1","ts":"2025-08-08T11:25:31.102-04:00","eventName":"n8n.node.finished","message":"n8n.node.finished","payload":{"workflowId":"ucmiLmCdrb6FRZtp","workflowName":"Daily English Chanllenge","executionId":"134","nodeType":"n8n-nodes-base.scheduleTrigger","nodeName":"Schedule Trigger","nodeId":"b8cbe0d9-a14c-4dcb-a457-0fbc84e2f208"}}
{"__type":"$$EventMessageConfirm","confirm":"d5fdf777-9b88-42c4-ad27-7eba82d732e1","ts":"2025-08-08T11:25:31.102-04:00","source":{"id":"0","name":"eventBus"}}
{"__type":"$$EventMessageWorkflow","id":"2fd5d749-b476-41bc-838b-2430c2990649","ts":"2025-08-08T11:25:31.102-04:00","eventName":"n8n.workflow.success","message":"n8n.workflow.success","payload":{"executionId":"134","success":true,"isManual":false,"workflowId":"ucmiLmCdrb6FRZtp","workflowName":"Daily English Chanllenge"}}
{"__type":"$$EventMessageConfirm","confirm":"2fd5d749-b476-41bc-838b-2430c2990649","ts":"2025-08-08T11:25:31.102-04:00","source":{"id":"0","name":"eventBus"}}
{"__type":"$$EventMessageWorkflow","id":"f87ae84c-e4ed-4f0a-afea-bb0629ae23dd","ts":"2025-08-08T11:25:53.896-04:00","eventName":"n8n.workflow.started","message":"n8n.workflow.started","payload":{"executionId":"135","workflowId":"ISDPRZkXm3miWmK7","isManual":false,"workflowName":"My workflow"}}
{"__type":"$$EventMessageConfirm","confirm":"f87ae84c-e4ed-4f0a-afea-bb0629ae23dd","ts":"2025-08-08T11:25:53.896-04:00","source":{"id":"0","name":"eventBus"}}
{"__type":"$$EventMessageWorkflow","id":"861ebb82-ce14-4a90-b168-1ce25a498c73","ts":"2025-08-08T11:25:53.899-04:00","eventName":"n8n.workflow.success","message":"n8n.workflow.success","payload":{"userId":"b47d0fb1-3e65-4518-89af-453857c6bc55","executionId":"135","success":true,"isManual":true,"workflowId":"ISDPRZkXm3miWmK7","workflowName":"My workflow"}}
{"__type":"$$EventMessageConfirm","confirm":"861ebb82-ce14-4a90-b168-1ce25a498c73","ts":"2025-08-08T11:25:53.899-04:00","source":{"id":"0","name":"eventBus"}}
{"__type":"$$EventMessageWorkflow","id":"94e88575-e12d-448e-8412-5bfabe3cbaea","ts":"2025-08-08T11:26:55.251-04:00","eventName":"n8n.workflow.started","message":"n8n.workflow.started","payload":{"executionId":"136","workflowId":"ISDPRZkXm3miWmK7","isManual":false,"workflowName":"My workflow"}}
{"__type":"$$EventMessageConfirm","confirm":"94e88575-e12d-448e-8412-5bfabe3cbaea","ts":"2025-08-08T11:26:55.251-04:00","source":{"id":"0","name":"eventBus"}}
{"__type":"$$EventMessageWorkflow","id":"4cf4bc3c-9e24-4a16-8333-3631a2076981","ts":"2025-08-08T11:26:55.252-04:00","eventName":"n8n.workflow.success","message":"n8n.workflow.success","payload":{"userId":"b47d0fb1-3e65-4518-89af-453857c6bc55","executionId":"136","success":true,"isManual":true,"workflowId":"ISDPRZkXm3miWmK7","workflowName":"My workflow"}}
{"__type":"$$EventMessageConfirm","confirm":"4cf4bc3c-9e24-4a16-8333-3631a2076981","ts":"2025-08-08T11:26:55.252-04:00","source":{"id":"0","name":"eventBus"}}
{"__type":"$$EventMessageWorkflow","id":"3c582511-6272-4def-b12a-98f2af7fa4bc","ts":"2025-08-08T11:27:07.588-04:00","eventName":"n8n.workflow.started","message":"n8n.workflow.started","payload":{"executionId":"137","workflowId":"ISDPRZkXm3miWmK7","isManual":false,"workflowName":"My workflow"}}
{"__type":"$$EventMessageConfirm","confirm":"3c582511-6272-4def-b12a-98f2af7fa4bc","ts":"2025-08-08T11:27:07.588-04:00","source":{"id":"0","name":"eventBus"}}
{"__type":"$$EventMessageNode","id":"9682ef5d-a353-40d8-8f88-c7c0604d500a","ts":"2025-08-08T11:27:07.589-04:00","eventName":"n8n.node.started","message":"n8n.node.started","payload":{"workflowId":"ISDPRZkXm3miWmK7","workflowName":"My workflow","executionId":"137","nodeType":"n8n-nodes-base.cron","nodeName":"Start Daily Trigger","nodeId":"12db43fb-0c8d-4131-b365-066e88a50b54"}}
{"__type":"$$EventMessageConfirm","confirm":"9682ef5d-a353-40d8-8f88-c7c0604d500a","ts":"2025-08-08T11:27:07.589-04:00","source":{"id":"0","name":"eventBus"}}
{"__type":"$$EventMessageNode","id":"c9a7ba2f-d261-46a0-a39b-89c39f4fa430","ts":"2025-08-08T11:27:07.595-04:00","eventName":"n8n.node.finished","message":"n8n.node.finished","payload":{"workflowId":"ISDPRZkXm3miWmK7","workflowName":"My workflow","executionId":"137","nodeType":"n8n-nodes-base.cron","nodeName":"Start Daily Trigger","nodeId":"12db43fb-0c8d-4131-b365-066e88a50b54"}}
{"__type":"$$EventMessageConfirm","confirm":"c9a7ba2f-d261-46a0-a39b-89c39f4fa430","ts":"2025-08-08T11:27:07.595-04:00","source":{"id":"0","name":"eventBus"}}
{"__type":"$$EventMessageNode","id":"0c9dc314-8ebe-4f70-944e-08b1595f80e5","ts":"2025-08-08T11:27:07.595-04:00","eventName":"n8n.node.started","message":"n8n.node.started","payload":{"workflowId":"ISDPRZkXm3miWmK7","workflowName":"My workflow","executionId":"137","nodeType":"n8n-nodes-base.httpRequest","nodeName":"Get English Words","nodeId":"3d67fd4e-5d33-4268-b975-a0b877d66938"}}
{"__type":"$$EventMessageConfirm","confirm":"0c9dc314-8ebe-4f70-944e-08b1595f80e5","ts":"2025-08-08T11:27:07.595-04:00","source":{"id":"0","name":"eventBus"}}
{"__type":"$$EventMessageNode","id":"baf79ca7-591a-46d0-bd0a-20e4243a5e3a","ts":"2025-08-08T11:27:14.006-04:00","eventName":"n8n.node.finished","message":"n8n.node.finished","payload":{"workflowId":"ISDPRZkXm3miWmK7","workflowName":"My workflow","executionId":"137","nodeType":"n8n-nodes-base.httpRequest","nodeName":"Get English Words","nodeId":"3d67fd4e-5d33-4268-b975-a0b877d66938"}}
{"__type":"$$EventMessageConfirm","confirm":"baf79ca7-591a-46d0-bd0a-20e4243a5e3a","ts":"2025-08-08T11:27:14.007-04:00","source":{"id":"0","name":"eventBus"}}
{"__type":"$$EventMessageNode","id":"931545d8-ea60-423f-a501-0edf67f3447c","ts":"2025-08-08T11:27:14.007-04:00","eventName":"n8n.node.started","message":"n8n.node.started","payload":{"workflowId":"ISDPRZkXm3miWmK7","workflowName":"My workflow","executionId":"137","nodeType":"n8n-nodes-base.function","nodeName":"Filter Old Words","nodeId":"f007284a-e4a8-4c49-9bf8-36741f05fd6c"}}
{"__type":"$$EventMessageConfirm","confirm":"931545d8-ea60-423f-a501-0edf67f3447c","ts":"2025-08-08T11:27:14.007-04:00","source":{"id":"0","name":"eventBus"}}
{"__type":"$$EventMessageNode","id":"b6635595-08d4-4937-8d4c-bcfbd0d706ea","ts":"2025-08-08T11:27:14.013-04:00","eventName":"n8n.node.finished","message":"n8n.node.finished","payload":{"workflowId":"ISDPRZkXm3miWmK7","workflowName":"My workflow","executionId":"137","nodeType":"n8n-nodes-base.function","nodeName":"Filter Old Words","nodeId":"f007284a-e4a8-4c49-9bf8-36741f05fd6c"}}
{"__type":"$$EventMessageConfirm","confirm":"b6635595-08d4-4937-8d4c-bcfbd0d706ea","ts":"2025-08-08T11:27:14.013-04:00","source":{"id":"0","name":"eventBus"}}
{"__type":"$$EventMessageWorkflow","id":"8e8e24a5-907d-408f-b5ca-c455e9a26ef2","ts":"2025-08-08T11:27:14.014-04:00","eventName":"n8n.workflow.success","message":"n8n.workflow.success","payload":{"userId":"b47d0fb1-3e65-4518-89af-453857c6bc55","executionId":"137","success":true,"isManual":true,"workflowId":"ISDPRZkXm3miWmK7","workflowName":"My workflow"}}
{"__type":"$$EventMessageConfirm","confirm":"8e8e24a5-907d-408f-b5ca-c455e9a26ef2","ts":"2025-08-08T11:27:14.015-04:00","source":{"id":"0","name":"eventBus"}}
{"__type":"$$EventMessageWorkflow","id":"e6de97a9-672f-4119-8dd7-2dd71af79a92","ts":"2025-08-08T11:28:26.005-04:00","eventName":"n8n.workflow.started","message":"n8n.workflow.started","payload":{"executionId":"138","workflowId":"ISDPRZkXm3miWmK7","isManual":false,"workflowName":"My workflow"}}
{"__type":"$$EventMessageConfirm","confirm":"e6de97a9-672f-4119-8dd7-2dd71af79a92","ts":"2025-08-08T11:28:26.005-04:00","source":{"id":"0","name":"eventBus"}}
{"__type":"$$EventMessageWorkflow","id":"876bdd75-012a-43f0-8b48-6311c724cfd8","ts":"2025-08-08T11:28:26.008-04:00","eventName":"n8n.workflow.success","message":"n8n.workflow.success","payload":{"userId":"b47d0fb1-3e65-4518-89af-453857c6bc55","executionId":"138","success":true,"isManual":true,"workflowId":"ISDPRZkXm3miWmK7","workflowName":"My workflow"}}
{"__type":"$$EventMessageConfirm","confirm":"876bdd75-012a-43f0-8b48-6311c724cfd8","ts":"2025-08-08T11:28:26.009-04:00","source":{"id":"0","name":"eventBus"}}
{"__type":"$$EventMessageWorkflow","id":"8db57673-a7fc-4554-9b0c-f87e8fdcbab2","ts":"2025-08-08T11:28:57.821-04:00","eventName":"n8n.workflow.started","message":"n8n.workflow.started","payload":{"executionId":"139","workflowId":"ISDPRZkXm3miWmK7","isManual":false,"workflowName":"My workflow"}}
{"__type":"$$EventMessageConfirm","confirm":"8db57673-a7fc-4554-9b0c-f87e8fdcbab2","ts":"2025-08-08T11:28:57.822-04:00","source":{"id":"0","name":"eventBus"}}
{"__type":"$$EventMessageWorkflow","id":"fd937c24-fb10-4a6d-9242-f2ee1d7f318f","ts":"2025-08-08T11:28:57.830-04:00","eventName":"n8n.workflow.success","message":"n8n.workflow.success","payload":{"userId":"b47d0fb1-3e65-4518-89af-453857c6bc55","executionId":"139","success":true,"isManual":true,"workflowId":"ISDPRZkXm3miWmK7","workflowName":"My workflow"}}
{"__type":"$$EventMessageConfirm","confirm":"fd937c24-fb10-4a6d-9242-f2ee1d7f318f","ts":"2025-08-08T11:28:57.832-04:00","source":{"id":"0","name":"eventBus"}}
{"__type":"$$EventMessageWorkflow","id":"f9aafc1b-a2d3-4dbd-a4ca-36bb5a67f022","ts":"2025-08-08T11:29:53.431-04:00","eventName":"n8n.workflow.started","message":"n8n.workflow.started","payload":{"executionId":"140","workflowId":"ISDPRZkXm3miWmK7","isManual":false,"workflowName":"My workflow"}}
{"__type":"$$EventMessageConfirm","confirm":"f9aafc1b-a2d3-4dbd-a4ca-36bb5a67f022","ts":"2025-08-08T11:29:53.431-04:00","source":{"id":"0","name":"eventBus"}}
{"__type":"$$EventMessageWorkflow","id":"71493e32-6282-4b83-a31c-b2baeb6e5afc","ts":"2025-08-08T11:29:53.432-04:00","eventName":"n8n.workflow.success","message":"n8n.workflow.success","payload":{"userId":"b47d0fb1-3e65-4518-89af-453857c6bc55","executionId":"140","success":true,"isManual":true,"workflowId":"ISDPRZkXm3miWmK7","workflowName":"My workflow"}}
{"__type":"$$EventMessageConfirm","confirm":"71493e32-6282-4b83-a31c-b2baeb6e5afc","ts":"2025-08-08T11:29:53.432-04:00","source":{"id":"0","name":"eventBus"}}
{"__type":"$$EventMessageWorkflow","id":"c3189b35-3bf1-4074-a9dd-a00ab3e5e556","ts":"2025-08-08T11:30:11.751-04:00","eventName":"n8n.workflow.started","message":"n8n.workflow.started","payload":{"executionId":"141","workflowId":"ISDPRZkXm3miWmK7","isManual":false,"workflowName":"My workflow"}}
{"__type":"$$EventMessageConfirm","confirm":"c3189b35-3bf1-4074-a9dd-a00ab3e5e556","ts":"2025-08-08T11:30:11.751-04:00","source":{"id":"0","name":"eventBus"}}
{"__type":"$$EventMessageNode","id":"37e5335b-29ff-4b4b-ab3c-a0ff3de099c8","ts":"2025-08-08T11:30:11.752-04:00","eventName":"n8n.node.started","message":"n8n.node.started","payload":{"workflowId":"ISDPRZkXm3miWmK7","workflowName":"My workflow","executionId":"141","nodeType":"n8n-nodes-base.cron","nodeName":"Start Daily Trigger","nodeId":"12db43fb-0c8d-4131-b365-066e88a50b54"}}
{"__type":"$$EventMessageConfirm","confirm":"37e5335b-29ff-4b4b-ab3c-a0ff3de099c8","ts":"2025-08-08T11:30:11.752-04:00","source":{"id":"0","name":"eventBus"}}
{"__type":"$$EventMessageNode","id":"a04291a2-1b6c-4d40-bc44-e71e31d37d08","ts":"2025-08-08T11:30:11.760-04:00","eventName":"n8n.node.finished","message":"n8n.node.finished","payload":{"workflowId":"ISDPRZkXm3miWmK7","workflowName":"My workflow","executionId":"141","nodeType":"n8n-nodes-base.cron","nodeName":"Start Daily Trigger","nodeId":"12db43fb-0c8d-4131-b365-066e88a50b54"}}
{"__type":"$$EventMessageConfirm","confirm":"a04291a2-1b6c-4d40-bc44-e71e31d37d08","ts":"2025-08-08T11:30:11.760-04:00","source":{"id":"0","name":"eventBus"}}
{"__type":"$$EventMessageNode","id":"9c54599c-0456-49f0-8bc2-e6a6449a92c0","ts":"2025-08-08T11:30:11.761-04:00","eventName":"n8n.node.started","message":"n8n.node.started","payload":{"workflowId":"ISDPRZkXm3miWmK7","workflowName":"My workflow","executionId":"141","nodeType":"n8n-nodes-base.httpRequest","nodeName":"Get English Words","nodeId":"3d67fd4e-5d33-4268-b975-a0b877d66938"}}
{"__type":"$$EventMessageConfirm","confirm":"9c54599c-0456-49f0-8bc2-e6a6449a92c0","ts":"2025-08-08T11:30:11.761-04:00","source":{"id":"0","name":"eventBus"}}
{"__type":"$$EventMessageNode","id":"51770553-86c9-4a0f-9dd1-e21172c50a94","ts":"2025-08-08T11:30:19.696-04:00","eventName":"n8n.node.finished","message":"n8n.node.finished","payload":{"workflowId":"ISDPRZkXm3miWmK7","workflowName":"My workflow","executionId":"141","nodeType":"n8n-nodes-base.httpRequest","nodeName":"Get English Words","nodeId":"3d67fd4e-5d33-4268-b975-a0b877d66938"}}
{"__type":"$$EventMessageConfirm","confirm":"51770553-86c9-4a0f-9dd1-e21172c50a94","ts":"2025-08-08T11:30:19.696-04:00","source":{"id":"0","name":"eventBus"}}
{"__type":"$$EventMessageNode","id":"92a6b01f-2496-4ecd-9059-095424359ff2","ts":"2025-08-08T11:30:19.697-04:00","eventName":"n8n.node.started","message":"n8n.node.started","payload":{"workflowId":"ISDPRZkXm3miWmK7","workflowName":"My workflow","executionId":"141","nodeType":"n8n-nodes-base.function","nodeName":"Filter Old Words","nodeId":"f007284a-e4a8-4c49-9bf8-36741f05fd6c"}}
{"__type":"$$EventMessageConfirm","confirm":"92a6b01f-2496-4ecd-9059-095424359ff2","ts":"2025-08-08T11:30:19.697-04:00","source":{"id":"0","name":"eventBus"}}
{"__type":"$$EventMessageNode","id":"7d1cb2af-6ec8-4b7b-8d8b-67c392132db5","ts":"2025-08-08T11:30:19.725-04:00","eventName":"n8n.node.finished","message":"n8n.node.finished","payload":{"workflowId":"ISDPRZkXm3miWmK7","workflowName":"My workflow","executionId":"141","nodeType":"n8n-nodes-base.function","nodeName":"Filter Old Words","nodeId":"f007284a-e4a8-4c49-9bf8-36741f05fd6c"}}
{"__type":"$$EventMessageConfirm","confirm":"7d1cb2af-6ec8-4b7b-8d8b-67c392132db5","ts":"2025-08-08T11:30:19.725-04:00","source":{"id":"0","name":"eventBus"}}
{"__type":"$$EventMessageWorkflow","id":"29ce9847-e123-44e7-ba0b-fc9779d71589","ts":"2025-08-08T11:30:19.730-04:00","eventName":"n8n.workflow.success","message":"n8n.workflow.success","payload":{"userId":"b47d0fb1-3e65-4518-89af-453857c6bc55","executionId":"141","success":true,"isManual":true,"workflowId":"ISDPRZkXm3miWmK7","workflowName":"My workflow"}}
{"__type":"$$EventMessageConfirm","confirm":"29ce9847-e123-44e7-ba0b-fc9779d71589","ts":"2025-08-08T11:30:19.730-04:00","source":{"id":"0","name":"eventBus"}}
{"__type":"$$EventMessageWorkflow","id":"fa93fd6b-ab06-48b3-b63c-d12b48ee66da","ts":"2025-08-08T11:30:25.786-04:00","eventName":"n8n.workflow.started","message":"n8n.workflow.started","payload":{"executionId":"142","workflowId":"ISDPRZkXm3miWmK7","isManual":false,"workflowName":"My workflow"}}
{"__type":"$$EventMessageConfirm","confirm":"fa93fd6b-ab06-48b3-b63c-d12b48ee66da","ts":"2025-08-08T11:30:25.786-04:00","source":{"id":"0","name":"eventBus"}}
{"__type":"$$EventMessageWorkflow","id":"4d86ed12-2245-4948-b9e3-22b2fc94283f","ts":"2025-08-08T11:30:25.788-04:00","eventName":"n8n.workflow.success","message":"n8n.workflow.success","payload":{"userId":"b47d0fb1-3e65-4518-89af-453857c6bc55","executionId":"142","success":true,"isManual":true,"workflowId":"ISDPRZkXm3miWmK7","workflowName":"My workflow"}}
{"__type":"$$EventMessageConfirm","confirm":"4d86ed12-2245-4948-b9e3-22b2fc94283f","ts":"2025-08-08T11:30:25.788-04:00","source":{"id":"0","name":"eventBus"}}
{"__type":"$$EventMessageWorkflow","id":"fe970dfd-9e2d-430d-be11-32a29aaef089","ts":"2025-08-08T11:30:31.088-04:00","eventName":"n8n.workflow.started","message":"n8n.workflow.started","payload":{"executionId":"143","workflowId":"ucmiLmCdrb6FRZtp","isManual":false,"workflowName":"Daily English Chanllenge"}}
{"__type":"$$EventMessageConfirm","confirm":"fe970dfd-9e2d-430d-be11-32a29aaef089","ts":"2025-08-08T11:30:31.088-04:00","source":{"id":"0","name":"eventBus"}}
{"__type":"$$EventMessageNode","id":"c924f7e9-4ab0-4722-8bfd-ae97ad43ff2b","ts":"2025-08-08T11:30:31.088-04:00","eventName":"n8n.node.started","message":"n8n.node.started","payload":{"workflowId":"ucmiLmCdrb6FRZtp","workflowName":"Daily English Chanllenge","executionId":"143","nodeType":"n8n-nodes-base.scheduleTrigger","nodeName":"Schedule Trigger","nodeId":"b8cbe0d9-a14c-4dcb-a457-0fbc84e2f208"}}
{"__type":"$$EventMessageConfirm","confirm":"c924f7e9-4ab0-4722-8bfd-ae97ad43ff2b","ts":"2025-08-08T11:30:31.088-04:00","source":{"id":"0","name":"eventBus"}}
{"__type":"$$EventMessageNode","id":"b5647e45-b1e5-4f50-8d9a-7d9194f6146f","ts":"2025-08-08T11:30:31.088-04:00","eventName":"n8n.node.finished","message":"n8n.node.finished","payload":{"workflowId":"ucmiLmCdrb6FRZtp","workflowName":"Daily English Chanllenge","executionId":"143","nodeType":"n8n-nodes-base.scheduleTrigger","nodeName":"Schedule Trigger","nodeId":"b8cbe0d9-a14c-4dcb-a457-0fbc84e2f208"}}
{"__type":"$$EventMessageConfirm","confirm":"b5647e45-b1e5-4f50-8d9a-7d9194f6146f","ts":"2025-08-08T11:30:31.088-04:00","source":{"id":"0","name":"eventBus"}}
{"__type":"$$EventMessageWorkflow","id":"9aeec25e-16e4-4d1d-956d-df9cdf46dc95","ts":"2025-08-08T11:30:31.089-04:00","eventName":"n8n.workflow.success","message":"n8n.workflow.success","payload":{"executionId":"143","success":true,"isManual":false,"workflowId":"ucmiLmCdrb6FRZtp","workflowName":"Daily English Chanllenge"}}
{"__type":"$$EventMessageConfirm","confirm":"9aeec25e-16e4-4d1d-956d-df9cdf46dc95","ts":"2025-08-08T11:30:31.089-04:00","source":{"id":"0","name":"eventBus"}}
{"__type":"$$EventMessageWorkflow","id":"9102b1a1-5415-4213-b128-c55c9ad42179","ts":"2025-08-08T11:30:34.811-04:00","eventName":"n8n.workflow.started","message":"n8n.workflow.started","payload":{"executionId":"144","workflowId":"ISDPRZkXm3miWmK7","isManual":false,"workflowName":"My workflow"}}
{"__type":"$$EventMessageConfirm","confirm":"9102b1a1-5415-4213-b128-c55c9ad42179","ts":"2025-08-08T11:30:34.811-04:00","source":{"id":"0","name":"eventBus"}}
{"__type":"$$EventMessageWorkflow","id":"69e1649a-6300-422f-985b-e42cb8b21011","ts":"2025-08-08T11:30:34.817-04:00","eventName":"n8n.workflow.success","message":"n8n.workflow.success","payload":{"userId":"b47d0fb1-3e65-4518-89af-453857c6bc55","executionId":"144","success":true,"isManual":true,"workflowId":"ISDPRZkXm3miWmK7","workflowName":"My workflow"}}
{"__type":"$$EventMessageConfirm","confirm":"69e1649a-6300-422f-985b-e42cb8b21011","ts":"2025-08-08T11:30:34.817-04:00","source":{"id":"0","name":"eventBus"}}
{"__type":"$$EventMessageWorkflow","id":"ee51cae1-b1a6-42fb-aea0-72ca8b7f31e0","ts":"2025-08-08T11:31:07.728-04:00","eventName":"n8n.workflow.started","message":"n8n.workflow.started","payload":{"executionId":"145","workflowId":"ISDPRZkXm3miWmK7","isManual":false,"workflowName":"My workflow"}}
{"__type":"$$EventMessageConfirm","confirm":"ee51cae1-b1a6-42fb-aea0-72ca8b7f31e0","ts":"2025-08-08T11:31:07.728-04:00","source":{"id":"0","name":"eventBus"}}
{"__type":"$$EventMessageWorkflow","id":"03f15a17-af64-4993-827c-6f4f10d1ac7d","ts":"2025-08-08T11:31:07.730-04:00","eventName":"n8n.workflow.success","message":"n8n.workflow.success","payload":{"userId":"b47d0fb1-3e65-4518-89af-453857c6bc55","executionId":"145","success":true,"isManual":true,"workflowId":"ISDPRZkXm3miWmK7","workflowName":"My workflow"}}
{"__type":"$$EventMessageConfirm","confirm":"03f15a17-af64-4993-827c-6f4f10d1ac7d","ts":"2025-08-08T11:31:07.730-04:00","source":{"id":"0","name":"eventBus"}}
{"__type":"$$EventMessageWorkflow","id":"45e7d301-755b-4c83-9585-69cf2064d49d","ts":"2025-08-08T11:32:50.093-04:00","eventName":"n8n.workflow.started","message":"n8n.workflow.started","payload":{"executionId":"146","workflowId":"ISDPRZkXm3miWmK7","isManual":false,"workflowName":"My workflow"}}
{"__type":"$$EventMessageConfirm","confirm":"45e7d301-755b-4c83-9585-69cf2064d49d","ts":"2025-08-08T11:32:50.093-04:00","source":{"id":"0","name":"eventBus"}}
{"__type":"$$EventMessageWorkflow","id":"def9b3e3-28cf-4ade-b2da-1cdf9855f29f","ts":"2025-08-08T11:32:50.095-04:00","eventName":"n8n.workflow.success","message":"n8n.workflow.success","payload":{"userId":"b47d0fb1-3e65-4518-89af-453857c6bc55","executionId":"146","success":true,"isManual":true,"workflowId":"ISDPRZkXm3miWmK7","workflowName":"My workflow"}}
{"__type":"$$EventMessageConfirm","confirm":"def9b3e3-28cf-4ade-b2da-1cdf9855f29f","ts":"2025-08-08T11:32:50.095-04:00","source":{"id":"0","name":"eventBus"}}
{"__type":"$$EventMessageWorkflow","id":"e6666b36-91f5-419a-a748-13c993e1737e","ts":"2025-08-08T11:33:10.565-04:00","eventName":"n8n.workflow.started","message":"n8n.workflow.started","payload":{"executionId":"147","workflowId":"ISDPRZkXm3miWmK7","isManual":false,"workflowName":"My workflow"}}
{"__type":"$$EventMessageConfirm","confirm":"e6666b36-91f5-419a-a748-13c993e1737e","ts":"2025-08-08T11:33:10.565-04:00","source":{"id":"0","name":"eventBus"}}
{"__type":"$$EventMessageWorkflow","id":"0c1aabe8-8a23-4929-86bc-aa86ceaec641","ts":"2025-08-08T11:33:10.568-04:00","eventName":"n8n.workflow.success","message":"n8n.workflow.success","payload":{"userId":"b47d0fb1-3e65-4518-89af-453857c6bc55","executionId":"147","success":true,"isManual":true,"workflowId":"ISDPRZkXm3miWmK7","workflowName":"My workflow"}}
{"__type":"$$EventMessageConfirm","confirm":"0c1aabe8-8a23-4929-86bc-aa86ceaec641","ts":"2025-08-08T11:33:10.568-04:00","source":{"id":"0","name":"eventBus"}}
{"__type":"$$EventMessageAudit","id":"1046b864-dde4-4f5e-b960-5e58fd0c10a4","ts":"2025-08-08T11:33:43.305-04:00","eventName":"n8n.audit.workflow.updated","message":"n8n.audit.workflow.updated","payload":{"userId":"b47d0fb1-3e65-4518-89af-453857c6bc55","_email":"i.jinnawat024@gmail.com","_firstName":"Jinnawat","_lastName":"inyim","globalRole":"global:owner","workflowId":"ISDPRZkXm3miWmK7","workflowName":"My workflow"}}
{"__type":"$$EventMessageConfirm","confirm":"1046b864-dde4-4f5e-b960-5e58fd0c10a4","ts":"2025-08-08T11:33:43.305-04:00","source":{"id":"0","name":"eventBus"}}
{"__type":"$$EventMessageAudit","id":"a372485d-5dfc-456a-8a6e-195808b461eb","ts":"2025-08-08T11:34:10.195-04:00","eventName":"n8n.audit.workflow.created","message":"n8n.audit.workflow.created","payload":{"userId":"b47d0fb1-3e65-4518-89af-453857c6bc55","_email":"i.jinnawat024@gmail.com","_firstName":"Jinnawat","_lastName":"inyim","globalRole":"global:owner","workflowId":"Z51KsMGW3ZOqOnHZ","workflowName":"My workflow 2"}}
{"__type":"$$EventMessageConfirm","confirm":"a372485d-5dfc-456a-8a6e-195808b461eb","ts":"2025-08-08T11:34:10.195-04:00","source":{"id":"0","name":"eventBus"}}
{"__type":"$$EventMessageWorkflow","id":"6746d69e-e15b-4b0f-a359-5fde676d0ecb","ts":"2025-08-08T11:34:10.454-04:00","eventName":"n8n.workflow.started","message":"n8n.workflow.started","payload":{"executionId":"148","workflowId":"Z51KsMGW3ZOqOnHZ","isManual":false,"workflowName":"My workflow 2"}}
{"__type":"$$EventMessageConfirm","confirm":"6746d69e-e15b-4b0f-a359-5fde676d0ecb","ts":"2025-08-08T11:34:10.454-04:00","source":{"id":"0","name":"eventBus"}}
{"__type":"$$EventMessageNode","id":"943d1e20-82ff-4d30-9a0b-e43b0eb931c8","ts":"2025-08-08T11:34:10.455-04:00","eventName":"n8n.node.started","message":"n8n.node.started","payload":{"workflowId":"Z51KsMGW3ZOqOnHZ","workflowName":"My workflow 2","executionId":"148","nodeType":"n8n-nodes-base.httpRequest","nodeName":"HTTP Request","nodeId":"29f4c098-77d9-43e3-8f72-7c5f926609bf"}}
{"__type":"$$EventMessageConfirm","confirm":"943d1e20-82ff-4d30-9a0b-e43b0eb931c8","ts":"2025-08-08T11:34:10.455-04:00","source":{"id":"0","name":"eventBus"}}
{"__type":"$$EventMessageNode","id":"d8a909fd-a14f-48a2-bebc-97f879811f2e","ts":"2025-08-08T11:34:10.817-04:00","eventName":"n8n.node.finished","message":"n8n.node.finished","payload":{"workflowId":"Z51KsMGW3ZOqOnHZ","workflowName":"My workflow 2","executionId":"148","nodeType":"n8n-nodes-base.httpRequest","nodeName":"HTTP Request","nodeId":"29f4c098-77d9-43e3-8f72-7c5f926609bf"}}
{"__type":"$$EventMessageConfirm","confirm":"d8a909fd-a14f-48a2-bebc-97f879811f2e","ts":"2025-08-08T11:34:10.818-04:00","source":{"id":"0","name":"eventBus"}}
{"__type":"$$EventMessageWorkflow","id":"72c76987-c04e-4c54-9fa1-d20f0976195a","ts":"2025-08-08T11:34:10.818-04:00","eventName":"n8n.workflow.success","message":"n8n.workflow.success","payload":{"userId":"b47d0fb1-3e65-4518-89af-453857c6bc55","executionId":"148","success":true,"isManual":true,"workflowId":"Z51KsMGW3ZOqOnHZ","workflowName":"My workflow 2"}}
{"__type":"$$EventMessageConfirm","confirm":"72c76987-c04e-4c54-9fa1-d20f0976195a","ts":"2025-08-08T11:34:10.818-04:00","source":{"id":"0","name":"eventBus"}}
{"__type":"$$EventMessageWorkflow","id":"f94388b5-5d89-487e-8642-966b7ce5128b","ts":"2025-08-08T11:34:19.322-04:00","eventName":"n8n.workflow.started","message":"n8n.workflow.started","payload":{"executionId":"149","workflowId":"Z51KsMGW3ZOqOnHZ","isManual":false,"workflowName":"My workflow 2"}}
{"__type":"$$EventMessageConfirm","confirm":"f94388b5-5d89-487e-8642-966b7ce5128b","ts":"2025-08-08T11:34:19.322-04:00","source":{"id":"0","name":"eventBus"}}
{"__type":"$$EventMessageNode","id":"adbfec5a-1cdd-4956-952e-cef798c1ad3e","ts":"2025-08-08T11:34:19.323-04:00","eventName":"n8n.node.started","message":"n8n.node.started","payload":{"workflowId":"Z51KsMGW3ZOqOnHZ","workflowName":"My workflow 2","executionId":"149","nodeType":"n8n-nodes-base.httpRequest","nodeName":"HTTP Request","nodeId":"29f4c098-77d9-43e3-8f72-7c5f926609bf"}}
{"__type":"$$EventMessageConfirm","confirm":"adbfec5a-1cdd-4956-952e-cef798c1ad3e","ts":"2025-08-08T11:34:19.323-04:00","source":{"id":"0","name":"eventBus"}}
{"__type":"$$EventMessageNode","id":"3c7d09de-6633-420c-b05d-18bd4e39eeb3","ts":"2025-08-08T11:34:20.475-04:00","eventName":"n8n.node.finished","message":"n8n.node.finished","payload":{"workflowId":"Z51KsMGW3ZOqOnHZ","workflowName":"My workflow 2","executionId":"149","nodeType":"n8n-nodes-base.httpRequest","nodeName":"HTTP Request","nodeId":"29f4c098-77d9-43e3-8f72-7c5f926609bf"}}
{"__type":"$$EventMessageConfirm","confirm":"3c7d09de-6633-420c-b05d-18bd4e39eeb3","ts":"2025-08-08T11:34:20.476-04:00","source":{"id":"0","name":"eventBus"}}
{"__type":"$$EventMessageWorkflow","id":"7e111f43-ebbb-4c9a-925c-77619d045c21","ts":"2025-08-08T11:34:20.480-04:00","eventName":"n8n.workflow.success","message":"n8n.workflow.success","payload":{"userId":"b47d0fb1-3e65-4518-89af-453857c6bc55","executionId":"149","success":true,"isManual":true,"workflowId":"Z51KsMGW3ZOqOnHZ","workflowName":"My workflow 2"}}
{"__type":"$$EventMessageConfirm","confirm":"7e111f43-ebbb-4c9a-925c-77619d045c21","ts":"2025-08-08T11:34:20.480-04:00","source":{"id":"0","name":"eventBus"}}
{"__type":"$$EventMessageWorkflow","id":"67f03123-648b-4293-bcf2-d747edce6e2c","ts":"2025-08-08T11:34:55.279-04:00","eventName":"n8n.workflow.started","message":"n8n.workflow.started","payload":{"executionId":"150","workflowId":"Z51KsMGW3ZOqOnHZ","isManual":false,"workflowName":"My workflow 2"}}
{"__type":"$$EventMessageConfirm","confirm":"67f03123-648b-4293-bcf2-d747edce6e2c","ts":"2025-08-08T11:34:55.280-04:00","source":{"id":"0","name":"eventBus"}}
{"__type":"$$EventMessageNode","id":"df2142b3-d183-4607-b5cb-b97a71a34673","ts":"2025-08-08T11:34:55.282-04:00","eventName":"n8n.node.started","message":"n8n.node.started","payload":{"workflowId":"Z51KsMGW3ZOqOnHZ","workflowName":"My workflow 2","executionId":"150","nodeType":"n8n-nodes-base.httpRequest","nodeName":"HTTP Request1","nodeId":"926c15c6-34c3-4467-95f2-c77cd91d5f07"}}
{"__type":"$$EventMessageConfirm","confirm":"df2142b3-d183-4607-b5cb-b97a71a34673","ts":"2025-08-08T11:34:55.282-04:00","source":{"id":"0","name":"eventBus"}}
{"__type":"$$EventMessageNode","id":"2a8ac1ac-1ebe-4bb8-b332-83455cde23fb","ts":"2025-08-08T11:34:55.686-04:00","eventName":"n8n.node.finished","message":"n8n.node.finished","payload":{"workflowId":"Z51KsMGW3ZOqOnHZ","workflowName":"My workflow 2","executionId":"150","nodeType":"n8n-nodes-base.httpRequest","nodeName":"HTTP Request1","nodeId":"926c15c6-34c3-4467-95f2-c77cd91d5f07"}}
{"__type":"$$EventMessageConfirm","confirm":"2a8ac1ac-1ebe-4bb8-b332-83455cde23fb","ts":"2025-08-08T11:34:55.686-04:00","source":{"id":"0","name":"eventBus"}}
{"__type":"$$EventMessageWorkflow","id":"2b4d48a1-8f5d-451f-9a1e-189a77ec001f","ts":"2025-08-08T11:34:55.687-04:00","eventName":"n8n.workflow.success","message":"n8n.workflow.success","payload":{"userId":"b47d0fb1-3e65-4518-89af-453857c6bc55","executionId":"150","success":true,"isManual":true,"workflowId":"Z51KsMGW3ZOqOnHZ","workflowName":"My workflow 2"}}
{"__type":"$$EventMessageConfirm","confirm":"2b4d48a1-8f5d-451f-9a1e-189a77ec001f","ts":"2025-08-08T11:34:55.687-04:00","source":{"id":"0","name":"eventBus"}}
{"__type":"$$EventMessageWorkflow","id":"44925489-7987-454b-8dec-9f4f05fb2804","ts":"2025-08-08T11:35:24.465-04:00","eventName":"n8n.workflow.started","message":"n8n.workflow.started","payload":{"executionId":"151","workflowId":"Z51KsMGW3ZOqOnHZ","isManual":false,"workflowName":"My workflow 2"}}
{"__type":"$$EventMessageConfirm","confirm":"44925489-7987-454b-8dec-9f4f05fb2804","ts":"2025-08-08T11:35:24.465-04:00","source":{"id":"0","name":"eventBus"}}
{"__type":"$$EventMessageNode","id":"08ab590d-7099-48c3-b80e-c9193174e922","ts":"2025-08-08T11:35:24.465-04:00","eventName":"n8n.node.started","message":"n8n.node.started","payload":{"workflowId":"Z51KsMGW3ZOqOnHZ","workflowName":"My workflow 2","executionId":"151","nodeType":"n8n-nodes-base.httpRequest","nodeName":"HTTP Request1","nodeId":"926c15c6-34c3-4467-95f2-c77cd91d5f07"}}
{"__type":"$$EventMessageConfirm","confirm":"08ab590d-7099-48c3-b80e-c9193174e922","ts":"2025-08-08T11:35:24.465-04:00","source":{"id":"0","name":"eventBus"}}
{"__type":"$$EventMessageNode","id":"bdf3bd38-31dc-4d19-8a95-6eb93145537a","ts":"2025-08-08T11:35:24.466-04:00","eventName":"n8n.node.finished","message":"n8n.node.finished","payload":{"workflowId":"Z51KsMGW3ZOqOnHZ","workflowName":"My workflow 2","executionId":"151","nodeType":"n8n-nodes-base.httpRequest","nodeName":"HTTP Request1","nodeId":"926c15c6-34c3-4467-95f2-c77cd91d5f07"}}
{"__type":"$$EventMessageConfirm","confirm":"bdf3bd38-31dc-4d19-8a95-6eb93145537a","ts":"2025-08-08T11:35:24.467-04:00","source":{"id":"0","name":"eventBus"}}
{"__type":"$$EventMessageWorkflow","id":"f77a1916-7482-4ab6-b157-974be3798ff0","ts":"2025-08-08T11:35:24.468-04:00","eventName":"n8n.workflow.success","message":"n8n.workflow.success","payload":{"userId":"b47d0fb1-3e65-4518-89af-453857c6bc55","executionId":"151","success":true,"isManual":true,"workflowId":"Z51KsMGW3ZOqOnHZ","workflowName":"My workflow 2"}}
{"__type":"$$EventMessageConfirm","confirm":"f77a1916-7482-4ab6-b157-974be3798ff0","ts":"2025-08-08T11:35:24.468-04:00","source":{"id":"0","name":"eventBus"}}
{"__type":"$$EventMessageWorkflow","id":"3937fa51-095f-4ebc-91b1-325e60202d6a","ts":"2025-08-08T11:35:31.132-04:00","eventName":"n8n.workflow.started","message":"n8n.workflow.started","payload":{"executionId":"152","workflowId":"ucmiLmCdrb6FRZtp","isManual":false,"workflowName":"Daily English Chanllenge"}}
{"__type":"$$EventMessageConfirm","confirm":"3937fa51-095f-4ebc-91b1-325e60202d6a","ts":"2025-08-08T11:35:31.132-04:00","source":{"id":"0","name":"eventBus"}}
{"__type":"$$EventMessageNode","id":"e496dff1-8558-46bc-9610-9ffa52012be9","ts":"2025-08-08T11:35:31.132-04:00","eventName":"n8n.node.started","message":"n8n.node.started","payload":{"workflowId":"ucmiLmCdrb6FRZtp","workflowName":"Daily English Chanllenge","executionId":"152","nodeType":"n8n-nodes-base.scheduleTrigger","nodeName":"Schedule Trigger","nodeId":"b8cbe0d9-a14c-4dcb-a457-0fbc84e2f208"}}
{"__type":"$$EventMessageConfirm","confirm":"e496dff1-8558-46bc-9610-9ffa52012be9","ts":"2025-08-08T11:35:31.132-04:00","source":{"id":"0","name":"eventBus"}}
{"__type":"$$EventMessageNode","id":"b2926102-9f83-42e0-bfae-193d8acddcbf","ts":"2025-08-08T11:35:31.132-04:00","eventName":"n8n.node.finished","message":"n8n.node.finished","payload":{"workflowId":"ucmiLmCdrb6FRZtp","workflowName":"Daily English Chanllenge","executionId":"152","nodeType":"n8n-nodes-base.scheduleTrigger","nodeName":"Schedule Trigger","nodeId":"b8cbe0d9-a14c-4dcb-a457-0fbc84e2f208"}}
{"__type":"$$EventMessageConfirm","confirm":"b2926102-9f83-42e0-bfae-193d8acddcbf","ts":"2025-08-08T11:35:31.132-04:00","source":{"id":"0","name":"eventBus"}}
{"__type":"$$EventMessageWorkflow","id":"c51a4181-19d0-49a9-b9a8-6a4286a1901e","ts":"2025-08-08T11:35:31.132-04:00","eventName":"n8n.workflow.success","message":"n8n.workflow.success","payload":{"executionId":"152","success":true,"isManual":false,"workflowId":"ucmiLmCdrb6FRZtp","workflowName":"Daily English Chanllenge"}}
{"__type":"$$EventMessageConfirm","confirm":"c51a4181-19d0-49a9-b9a8-6a4286a1901e","ts":"2025-08-08T11:35:31.132-04:00","source":{"id":"0","name":"eventBus"}}
{"__type":"$$EventMessageWorkflow","id":"bc79bdec-d999-4f36-b595-d82dee5eeaa6","ts":"2025-08-08T11:36:18.016-04:00","eventName":"n8n.workflow.started","message":"n8n.workflow.started","payload":{"executionId":"153","workflowId":"Z51KsMGW3ZOqOnHZ","isManual":false,"workflowName":"My workflow 2"}}
{"__type":"$$EventMessageConfirm","confirm":"bc79bdec-d999-4f36-b595-d82dee5eeaa6","ts":"2025-08-08T11:36:18.016-04:00","source":{"id":"0","name":"eventBus"}}
{"__type":"$$EventMessageNode","id":"0683a68d-1b3b-4087-b613-5bb6e9fb12cd","ts":"2025-08-08T11:36:18.016-04:00","eventName":"n8n.node.started","message":"n8n.node.started","payload":{"workflowId":"Z51KsMGW3ZOqOnHZ","workflowName":"My workflow 2","executionId":"153","nodeType":"n8n-nodes-base.httpRequest","nodeName":"HTTP Request","nodeId":"29f4c098-77d9-43e3-8f72-7c5f926609bf"}}
{"__type":"$$EventMessageConfirm","confirm":"0683a68d-1b3b-4087-b613-5bb6e9fb12cd","ts":"2025-08-08T11:36:18.016-04:00","source":{"id":"0","name":"eventBus"}}
{"__type":"$$EventMessageNode","id":"023e7ba2-c719-4412-bd0f-96de8ad9dd85","ts":"2025-08-08T11:36:18.017-04:00","eventName":"n8n.node.finished","message":"n8n.node.finished","payload":{"workflowId":"Z51KsMGW3ZOqOnHZ","workflowName":"My workflow 2","executionId":"153","nodeType":"n8n-nodes-base.httpRequest","nodeName":"HTTP Request","nodeId":"29f4c098-77d9-43e3-8f72-7c5f926609bf"}}
{"__type":"$$EventMessageConfirm","confirm":"023e7ba2-c719-4412-bd0f-96de8ad9dd85","ts":"2025-08-08T11:36:18.017-04:00","source":{"id":"0","name":"eventBus"}}
{"__type":"$$EventMessageWorkflow","id":"c02dcdde-d5de-4ae9-8ca1-7b66d843bbcc","ts":"2025-08-08T11:36:18.020-04:00","eventName":"n8n.workflow.success","message":"n8n.workflow.success","payload":{"userId":"b47d0fb1-3e65-4518-89af-453857c6bc55","executionId":"153","success":true,"isManual":true,"workflowId":"Z51KsMGW3ZOqOnHZ","workflowName":"My workflow 2"}}
{"__type":"$$EventMessageConfirm","confirm":"c02dcdde-d5de-4ae9-8ca1-7b66d843bbcc","ts":"2025-08-08T11:36:18.020-04:00","source":{"id":"0","name":"eventBus"}}
{"__type":"$$EventMessageWorkflow","id":"75a25e6f-ee4c-49d4-a607-9343bc3a2ad0","ts":"2025-08-08T11:36:26.578-04:00","eventName":"n8n.workflow.started","message":"n8n.workflow.started","payload":{"executionId":"154","workflowId":"Z51KsMGW3ZOqOnHZ","isManual":false,"workflowName":"My workflow 2"}}
{"__type":"$$EventMessageConfirm","confirm":"75a25e6f-ee4c-49d4-a607-9343bc3a2ad0","ts":"2025-08-08T11:36:26.578-04:00","source":{"id":"0","name":"eventBus"}}
{"__type":"$$EventMessageNode","id":"1b17f219-541a-4d46-a40d-5a6d4e5c5f32","ts":"2025-08-08T11:36:26.578-04:00","eventName":"n8n.node.started","message":"n8n.node.started","payload":{"workflowId":"Z51KsMGW3ZOqOnHZ","workflowName":"My workflow 2","executionId":"154","nodeType":"n8n-nodes-base.httpRequest","nodeName":"HTTP Request","nodeId":"29f4c098-77d9-43e3-8f72-7c5f926609bf"}}
{"__type":"$$EventMessageConfirm","confirm":"1b17f219-541a-4d46-a40d-5a6d4e5c5f32","ts":"2025-08-08T11:36:26.578-04:00","source":{"id":"0","name":"eventBus"}}
{"__type":"$$EventMessageNode","id":"ccb90f7c-6ce8-4e07-a37a-7d0b2c1ecdcd","ts":"2025-08-08T11:36:26.916-04:00","eventName":"n8n.node.finished","message":"n8n.node.finished","payload":{"workflowId":"Z51KsMGW3ZOqOnHZ","workflowName":"My workflow 2","executionId":"154","nodeType":"n8n-nodes-base.httpRequest","nodeName":"HTTP Request","nodeId":"29f4c098-77d9-43e3-8f72-7c5f926609bf"}}
{"__type":"$$EventMessageConfirm","confirm":"ccb90f7c-6ce8-4e07-a37a-7d0b2c1ecdcd","ts":"2025-08-08T11:36:26.916-04:00","source":{"id":"0","name":"eventBus"}}
{"__type":"$$EventMessageWorkflow","id":"2be91a3f-28de-4a46-adf0-6d510c377fb2","ts":"2025-08-08T11:36:26.917-04:00","eventName":"n8n.workflow.success","message":"n8n.workflow.success","payload":{"userId":"b47d0fb1-3e65-4518-89af-453857c6bc55","executionId":"154","success":true,"isManual":true,"workflowId":"Z51KsMGW3ZOqOnHZ","workflowName":"My workflow 2"}}
{"__type":"$$EventMessageConfirm","confirm":"2be91a3f-28de-4a46-adf0-6d510c377fb2","ts":"2025-08-08T11:36:26.917-04:00","source":{"id":"0","name":"eventBus"}}
{"__type":"$$EventMessageWorkflow","id":"c1e2c3ed-7b77-4f8d-91ae-072a7f4fa228","ts":"2025-08-08T11:36:58.779-04:00","eventName":"n8n.workflow.started","message":"n8n.workflow.started","payload":{"executionId":"155","workflowId":"Z51KsMGW3ZOqOnHZ","isManual":false,"workflowName":"My workflow 2"}}
{"__type":"$$EventMessageConfirm","confirm":"c1e2c3ed-7b77-4f8d-91ae-072a7f4fa228","ts":"2025-08-08T11:36:58.779-04:00","source":{"id":"0","name":"eventBus"}}
{"__type":"$$EventMessageNode","id":"72e67be5-fdbe-4154-be5a-6c91da76c528","ts":"2025-08-08T11:36:58.779-04:00","eventName":"n8n.node.started","message":"n8n.node.started","payload":{"workflowId":"Z51KsMGW3ZOqOnHZ","workflowName":"My workflow 2","executionId":"155","nodeType":"n8n-nodes-base.manualTrigger","nodeName":"When clicking ‘Execute workflow’","nodeId":"2b47e66e-6ba9-4505-bcac-a2f70dbd0914"}}
{"__type":"$$EventMessageConfirm","confirm":"72e67be5-fdbe-4154-be5a-6c91da76c528","ts":"2025-08-08T11:36:58.780-04:00","source":{"id":"0","name":"eventBus"}}
{"__type":"$$EventMessageNode","id":"1abeb7a1-4060-404c-a1bf-a450ed7be9d5","ts":"2025-08-08T11:36:58.780-04:00","eventName":"n8n.node.finished","message":"n8n.node.finished","payload":{"workflowId":"Z51KsMGW3ZOqOnHZ","workflowName":"My workflow 2","executionId":"155","nodeType":"n8n-nodes-base.manualTrigger","nodeName":"When clicking ‘Execute workflow’","nodeId":"2b47e66e-6ba9-4505-bcac-a2f70dbd0914"}}
{"__type":"$$EventMessageConfirm","confirm":"1abeb7a1-4060-404c-a1bf-a450ed7be9d5","ts":"2025-08-08T11:36:58.780-04:00","source":{"id":"0","name":"eventBus"}}
{"__type":"$$EventMessageNode","id":"a8412387-87ec-40f1-bc8b-d3cc4fe2ec40","ts":"2025-08-08T11:36:58.780-04:00","eventName":"n8n.node.started","message":"n8n.node.started","payload":{"workflowId":"Z51KsMGW3ZOqOnHZ","workflowName":"My workflow 2","executionId":"155","nodeType":"n8n-nodes-base.httpRequest","nodeName":"HTTP Request","nodeId":"02af5a62-03a8-4a4f-a35e-5a2e4d8d25d2"}}
{"__type":"$$EventMessageConfirm","confirm":"a8412387-87ec-40f1-bc8b-d3cc4fe2ec40","ts":"2025-08-08T11:36:58.780-04:00","source":{"id":"0","name":"eventBus"}}
{"__type":"$$EventMessageNode","id":"40b00819-16c7-4d88-8a82-82b012a3f70e","ts":"2025-08-08T11:36:59.148-04:00","eventName":"n8n.node.finished","message":"n8n.node.finished","payload":{"workflowId":"Z51KsMGW3ZOqOnHZ","workflowName":"My workflow 2","executionId":"155","nodeType":"n8n-nodes-base.httpRequest","nodeName":"HTTP Request","nodeId":"02af5a62-03a8-4a4f-a35e-5a2e4d8d25d2"}}
{"__type":"$$EventMessageConfirm","confirm":"40b00819-16c7-4d88-8a82-82b012a3f70e","ts":"2025-08-08T11:36:59.148-04:00","source":{"id":"0","name":"eventBus"}}
{"__type":"$$EventMessageWorkflow","id":"4a202a20-caa6-4e99-816c-73023bab5058","ts":"2025-08-08T11:36:59.148-04:00","eventName":"n8n.workflow.success","message":"n8n.workflow.success","payload":{"userId":"b47d0fb1-3e65-4518-89af-453857c6bc55","executionId":"155","success":true,"isManual":true,"workflowId":"Z51KsMGW3ZOqOnHZ","workflowName":"My workflow 2"}}
{"__type":"$$EventMessageConfirm","confirm":"4a202a20-caa6-4e99-816c-73023bab5058","ts":"2025-08-08T11:36:59.149-04:00","source":{"id":"0","name":"eventBus"}}
{"__type":"$$EventMessageWorkflow","id":"e6b8a8d3-2edd-4730-8c4d-caadce9376d5","ts":"2025-08-08T11:37:17.297-04:00","eventName":"n8n.workflow.started","message":"n8n.workflow.started","payload":{"executionId":"156","workflowId":"Z51KsMGW3ZOqOnHZ","isManual":false,"workflowName":"My workflow 2"}}
{"__type":"$$EventMessageConfirm","confirm":"e6b8a8d3-2edd-4730-8c4d-caadce9376d5","ts":"2025-08-08T11:37:17.298-04:00","source":{"id":"0","name":"eventBus"}}
{"__type":"$$EventMessageNode","id":"1eec3e95-e0f6-4f2f-b05a-91b7343c7ba7","ts":"2025-08-08T11:37:17.299-04:00","eventName":"n8n.node.started","message":"n8n.node.started","payload":{"workflowId":"Z51KsMGW3ZOqOnHZ","workflowName":"My workflow 2","executionId":"156","nodeType":"n8n-nodes-base.httpRequest","nodeName":"HTTP Request","nodeId":"02af5a62-03a8-4a4f-a35e-5a2e4d8d25d2"}}
{"__type":"$$EventMessageConfirm","confirm":"1eec3e95-e0f6-4f2f-b05a-91b7343c7ba7","ts":"2025-08-08T11:37:17.300-04:00","source":{"id":"0","name":"eventBus"}}
{"__type":"$$EventMessageNode","id":"c0820a0c-71d2-4354-b1c9-4eec5add77e3","ts":"2025-08-08T11:37:17.693-04:00","eventName":"n8n.node.finished","message":"n8n.node.finished","payload":{"workflowId":"Z51KsMGW3ZOqOnHZ","workflowName":"My workflow 2","executionId":"156","nodeType":"n8n-nodes-base.httpRequest","nodeName":"HTTP Request","nodeId":"02af5a62-03a8-4a4f-a35e-5a2e4d8d25d2"}}
{"__type":"$$EventMessageConfirm","confirm":"c0820a0c-71d2-4354-b1c9-4eec5add77e3","ts":"2025-08-08T11:37:17.693-04:00","source":{"id":"0","name":"eventBus"}}
{"__type":"$$EventMessageWorkflow","id":"5db91590-c999-40ce-afbf-c1b595b894fc","ts":"2025-08-08T11:37:17.694-04:00","eventName":"n8n.workflow.success","message":"n8n.workflow.success","payload":{"userId":"b47d0fb1-3e65-4518-89af-453857c6bc55","executionId":"156","success":true,"isManual":true,"workflowId":"Z51KsMGW3ZOqOnHZ","workflowName":"My workflow 2"}}
{"__type":"$$EventMessageConfirm","confirm":"5db91590-c999-40ce-afbf-c1b595b894fc","ts":"2025-08-08T11:37:17.694-04:00","source":{"id":"0","name":"eventBus"}}
{"__type":"$$EventMessageWorkflow","id":"efdc8625-aeab-482d-811e-9424fab7deb7","ts":"2025-08-08T11:37:37.426-04:00","eventName":"n8n.workflow.started","message":"n8n.workflow.started","payload":{"executionId":"157","workflowId":"ISDPRZkXm3miWmK7","isManual":false,"workflowName":"My workflow"}}
{"__type":"$$EventMessageConfirm","confirm":"efdc8625-aeab-482d-811e-9424fab7deb7","ts":"2025-08-08T11:37:37.426-04:00","source":{"id":"0","name":"eventBus"}}
{"__type":"$$EventMessageNode","id":"2b90bd39-9975-4214-b72e-fc004c6da4c9","ts":"2025-08-08T11:37:37.427-04:00","eventName":"n8n.node.started","message":"n8n.node.started","payload":{"workflowId":"ISDPRZkXm3miWmK7","workflowName":"My workflow","executionId":"157","nodeType":"n8n-nodes-base.cron","nodeName":"Start Daily Trigger","nodeId":"12db43fb-0c8d-4131-b365-066e88a50b54"}}
{"__type":"$$EventMessageConfirm","confirm":"2b90bd39-9975-4214-b72e-fc004c6da4c9","ts":"2025-08-08T11:37:37.427-04:00","source":{"id":"0","name":"eventBus"}}
{"__type":"$$EventMessageNode","id":"3f77bd48-8ddc-4cac-813b-8078bca22aba","ts":"2025-08-08T11:37:37.432-04:00","eventName":"n8n.node.finished","message":"n8n.node.finished","payload":{"workflowId":"ISDPRZkXm3miWmK7","workflowName":"My workflow","executionId":"157","nodeType":"n8n-nodes-base.cron","nodeName":"Start Daily Trigger","nodeId":"12db43fb-0c8d-4131-b365-066e88a50b54"}}
{"__type":"$$EventMessageConfirm","confirm":"3f77bd48-8ddc-4cac-813b-8078bca22aba","ts":"2025-08-08T11:37:37.432-04:00","source":{"id":"0","name":"eventBus"}}
{"__type":"$$EventMessageNode","id":"5eefe06c-dac4-4187-8439-762393a57a3b","ts":"2025-08-08T11:37:37.433-04:00","eventName":"n8n.node.started","message":"n8n.node.started","payload":{"workflowId":"ISDPRZkXm3miWmK7","workflowName":"My workflow","executionId":"157","nodeType":"n8n-nodes-base.httpRequest","nodeName":"Get English Words","nodeId":"3d67fd4e-5d33-4268-b975-a0b877d66938"}}
{"__type":"$$EventMessageConfirm","confirm":"5eefe06c-dac4-4187-8439-762393a57a3b","ts":"2025-08-08T11:37:37.433-04:00","source":{"id":"0","name":"eventBus"}}
{"__type":"$$EventMessageNode","id":"526bbdbb-39eb-4de8-9936-beb2aa745949","ts":"2025-08-08T11:37:42.225-04:00","eventName":"n8n.node.finished","message":"n8n.node.finished","payload":{"workflowId":"ISDPRZkXm3miWmK7","workflowName":"My workflow","executionId":"157","nodeType":"n8n-nodes-base.httpRequest","nodeName":"Get English Words","nodeId":"3d67fd4e-5d33-4268-b975-a0b877d66938"}}
{"__type":"$$EventMessageConfirm","confirm":"526bbdbb-39eb-4de8-9936-beb2aa745949","ts":"2025-08-08T11:37:42.225-04:00","source":{"id":"0","name":"eventBus"}}
{"__type":"$$EventMessageNode","id":"b82ee612-0669-47f3-a549-a4784b1fe0ad","ts":"2025-08-08T11:37:42.225-04:00","eventName":"n8n.node.started","message":"n8n.node.started","payload":{"workflowId":"ISDPRZkXm3miWmK7","workflowName":"My workflow","executionId":"157","nodeType":"n8n-nodes-base.function","nodeName":"Filter Old Words","nodeId":"f007284a-e4a8-4c49-9bf8-36741f05fd6c"}}
{"__type":"$$EventMessageConfirm","confirm":"b82ee612-0669-47f3-a549-a4784b1fe0ad","ts":"2025-08-08T11:37:42.225-04:00","source":{"id":"0","name":"eventBus"}}
{"__type":"$$EventMessageNode","id":"ea5df83a-5a5f-49b4-be7a-bf580ffedd16","ts":"2025-08-08T11:37:42.238-04:00","eventName":"n8n.node.finished","message":"n8n.node.finished","payload":{"workflowId":"ISDPRZkXm3miWmK7","workflowName":"My workflow","executionId":"157","nodeType":"n8n-nodes-base.function","nodeName":"Filter Old Words","nodeId":"f007284a-e4a8-4c49-9bf8-36741f05fd6c"}}
{"__type":"$$EventMessageConfirm","confirm":"ea5df83a-5a5f-49b4-be7a-bf580ffedd16","ts":"2025-08-08T11:37:42.239-04:00","source":{"id":"0","name":"eventBus"}}
{"__type":"$$EventMessageWorkflow","id":"a5b3f1a9-7d16-431f-b610-6f7186b7d7b3","ts":"2025-08-08T11:37:42.240-04:00","eventName":"n8n.workflow.success","message":"n8n.workflow.success","payload":{"userId":"b47d0fb1-3e65-4518-89af-453857c6bc55","executionId":"157","success":true,"isManual":true,"workflowId":"ISDPRZkXm3miWmK7","workflowName":"My workflow"}}
{"__type":"$$EventMessageConfirm","confirm":"a5b3f1a9-7d16-431f-b610-6f7186b7d7b3","ts":"2025-08-08T11:37:42.240-04:00","source":{"id":"0","name":"eventBus"}}
{"__type":"$$EventMessageWorkflow","id":"a51b3c5a-64fd-4af8-912d-801c2d2e79a4","ts":"2025-08-08T11:37:46.643-04:00","eventName":"n8n.workflow.started","message":"n8n.workflow.started","payload":{"executionId":"158","workflowId":"ISDPRZkXm3miWmK7","isManual":false,"workflowName":"My workflow"}}
{"__type":"$$EventMessageConfirm","confirm":"a51b3c5a-64fd-4af8-912d-801c2d2e79a4","ts":"2025-08-08T11:37:46.643-04:00","source":{"id":"0","name":"eventBus"}}
{"__type":"$$EventMessageWorkflow","id":"ceb06c2d-4b92-4627-855f-69dcf4964653","ts":"2025-08-08T11:37:46.645-04:00","eventName":"n8n.workflow.success","message":"n8n.workflow.success","payload":{"userId":"b47d0fb1-3e65-4518-89af-453857c6bc55","executionId":"158","success":true,"isManual":true,"workflowId":"ISDPRZkXm3miWmK7","workflowName":"My workflow"}}
{"__type":"$$EventMessageConfirm","confirm":"ceb06c2d-4b92-4627-855f-69dcf4964653","ts":"2025-08-08T11:37:46.645-04:00","source":{"id":"0","name":"eventBus"}}
{"__type":"$$EventMessageWorkflow","id":"02388982-8958-4cfa-a71c-786bc163e667","ts":"2025-08-08T11:37:48.409-04:00","eventName":"n8n.workflow.started","message":"n8n.workflow.started","payload":{"executionId":"159","workflowId":"ISDPRZkXm3miWmK7","isManual":false,"workflowName":"My workflow"}}
{"__type":"$$EventMessageConfirm","confirm":"02388982-8958-4cfa-a71c-786bc163e667","ts":"2025-08-08T11:37:48.409-04:00","source":{"id":"0","name":"eventBus"}}
{"__type":"$$EventMessageWorkflow","id":"ddeada81-fd5e-4846-9d04-778e42e3b700","ts":"2025-08-08T11:37:48.412-04:00","eventName":"n8n.workflow.success","message":"n8n.workflow.success","payload":{"userId":"b47d0fb1-3e65-4518-89af-453857c6bc55","executionId":"159","success":true,"isManual":true,"workflowId":"ISDPRZkXm3miWmK7","workflowName":"My workflow"}}
{"__type":"$$EventMessageConfirm","confirm":"ddeada81-fd5e-4846-9d04-778e42e3b700","ts":"2025-08-08T11:37:48.412-04:00","source":{"id":"0","name":"eventBus"}}
{"__type":"$$EventMessageWorkflow","id":"0dcefc51-f99b-4971-8107-eeb54efb3638","ts":"2025-08-08T11:37:59.398-04:00","eventName":"n8n.workflow.started","message":"n8n.workflow.started","payload":{"executionId":"160","workflowId":"ISDPRZkXm3miWmK7","isManual":false,"workflowName":"My workflow"}}
{"__type":"$$EventMessageConfirm","confirm":"0dcefc51-f99b-4971-8107-eeb54efb3638","ts":"2025-08-08T11:37:59.398-04:00","source":{"id":"0","name":"eventBus"}}
{"__type":"$$EventMessageWorkflow","id":"b0cd34c7-4786-438c-8223-659d965bafed","ts":"2025-08-08T11:37:59.400-04:00","eventName":"n8n.workflow.success","message":"n8n.workflow.success","payload":{"userId":"b47d0fb1-3e65-4518-89af-453857c6bc55","executionId":"160","success":true,"isManual":true,"workflowId":"ISDPRZkXm3miWmK7","workflowName":"My workflow"}}
{"__type":"$$EventMessageConfirm","confirm":"b0cd34c7-4786-438c-8223-659d965bafed","ts":"2025-08-08T11:37:59.400-04:00","source":{"id":"0","name":"eventBus"}}
{"__type":"$$EventMessageWorkflow","id":"c8e1f6c2-69a8-4057-aecf-f22d3a07ac89","ts":"2025-08-08T11:38:08.409-04:00","eventName":"n8n.workflow.started","message":"n8n.workflow.started","payload":{"executionId":"161","workflowId":"ISDPRZkXm3miWmK7","isManual":false,"workflowName":"My workflow"}}
{"__type":"$$EventMessageConfirm","confirm":"c8e1f6c2-69a8-4057-aecf-f22d3a07ac89","ts":"2025-08-08T11:38:08.409-04:00","source":{"id":"0","name":"eventBus"}}
{"__type":"$$EventMessageWorkflow","id":"ceeb04fb-1557-499b-8189-3760d41a75e6","ts":"2025-08-08T11:38:08.410-04:00","eventName":"n8n.workflow.success","message":"n8n.workflow.success","payload":{"userId":"b47d0fb1-3e65-4518-89af-453857c6bc55","executionId":"161","success":true,"isManual":true,"workflowId":"ISDPRZkXm3miWmK7","workflowName":"My workflow"}}
{"__type":"$$EventMessageConfirm","confirm":"ceeb04fb-1557-499b-8189-3760d41a75e6","ts":"2025-08-08T11:38:08.410-04:00","source":{"id":"0","name":"eventBus"}}
{"__type":"$$EventMessageAudit","id":"c0a9be7f-2e16-4f4c-b7f7-4250c6687e1e","ts":"2025-08-08T11:38:12.694-04:00","eventName":"n8n.audit.workflow.updated","message":"n8n.audit.workflow.updated","payload":{"userId":"b47d0fb1-3e65-4518-89af-453857c6bc55","_email":"i.jinnawat024@gmail.com","_firstName":"Jinnawat","_lastName":"inyim","globalRole":"global:owner","workflowId":"ISDPRZkXm3miWmK7","workflowName":"My workflow"}}
{"__type":"$$EventMessageConfirm","confirm":"c0a9be7f-2e16-4f4c-b7f7-4250c6687e1e","ts":"2025-08-08T11:38:12.694-04:00","source":{"id":"0","name":"eventBus"}}
{"__type":"$$EventMessageWorkflow","id":"405efa90-64a4-441b-b77e-c82cf70e6cc7","ts":"2025-08-08T11:38:19.319-04:00","eventName":"n8n.workflow.started","message":"n8n.workflow.started","payload":{"executionId":"162","workflowId":"Z51KsMGW3ZOqOnHZ","isManual":false,"workflowName":"My workflow 2"}}
{"__type":"$$EventMessageConfirm","confirm":"405efa90-64a4-441b-b77e-c82cf70e6cc7","ts":"2025-08-08T11:38:19.319-04:00","source":{"id":"0","name":"eventBus"}}
{"__type":"$$EventMessageNode","id":"7bb0843d-1207-41f9-8d87-ba76ceb483b5","ts":"2025-08-08T11:38:19.319-04:00","eventName":"n8n.node.started","message":"n8n.node.started","payload":{"workflowId":"Z51KsMGW3ZOqOnHZ","workflowName":"My workflow 2","executionId":"162","nodeType":"n8n-nodes-base.httpRequest","nodeName":"HTTP Request","nodeId":"29f4c098-77d9-43e3-8f72-7c5f926609bf"}}
{"__type":"$$EventMessageConfirm","confirm":"7bb0843d-1207-41f9-8d87-ba76ceb483b5","ts":"2025-08-08T11:38:19.319-04:00","source":{"id":"0","name":"eventBus"}}
{"__type":"$$EventMessageNode","id":"b0686f98-1efb-4bcc-96fe-8008535feb73","ts":"2025-08-08T11:38:19.588-04:00","eventName":"n8n.node.finished","message":"n8n.node.finished","payload":{"workflowId":"Z51KsMGW3ZOqOnHZ","workflowName":"My workflow 2","executionId":"162","nodeType":"n8n-nodes-base.httpRequest","nodeName":"HTTP Request","nodeId":"29f4c098-77d9-43e3-8f72-7c5f926609bf"}}
{"__type":"$$EventMessageConfirm","confirm":"b0686f98-1efb-4bcc-96fe-8008535feb73","ts":"2025-08-08T11:38:19.588-04:00","source":{"id":"0","name":"eventBus"}}
{"__type":"$$EventMessageWorkflow","id":"7f8d772e-f09d-4428-b75d-21f59ff9502b","ts":"2025-08-08T11:38:19.590-04:00","eventName":"n8n.workflow.success","message":"n8n.workflow.success","payload":{"userId":"b47d0fb1-3e65-4518-89af-453857c6bc55","executionId":"162","success":true,"isManual":true,"workflowId":"Z51KsMGW3ZOqOnHZ","workflowName":"My workflow 2"}}
{"__type":"$$EventMessageConfirm","confirm":"7f8d772e-f09d-4428-b75d-21f59ff9502b","ts":"2025-08-08T11:38:19.590-04:00","source":{"id":"0","name":"eventBus"}}
{"__type":"$$EventMessageWorkflow","id":"511e5040-bf1f-445a-bbb0-d8f488fb2433","ts":"2025-08-08T11:38:44.411-04:00","eventName":"n8n.workflow.started","message":"n8n.workflow.started","payload":{"executionId":"163","workflowId":"Z51KsMGW3ZOqOnHZ","isManual":false,"workflowName":"My workflow 2"}}
{"__type":"$$EventMessageConfirm","confirm":"511e5040-bf1f-445a-bbb0-d8f488fb2433","ts":"2025-08-08T11:38:44.412-04:00","source":{"id":"0","name":"eventBus"}}
{"__type":"$$EventMessageNode","id":"ac8e03e9-3a2a-46bc-ad99-dd3d39899aee","ts":"2025-08-08T11:38:44.412-04:00","eventName":"n8n.node.started","message":"n8n.node.started","payload":{"workflowId":"Z51KsMGW3ZOqOnHZ","workflowName":"My workflow 2","executionId":"163","nodeType":"n8n-nodes-base.manualTrigger","nodeName":"When clicking ‘Execute workflow’","nodeId":"5b65f5b8-4b11-4ea9-b5b1-71419e193c70"}}
{"__type":"$$EventMessageConfirm","confirm":"ac8e03e9-3a2a-46bc-ad99-dd3d39899aee","ts":"2025-08-08T11:38:44.412-04:00","source":{"id":"0","name":"eventBus"}}
{"__type":"$$EventMessageNode","id":"727eca49-edc4-4185-8d0b-bacdea4d7949","ts":"2025-08-08T11:38:44.413-04:00","eventName":"n8n.node.finished","message":"n8n.node.finished","payload":{"workflowId":"Z51KsMGW3ZOqOnHZ","workflowName":"My workflow 2","executionId":"163","nodeType":"n8n-nodes-base.manualTrigger","nodeName":"When clicking ‘Execute workflow’","nodeId":"5b65f5b8-4b11-4ea9-b5b1-71419e193c70"}}
{"__type":"$$EventMessageConfirm","confirm":"727eca49-edc4-4185-8d0b-bacdea4d7949","ts":"2025-08-08T11:38:44.413-04:00","source":{"id":"0","name":"eventBus"}}
{"__type":"$$EventMessageNode","id":"13e131df-787a-4a77-b89e-b995d925f661","ts":"2025-08-08T11:38:44.413-04:00","eventName":"n8n.node.started","message":"n8n.node.started","payload":{"workflowId":"Z51KsMGW3ZOqOnHZ","workflowName":"My workflow 2","executionId":"163","nodeType":"n8n-nodes-base.httpRequest","nodeName":"HTTP Request","nodeId":"f7d46cbc-c336-403e-93d7-a2d9da045415"}}
{"__type":"$$EventMessageConfirm","confirm":"13e131df-787a-4a77-b89e-b995d925f661","ts":"2025-08-08T11:38:44.413-04:00","source":{"id":"0","name":"eventBus"}}
{"__type":"$$EventMessageNode","id":"ef17fc64-3c40-4926-97c1-4d2418eeed33","ts":"2025-08-08T11:38:44.863-04:00","eventName":"n8n.node.finished","message":"n8n.node.finished","payload":{"workflowId":"Z51KsMGW3ZOqOnHZ","workflowName":"My workflow 2","executionId":"163","nodeType":"n8n-nodes-base.httpRequest","nodeName":"HTTP Request","nodeId":"f7d46cbc-c336-403e-93d7-a2d9da045415"}}
{"__type":"$$EventMessageConfirm","confirm":"ef17fc64-3c40-4926-97c1-4d2418eeed33","ts":"2025-08-08T11:38:44.864-04:00","source":{"id":"0","name":"eventBus"}}
{"__type":"$$EventMessageWorkflow","id":"68ece721-066b-4c9a-bbd9-abd713e459ca","ts":"2025-08-08T11:38:44.864-04:00","eventName":"n8n.workflow.success","message":"n8n.workflow.success","payload":{"userId":"b47d0fb1-3e65-4518-89af-453857c6bc55","executionId":"163","success":true,"isManual":true,"workflowId":"Z51KsMGW3ZOqOnHZ","workflowName":"My workflow 2"}}
{"__type":"$$EventMessageConfirm","confirm":"68ece721-066b-4c9a-bbd9-abd713e459ca","ts":"2025-08-08T11:38:44.864-04:00","source":{"id":"0","name":"eventBus"}}
{"__type":"$$EventMessageWorkflow","id":"e9752238-aceb-4432-8357-b44aa6b7bf25","ts":"2025-08-08T11:39:11.144-04:00","eventName":"n8n.workflow.started","message":"n8n.workflow.started","payload":{"executionId":"164","workflowId":"ISDPRZkXm3miWmK7","isManual":false,"workflowName":"My workflow"}}
{"__type":"$$EventMessageConfirm","confirm":"e9752238-aceb-4432-8357-b44aa6b7bf25","ts":"2025-08-08T11:39:11.144-04:00","source":{"id":"0","name":"eventBus"}}
{"__type":"$$EventMessageNode","id":"7faaa947-14ac-4381-8747-f842a308a08b","ts":"2025-08-08T11:39:11.144-04:00","eventName":"n8n.node.started","message":"n8n.node.started","payload":{"workflowId":"ISDPRZkXm3miWmK7","workflowName":"My workflow","executionId":"164","nodeType":"n8n-nodes-base.cron","nodeName":"Start Daily Trigger","nodeId":"12db43fb-0c8d-4131-b365-066e88a50b54"}}
{"__type":"$$EventMessageConfirm","confirm":"7faaa947-14ac-4381-8747-f842a308a08b","ts":"2025-08-08T11:39:11.144-04:00","source":{"id":"0","name":"eventBus"}}
{"__type":"$$EventMessageNode","id":"50b3a9cf-120e-4270-94b2-f3b65b378078","ts":"2025-08-08T11:39:11.148-04:00","eventName":"n8n.node.finished","message":"n8n.node.finished","payload":{"workflowId":"ISDPRZkXm3miWmK7","workflowName":"My workflow","executionId":"164","nodeType":"n8n-nodes-base.cron","nodeName":"Start Daily Trigger","nodeId":"12db43fb-0c8d-4131-b365-066e88a50b54"}}
{"__type":"$$EventMessageConfirm","confirm":"50b3a9cf-120e-4270-94b2-f3b65b378078","ts":"2025-08-08T11:39:11.148-04:00","source":{"id":"0","name":"eventBus"}}
{"__type":"$$EventMessageNode","id":"a28f9c19-1541-4c19-bccb-5d28bda5c501","ts":"2025-08-08T11:39:11.150-04:00","eventName":"n8n.node.started","message":"n8n.node.started","payload":{"workflowId":"ISDPRZkXm3miWmK7","workflowName":"My workflow","executionId":"164","nodeType":"n8n-nodes-base.httpRequest","nodeName":"Get English Words","nodeId":"3d67fd4e-5d33-4268-b975-a0b877d66938"}}
{"__type":"$$EventMessageConfirm","confirm":"a28f9c19-1541-4c19-bccb-5d28bda5c501","ts":"2025-08-08T11:39:11.150-04:00","source":{"id":"0","name":"eventBus"}}
{"__type":"$$EventMessageNode","id":"0e33f1b9-e71b-452f-916d-5fc527bbd1a2","ts":"2025-08-08T11:39:16.891-04:00","eventName":"n8n.node.finished","message":"n8n.node.finished","payload":{"workflowId":"ISDPRZkXm3miWmK7","workflowName":"My workflow","executionId":"164","nodeType":"n8n-nodes-base.httpRequest","nodeName":"Get English Words","nodeId":"3d67fd4e-5d33-4268-b975-a0b877d66938"}}
{"__type":"$$EventMessageConfirm","confirm":"0e33f1b9-e71b-452f-916d-5fc527bbd1a2","ts":"2025-08-08T11:39:16.891-04:00","source":{"id":"0","name":"eventBus"}}
{"__type":"$$EventMessageNode","id":"b7b628ce-77bf-48ef-bcc2-bcfe2ec5c98c","ts":"2025-08-08T11:39:16.891-04:00","eventName":"n8n.node.started","message":"n8n.node.started","payload":{"workflowId":"ISDPRZkXm3miWmK7","workflowName":"My workflow","executionId":"164","nodeType":"n8n-nodes-base.function","nodeName":"Filter Old Words","nodeId":"f007284a-e4a8-4c49-9bf8-36741f05fd6c"}}
{"__type":"$$EventMessageConfirm","confirm":"b7b628ce-77bf-48ef-bcc2-bcfe2ec5c98c","ts":"2025-08-08T11:39:16.891-04:00","source":{"id":"0","name":"eventBus"}}
{"__type":"$$EventMessageNode","id":"0944d49d-ca51-45a0-8ef9-e61f6b5705ca","ts":"2025-08-08T11:39:16.904-04:00","eventName":"n8n.node.finished","message":"n8n.node.finished","payload":{"workflowId":"ISDPRZkXm3miWmK7","workflowName":"My workflow","executionId":"164","nodeType":"n8n-nodes-base.function","nodeName":"Filter Old Words","nodeId":"f007284a-e4a8-4c49-9bf8-36741f05fd6c"}}
{"__type":"$$EventMessageConfirm","confirm":"0944d49d-ca51-45a0-8ef9-e61f6b5705ca","ts":"2025-08-08T11:39:16.904-04:00","source":{"id":"0","name":"eventBus"}}
{"__type":"$$EventMessageWorkflow","id":"c69695fd-d4ff-44b6-b848-fe2f9cecfaf5","ts":"2025-08-08T11:39:16.905-04:00","eventName":"n8n.workflow.success","message":"n8n.workflow.success","payload":{"userId":"b47d0fb1-3e65-4518-89af-453857c6bc55","executionId":"164","success":true,"isManual":true,"workflowId":"ISDPRZkXm3miWmK7","workflowName":"My workflow"}}
{"__type":"$$EventMessageConfirm","confirm":"c69695fd-d4ff-44b6-b848-fe2f9cecfaf5","ts":"2025-08-08T11:39:16.905-04:00","source":{"id":"0","name":"eventBus"}}
{"__type":"$$EventMessageWorkflow","id":"0639cba9-cd69-494c-82b3-db34e6a4a21e","ts":"2025-08-08T11:39:25.230-04:00","eventName":"n8n.workflow.started","message":"n8n.workflow.started","payload":{"executionId":"165","workflowId":"ISDPRZkXm3miWmK7","isManual":false,"workflowName":"My workflow"}}
{"__type":"$$EventMessageConfirm","confirm":"0639cba9-cd69-494c-82b3-db34e6a4a21e","ts":"2025-08-08T11:39:25.231-04:00","source":{"id":"0","name":"eventBus"}}
{"__type":"$$EventMessageNode","id":"8f6a15b0-87ec-49a3-a0fd-1aadabaae628","ts":"2025-08-08T11:39:25.231-04:00","eventName":"n8n.node.started","message":"n8n.node.started","payload":{"workflowId":"ISDPRZkXm3miWmK7","workflowName":"My workflow","executionId":"165","nodeType":"n8n-nodes-base.httpRequest","nodeName":"HTTP Request1","nodeId":"e8ed3299-f279-4b32-adf9-63e521b5e3c3"}}
{"__type":"$$EventMessageConfirm","confirm":"8f6a15b0-87ec-49a3-a0fd-1aadabaae628","ts":"2025-08-08T11:39:25.231-04:00","source":{"id":"0","name":"eventBus"}}
{"__type":"$$EventMessageNode","id":"828353e2-10b9-488d-b372-ac901bf46ea9","ts":"2025-08-08T11:39:25.761-04:00","eventName":"n8n.node.finished","message":"n8n.node.finished","payload":{"workflowId":"ISDPRZkXm3miWmK7","workflowName":"My workflow","executionId":"165","nodeType":"n8n-nodes-base.httpRequest","nodeName":"HTTP Request1","nodeId":"e8ed3299-f279-4b32-adf9-63e521b5e3c3"}}
{"__type":"$$EventMessageConfirm","confirm":"828353e2-10b9-488d-b372-ac901bf46ea9","ts":"2025-08-08T11:39:25.761-04:00","source":{"id":"0","name":"eventBus"}}
{"__type":"$$EventMessageWorkflow","id":"eb49a9a7-74d2-4f18-b28a-f86a2039f926","ts":"2025-08-08T11:39:25.763-04:00","eventName":"n8n.workflow.success","message":"n8n.workflow.success","payload":{"userId":"b47d0fb1-3e65-4518-89af-453857c6bc55","executionId":"165","success":true,"isManual":true,"workflowId":"ISDPRZkXm3miWmK7","workflowName":"My workflow"}}
{"__type":"$$EventMessageConfirm","confirm":"eb49a9a7-74d2-4f18-b28a-f86a2039f926","ts":"2025-08-08T11:39:25.763-04:00","source":{"id":"0","name":"eventBus"}}
{"__type":"$$EventMessageWorkflow","id":"912b075c-a385-4f09-8d22-e2ff912e4bcd","ts":"2025-08-08T11:39:50.271-04:00","eventName":"n8n.workflow.started","message":"n8n.workflow.started","payload":{"executionId":"166","workflowId":"ISDPRZkXm3miWmK7","isManual":false,"workflowName":"My workflow"}}
{"__type":"$$EventMessageConfirm","confirm":"912b075c-a385-4f09-8d22-e2ff912e4bcd","ts":"2025-08-08T11:39:50.272-04:00","source":{"id":"0","name":"eventBus"}}
{"__type":"$$EventMessageNode","id":"39a07fbe-1bfa-4943-a53d-6558f58d697e","ts":"2025-08-08T11:39:50.272-04:00","eventName":"n8n.node.started","message":"n8n.node.started","payload":{"workflowId":"ISDPRZkXm3miWmK7","workflowName":"My workflow","executionId":"166","nodeType":"n8n-nodes-base.cron","nodeName":"Start Daily Trigger","nodeId":"12db43fb-0c8d-4131-b365-066e88a50b54"}}
{"__type":"$$EventMessageConfirm","confirm":"39a07fbe-1bfa-4943-a53d-6558f58d697e","ts":"2025-08-08T11:39:50.273-04:00","source":{"id":"0","name":"eventBus"}}
{"__type":"$$EventMessageNode","id":"74013404-fe55-499b-bd5d-853893fee574","ts":"2025-08-08T11:39:50.280-04:00","eventName":"n8n.node.finished","message":"n8n.node.finished","payload":{"workflowId":"ISDPRZkXm3miWmK7","workflowName":"My workflow","executionId":"166","nodeType":"n8n-nodes-base.cron","nodeName":"Start Daily Trigger","nodeId":"12db43fb-0c8d-4131-b365-066e88a50b54"}}
{"__type":"$$EventMessageConfirm","confirm":"74013404-fe55-499b-bd5d-853893fee574","ts":"2025-08-08T11:39:50.280-04:00","source":{"id":"0","name":"eventBus"}}
{"__type":"$$EventMessageNode","id":"cc112e64-7f84-492d-9152-0fb9d68e8bf4","ts":"2025-08-08T11:39:50.280-04:00","eventName":"n8n.node.started","message":"n8n.node.started","payload":{"workflowId":"ISDPRZkXm3miWmK7","workflowName":"My workflow","executionId":"166","nodeType":"n8n-nodes-base.httpRequest","nodeName":"Get English Words","nodeId":"3d67fd4e-5d33-4268-b975-a0b877d66938"}}
{"__type":"$$EventMessageConfirm","confirm":"cc112e64-7f84-492d-9152-0fb9d68e8bf4","ts":"2025-08-08T11:39:50.280-04:00","source":{"id":"0","name":"eventBus"}}
{"__type":"$$EventMessageNode","id":"1f82de8d-0ae1-4d2b-aa19-a06ca3bf83fb","ts":"2025-08-08T11:39:55.079-04:00","eventName":"n8n.node.finished","message":"n8n.node.finished","payload":{"workflowId":"ISDPRZkXm3miWmK7","workflowName":"My workflow","executionId":"166","nodeType":"n8n-nodes-base.httpRequest","nodeName":"Get English Words","nodeId":"3d67fd4e-5d33-4268-b975-a0b877d66938"}}
{"__type":"$$EventMessageConfirm","confirm":"1f82de8d-0ae1-4d2b-aa19-a06ca3bf83fb","ts":"2025-08-08T11:39:55.079-04:00","source":{"id":"0","name":"eventBus"}}
{"__type":"$$EventMessageNode","id":"806f4f9a-571a-487b-9d29-b767d4a56489","ts":"2025-08-08T11:39:55.079-04:00","eventName":"n8n.node.started","message":"n8n.node.started","payload":{"workflowId":"ISDPRZkXm3miWmK7","workflowName":"My workflow","executionId":"166","nodeType":"n8n-nodes-base.function","nodeName":"Filter Old Words","nodeId":"f007284a-e4a8-4c49-9bf8-36741f05fd6c"}}
{"__type":"$$EventMessageConfirm","confirm":"806f4f9a-571a-487b-9d29-b767d4a56489","ts":"2025-08-08T11:39:55.079-04:00","source":{"id":"0","name":"eventBus"}}
{"__type":"$$EventMessageNode","id":"2243d556-7c4d-4262-a612-ceaa47ecaa4c","ts":"2025-08-08T11:39:55.083-04:00","eventName":"n8n.node.finished","message":"n8n.node.finished","payload":{"workflowId":"ISDPRZkXm3miWmK7","workflowName":"My workflow","executionId":"166","nodeType":"n8n-nodes-base.function","nodeName":"Filter Old Words","nodeId":"f007284a-e4a8-4c49-9bf8-36741f05fd6c"}}
{"__type":"$$EventMessageConfirm","confirm":"2243d556-7c4d-4262-a612-ceaa47ecaa4c","ts":"2025-08-08T11:39:55.083-04:00","source":{"id":"0","name":"eventBus"}}
{"__type":"$$EventMessageWorkflow","id":"2630bfae-2079-4b4a-bce3-9ec56af7531b","ts":"2025-08-08T11:39:55.085-04:00","eventName":"n8n.workflow.success","message":"n8n.workflow.success","payload":{"userId":"b47d0fb1-3e65-4518-89af-453857c6bc55","executionId":"166","success":true,"isManual":true,"workflowId":"ISDPRZkXm3miWmK7","workflowName":"My workflow"}}
{"__type":"$$EventMessageConfirm","confirm":"2630bfae-2079-4b4a-bce3-9ec56af7531b","ts":"2025-08-08T11:39:55.085-04:00","source":{"id":"0","name":"eventBus"}}
{"__type":"$$EventMessageWorkflow","id":"56aa61d4-9fdb-4f09-beda-997ffc2e2cb5","ts":"2025-08-08T11:40:12.382-04:00","eventName":"n8n.workflow.started","message":"n8n.workflow.started","payload":{"executionId":"167","workflowId":"ISDPRZkXm3miWmK7","isManual":false,"workflowName":"My workflow"}}
{"__type":"$$EventMessageConfirm","confirm":"56aa61d4-9fdb-4f09-beda-997ffc2e2cb5","ts":"2025-08-08T11:40:12.382-04:00","source":{"id":"0","name":"eventBus"}}
{"__type":"$$EventMessageNode","id":"b8445d48-9379-400e-b8f0-9d4a28abf0be","ts":"2025-08-08T11:40:12.385-04:00","eventName":"n8n.node.started","message":"n8n.node.started","payload":{"workflowId":"ISDPRZkXm3miWmK7","workflowName":"My workflow","executionId":"167","nodeType":"n8n-nodes-base.function","nodeName":"Filter Old Words","nodeId":"f007284a-e4a8-4c49-9bf8-36741f05fd6c"}}
{"__type":"$$EventMessageConfirm","confirm":"b8445d48-9379-400e-b8f0-9d4a28abf0be","ts":"2025-08-08T11:40:12.386-04:00","source":{"id":"0","name":"eventBus"}}
{"__type":"$$EventMessageNode","id":"bec401d7-3057-4a2f-8b2c-7077fd6a0d21","ts":"2025-08-08T11:40:12.417-04:00","eventName":"n8n.node.finished","message":"n8n.node.finished","payload":{"workflowId":"ISDPRZkXm3miWmK7","workflowName":"My workflow","executionId":"167","nodeType":"n8n-nodes-base.function","nodeName":"Filter Old Words","nodeId":"f007284a-e4a8-4c49-9bf8-36741f05fd6c"}}
{"__type":"$$EventMessageConfirm","confirm":"bec401d7-3057-4a2f-8b2c-7077fd6a0d21","ts":"2025-08-08T11:40:12.418-04:00","source":{"id":"0","name":"eventBus"}}
{"__type":"$$EventMessageWorkflow","id":"ae02b33a-a44e-478b-901c-06b327bce2d8","ts":"2025-08-08T11:40:12.421-04:00","eventName":"n8n.workflow.success","message":"n8n.workflow.success","payload":{"userId":"b47d0fb1-3e65-4518-89af-453857c6bc55","executionId":"167","success":true,"isManual":true,"workflowId":"ISDPRZkXm3miWmK7","workflowName":"My workflow"}}
{"__type":"$$EventMessageConfirm","confirm":"ae02b33a-a44e-478b-901c-06b327bce2d8","ts":"2025-08-08T11:40:12.421-04:00","source":{"id":"0","name":"eventBus"}}
{"__type":"$$EventMessageWorkflow","id":"b31a900a-edc2-4881-b1da-3de7e691b0d7","ts":"2025-08-08T11:40:29.740-04:00","eventName":"n8n.workflow.started","message":"n8n.workflow.started","payload":{"executionId":"168","workflowId":"ISDPRZkXm3miWmK7","isManual":false,"workflowName":"My workflow"}}
{"__type":"$$EventMessageConfirm","confirm":"b31a900a-edc2-4881-b1da-3de7e691b0d7","ts":"2025-08-08T11:40:29.740-04:00","source":{"id":"0","name":"eventBus"}}
{"__type":"$$EventMessageNode","id":"e66f00fc-a0e7-4222-afa8-229aa8549b5f","ts":"2025-08-08T11:40:29.740-04:00","eventName":"n8n.node.started","message":"n8n.node.started","payload":{"workflowId":"ISDPRZkXm3miWmK7","workflowName":"My workflow","executionId":"168","nodeType":"n8n-nodes-base.function","nodeName":"Filter Old Words","nodeId":"f007284a-e4a8-4c49-9bf8-36741f05fd6c"}}
{"__type":"$$EventMessageConfirm","confirm":"e66f00fc-a0e7-4222-afa8-229aa8549b5f","ts":"2025-08-08T11:40:29.740-04:00","source":{"id":"0","name":"eventBus"}}
{"__type":"$$EventMessageNode","id":"0741d062-9edb-40e5-ad88-44fc00b7f235","ts":"2025-08-08T11:40:29.749-04:00","eventName":"n8n.node.finished","message":"n8n.node.finished","payload":{"workflowId":"ISDPRZkXm3miWmK7","workflowName":"My workflow","executionId":"168","nodeType":"n8n-nodes-base.function","nodeName":"Filter Old Words","nodeId":"f007284a-e4a8-4c49-9bf8-36741f05fd6c"}}
{"__type":"$$EventMessageConfirm","confirm":"0741d062-9edb-40e5-ad88-44fc00b7f235","ts":"2025-08-08T11:40:29.750-04:00","source":{"id":"0","name":"eventBus"}}
{"__type":"$$EventMessageWorkflow","id":"6ab0a720-e34a-4913-88c7-ec8a980defee","ts":"2025-08-08T11:40:29.751-04:00","eventName":"n8n.workflow.success","message":"n8n.workflow.success","payload":{"userId":"b47d0fb1-3e65-4518-89af-453857c6bc55","executionId":"168","success":true,"isManual":true,"workflowId":"ISDPRZkXm3miWmK7","workflowName":"My workflow"}}
{"__type":"$$EventMessageConfirm","confirm":"6ab0a720-e34a-4913-88c7-ec8a980defee","ts":"2025-08-08T11:40:29.751-04:00","source":{"id":"0","name":"eventBus"}}
{"__type":"$$EventMessageWorkflow","id":"d6bbdb87-9f5c-4306-b06b-efd970096c14","ts":"2025-08-08T11:40:31.121-04:00","eventName":"n8n.workflow.started","message":"n8n.workflow.started","payload":{"executionId":"169","workflowId":"ucmiLmCdrb6FRZtp","isManual":false,"workflowName":"Daily English Chanllenge"}}
{"__type":"$$EventMessageConfirm","confirm":"d6bbdb87-9f5c-4306-b06b-efd970096c14","ts":"2025-08-08T11:40:31.122-04:00","source":{"id":"0","name":"eventBus"}}
{"__type":"$$EventMessageNode","id":"0f242969-da7e-4363-ab3f-7bfc713d980c","ts":"2025-08-08T11:40:31.122-04:00","eventName":"n8n.node.started","message":"n8n.node.started","payload":{"workflowId":"ucmiLmCdrb6FRZtp","workflowName":"Daily English Chanllenge","executionId":"169","nodeType":"n8n-nodes-base.scheduleTrigger","nodeName":"Schedule Trigger","nodeId":"b8cbe0d9-a14c-4dcb-a457-0fbc84e2f208"}}
{"__type":"$$EventMessageConfirm","confirm":"0f242969-da7e-4363-ab3f-7bfc713d980c","ts":"2025-08-08T11:40:31.122-04:00","source":{"id":"0","name":"eventBus"}}
{"__type":"$$EventMessageNode","id":"4e0591f4-5206-4a9d-bd01-fd0e0d48b50f","ts":"2025-08-08T11:40:31.122-04:00","eventName":"n8n.node.finished","message":"n8n.node.finished","payload":{"workflowId":"ucmiLmCdrb6FRZtp","workflowName":"Daily English Chanllenge","executionId":"169","nodeType":"n8n-nodes-base.scheduleTrigger","nodeName":"Schedule Trigger","nodeId":"b8cbe0d9-a14c-4dcb-a457-0fbc84e2f208"}}
{"__type":"$$EventMessageConfirm","confirm":"4e0591f4-5206-4a9d-bd01-fd0e0d48b50f","ts":"2025-08-08T11:40:31.122-04:00","source":{"id":"0","name":"eventBus"}}
{"__type":"$$EventMessageWorkflow","id":"8c1cedd6-6a8f-4ce8-925a-84eb7f73b5ea","ts":"2025-08-08T11:40:31.122-04:00","eventName":"n8n.workflow.success","message":"n8n.workflow.success","payload":{"executionId":"169","success":true,"isManual":false,"workflowId":"ucmiLmCdrb6FRZtp","workflowName":"Daily English Chanllenge"}}
{"__type":"$$EventMessageConfirm","confirm":"8c1cedd6-6a8f-4ce8-925a-84eb7f73b5ea","ts":"2025-08-08T11:40:31.122-04:00","source":{"id":"0","name":"eventBus"}}
{"__type":"$$EventMessageWorkflow","id":"e27e3b69-2759-43bf-9645-af43badeb0ee","ts":"2025-08-08T11:40:31.941-04:00","eventName":"n8n.workflow.started","message":"n8n.workflow.started","payload":{"executionId":"170","workflowId":"ISDPRZkXm3miWmK7","isManual":false,"workflowName":"My workflow"}}
{"__type":"$$EventMessageConfirm","confirm":"e27e3b69-2759-43bf-9645-af43badeb0ee","ts":"2025-08-08T11:40:31.941-04:00","source":{"id":"0","name":"eventBus"}}
{"__type":"$$EventMessageNode","id":"97d264a8-0620-4af4-a593-a406c851a8db","ts":"2025-08-08T11:40:31.942-04:00","eventName":"n8n.node.started","message":"n8n.node.started","payload":{"workflowId":"ISDPRZkXm3miWmK7","workflowName":"My workflow","executionId":"170","nodeType":"n8n-nodes-base.cron","nodeName":"Start Daily Trigger","nodeId":"12db43fb-0c8d-4131-b365-066e88a50b54"}}
{"__type":"$$EventMessageConfirm","confirm":"97d264a8-0620-4af4-a593-a406c851a8db","ts":"2025-08-08T11:40:31.942-04:00","source":{"id":"0","name":"eventBus"}}
{"__type":"$$EventMessageNode","id":"badad1a8-b59e-45c1-8232-26e230ce6b5f","ts":"2025-08-08T11:40:31.946-04:00","eventName":"n8n.node.finished","message":"n8n.node.finished","payload":{"workflowId":"ISDPRZkXm3miWmK7","workflowName":"My workflow","executionId":"170","nodeType":"n8n-nodes-base.cron","nodeName":"Start Daily Trigger","nodeId":"12db43fb-0c8d-4131-b365-066e88a50b54"}}
{"__type":"$$EventMessageConfirm","confirm":"badad1a8-b59e-45c1-8232-26e230ce6b5f","ts":"2025-08-08T11:40:31.946-04:00","source":{"id":"0","name":"eventBus"}}
{"__type":"$$EventMessageNode","id":"4f5ee502-a73d-425b-9e96-4207e93bd0f3","ts":"2025-08-08T11:40:31.946-04:00","eventName":"n8n.node.started","message":"n8n.node.started","payload":{"workflowId":"ISDPRZkXm3miWmK7","workflowName":"My workflow","executionId":"170","nodeType":"n8n-nodes-base.httpRequest","nodeName":"Get English Words","nodeId":"3d67fd4e-5d33-4268-b975-a0b877d66938"}}
{"__type":"$$EventMessageConfirm","confirm":"4f5ee502-a73d-425b-9e96-4207e93bd0f3","ts":"2025-08-08T11:40:31.946-04:00","source":{"id":"0","name":"eventBus"}}
{"__type":"$$EventMessageNode","id":"e3e9fae6-d81b-4903-a233-830212650f86","ts":"2025-08-08T11:40:36.266-04:00","eventName":"n8n.node.finished","message":"n8n.node.finished","payload":{"workflowId":"ISDPRZkXm3miWmK7","workflowName":"My workflow","executionId":"170","nodeType":"n8n-nodes-base.httpRequest","nodeName":"Get English Words","nodeId":"3d67fd4e-5d33-4268-b975-a0b877d66938"}}
{"__type":"$$EventMessageConfirm","confirm":"e3e9fae6-d81b-4903-a233-830212650f86","ts":"2025-08-08T11:40:36.266-04:00","source":{"id":"0","name":"eventBus"}}
{"__type":"$$EventMessageNode","id":"1ef0d9fb-e226-48c7-be1e-99e79236e83a","ts":"2025-08-08T11:40:36.267-04:00","eventName":"n8n.node.started","message":"n8n.node.started","payload":{"workflowId":"ISDPRZkXm3miWmK7","workflowName":"My workflow","executionId":"170","nodeType":"n8n-nodes-base.function","nodeName":"Filter Old Words","nodeId":"f007284a-e4a8-4c49-9bf8-36741f05fd6c"}}
{"__type":"$$EventMessageConfirm","confirm":"1ef0d9fb-e226-48c7-be1e-99e79236e83a","ts":"2025-08-08T11:40:36.267-04:00","source":{"id":"0","name":"eventBus"}}
{"__type":"$$EventMessageNode","id":"64433165-dbd8-4f58-8ae6-54b5329cd271","ts":"2025-08-08T11:40:36.271-04:00","eventName":"n8n.node.finished","message":"n8n.node.finished","payload":{"workflowId":"ISDPRZkXm3miWmK7","workflowName":"My workflow","executionId":"170","nodeType":"n8n-nodes-base.function","nodeName":"Filter Old Words","nodeId":"f007284a-e4a8-4c49-9bf8-36741f05fd6c"}}
{"__type":"$$EventMessageConfirm","confirm":"64433165-dbd8-4f58-8ae6-54b5329cd271","ts":"2025-08-08T11:40:36.271-04:00","source":{"id":"0","name":"eventBus"}}
{"__type":"$$EventMessageNode","id":"49fc4223-1f20-4cbe-99ff-073a6ea036cd","ts":"2025-08-08T11:40:36.271-04:00","eventName":"n8n.node.started","message":"n8n.node.started","payload":{"workflowId":"ISDPRZkXm3miWmK7","workflowName":"My workflow","executionId":"170","nodeType":"n8n-nodes-base.httpRequest","nodeName":"HTTP Request","nodeId":"2188b732-8449-4880-b62c-5f85b85792bd"}}
{"__type":"$$EventMessageConfirm","confirm":"49fc4223-1f20-4cbe-99ff-073a6ea036cd","ts":"2025-08-08T11:40:36.271-04:00","source":{"id":"0","name":"eventBus"}}
{"__type":"$$EventMessageNode","id":"e8c37789-b506-43f8-a761-70108de166f2","ts":"2025-08-08T11:40:36.796-04:00","eventName":"n8n.node.finished","message":"n8n.node.finished","payload":{"workflowId":"ISDPRZkXm3miWmK7","workflowName":"My workflow","executionId":"170","nodeType":"n8n-nodes-base.httpRequest","nodeName":"HTTP Request","nodeId":"2188b732-8449-4880-b62c-5f85b85792bd"}}
{"__type":"$$EventMessageConfirm","confirm":"e8c37789-b506-43f8-a761-70108de166f2","ts":"2025-08-08T11:40:36.796-04:00","source":{"id":"0","name":"eventBus"}}
{"__type":"$$EventMessageWorkflow","id":"def18384-c19c-46a4-9dea-7e0418903eb5","ts":"2025-08-08T11:40:36.800-04:00","eventName":"n8n.workflow.success","message":"n8n.workflow.success","payload":{"userId":"b47d0fb1-3e65-4518-89af-453857c6bc55","executionId":"170","success":true,"isManual":true,"workflowId":"ISDPRZkXm3miWmK7","workflowName":"My workflow"}}
{"__type":"$$EventMessageConfirm","confirm":"def18384-c19c-46a4-9dea-7e0418903eb5","ts":"2025-08-08T11:40:36.800-04:00","source":{"id":"0","name":"eventBus"}}
{"__type":"$$EventMessageWorkflow","id":"8316eed5-ed23-4b56-a7fa-229b65c2dfd3","ts":"2025-08-08T11:41:17.209-04:00","eventName":"n8n.workflow.started","message":"n8n.workflow.started","payload":{"executionId":"171","workflowId":"ISDPRZkXm3miWmK7","isManual":false,"workflowName":"My workflow"}}
{"__type":"$$EventMessageConfirm","confirm":"8316eed5-ed23-4b56-a7fa-229b65c2dfd3","ts":"2025-08-08T11:41:17.209-04:00","source":{"id":"0","name":"eventBus"}}
{"__type":"$$EventMessageNode","id":"10db02e3-2f89-4b11-9a7f-4419196d0d3c","ts":"2025-08-08T11:41:17.210-04:00","eventName":"n8n.node.started","message":"n8n.node.started","payload":{"workflowId":"ISDPRZkXm3miWmK7","workflowName":"My workflow","executionId":"171","nodeType":"n8n-nodes-base.cron","nodeName":"Start Daily Trigger","nodeId":"12db43fb-0c8d-4131-b365-066e88a50b54"}}
{"__type":"$$EventMessageConfirm","confirm":"10db02e3-2f89-4b11-9a7f-4419196d0d3c","ts":"2025-08-08T11:41:17.210-04:00","source":{"id":"0","name":"eventBus"}}
{"__type":"$$EventMessageNode","id":"ddb10f0b-c66b-4fb2-b222-de975f3bbbb6","ts":"2025-08-08T11:41:17.214-04:00","eventName":"n8n.node.finished","message":"n8n.node.finished","payload":{"workflowId":"ISDPRZkXm3miWmK7","workflowName":"My workflow","executionId":"171","nodeType":"n8n-nodes-base.cron","nodeName":"Start Daily Trigger","nodeId":"12db43fb-0c8d-4131-b365-066e88a50b54"}}
{"__type":"$$EventMessageConfirm","confirm":"ddb10f0b-c66b-4fb2-b222-de975f3bbbb6","ts":"2025-08-08T11:41:17.214-04:00","source":{"id":"0","name":"eventBus"}}
{"__type":"$$EventMessageNode","id":"297188c1-8244-45ee-b93e-1414f442b020","ts":"2025-08-08T11:41:17.215-04:00","eventName":"n8n.node.started","message":"n8n.node.started","payload":{"workflowId":"ISDPRZkXm3miWmK7","workflowName":"My workflow","executionId":"171","nodeType":"n8n-nodes-base.httpRequest","nodeName":"Get English Words","nodeId":"3d67fd4e-5d33-4268-b975-a0b877d66938"}}
{"__type":"$$EventMessageConfirm","confirm":"297188c1-8244-45ee-b93e-1414f442b020","ts":"2025-08-08T11:41:17.215-04:00","source":{"id":"0","name":"eventBus"}}
{"__type":"$$EventMessageNode","id":"c7348e8c-b8bd-49f2-a8ce-6c2a811572c5","ts":"2025-08-08T11:41:23.925-04:00","eventName":"n8n.node.finished","message":"n8n.node.finished","payload":{"workflowId":"ISDPRZkXm3miWmK7","workflowName":"My workflow","executionId":"171","nodeType":"n8n-nodes-base.httpRequest","nodeName":"Get English Words","nodeId":"3d67fd4e-5d33-4268-b975-a0b877d66938"}}
{"__type":"$$EventMessageConfirm","confirm":"c7348e8c-b8bd-49f2-a8ce-6c2a811572c5","ts":"2025-08-08T11:41:23.925-04:00","source":{"id":"0","name":"eventBus"}}
{"__type":"$$EventMessageNode","id":"290c1663-3028-4399-8f49-c1385facfd1c","ts":"2025-08-08T11:41:23.926-04:00","eventName":"n8n.node.started","message":"n8n.node.started","payload":{"workflowId":"ISDPRZkXm3miWmK7","workflowName":"My workflow","executionId":"171","nodeType":"n8n-nodes-base.function","nodeName":"Filter Old Words","nodeId":"f007284a-e4a8-4c49-9bf8-36741f05fd6c"}}
{"__type":"$$EventMessageConfirm","confirm":"290c1663-3028-4399-8f49-c1385facfd1c","ts":"2025-08-08T11:41:23.926-04:00","source":{"id":"0","name":"eventBus"}}
{"__type":"$$EventMessageNode","id":"1dcb8209-c2ed-48a3-8cb5-6dee25c2d3c2","ts":"2025-08-08T11:41:23.933-04:00","eventName":"n8n.node.finished","message":"n8n.node.finished","payload":{"workflowId":"ISDPRZkXm3miWmK7","workflowName":"My workflow","executionId":"171","nodeType":"n8n-nodes-base.function","nodeName":"Filter Old Words","nodeId":"f007284a-e4a8-4c49-9bf8-36741f05fd6c"}}
{"__type":"$$EventMessageConfirm","confirm":"1dcb8209-c2ed-48a3-8cb5-6dee25c2d3c2","ts":"2025-08-08T11:41:23.933-04:00","source":{"id":"0","name":"eventBus"}}
{"__type":"$$EventMessageNode","id":"4f83da60-1278-4bec-9c9d-619d52dbdffa","ts":"2025-08-08T11:41:23.934-04:00","eventName":"n8n.node.started","message":"n8n.node.started","payload":{"workflowId":"ISDPRZkXm3miWmK7","workflowName":"My workflow","executionId":"171","nodeType":"n8n-nodes-base.httpRequest","nodeName":"HTTP Request","nodeId":"2188b732-8449-4880-b62c-5f85b85792bd"}}
{"__type":"$$EventMessageConfirm","confirm":"4f83da60-1278-4bec-9c9d-619d52dbdffa","ts":"2025-08-08T11:41:23.934-04:00","source":{"id":"0","name":"eventBus"}}
{"__type":"$$EventMessageNode","id":"2626ec5e-2e8d-469d-914b-7e1f2f5ea62c","ts":"2025-08-08T11:41:25.126-04:00","eventName":"n8n.node.finished","message":"n8n.node.finished","payload":{"workflowId":"ISDPRZkXm3miWmK7","workflowName":"My workflow","executionId":"171","nodeType":"n8n-nodes-base.httpRequest","nodeName":"HTTP Request","nodeId":"2188b732-8449-4880-b62c-5f85b85792bd"}}
{"__type":"$$EventMessageConfirm","confirm":"2626ec5e-2e8d-469d-914b-7e1f2f5ea62c","ts":"2025-08-08T11:41:25.126-04:00","source":{"id":"0","name":"eventBus"}}
{"__type":"$$EventMessageWorkflow","id":"12e68c23-7a71-4bec-abf5-b06b4be3f347","ts":"2025-08-08T11:41:25.127-04:00","eventName":"n8n.workflow.success","message":"n8n.workflow.success","payload":{"userId":"b47d0fb1-3e65-4518-89af-453857c6bc55","executionId":"171","success":true,"isManual":true,"workflowId":"ISDPRZkXm3miWmK7","workflowName":"My workflow"}}
{"__type":"$$EventMessageConfirm","confirm":"12e68c23-7a71-4bec-abf5-b06b4be3f347","ts":"2025-08-08T11:41:25.127-04:00","source":{"id":"0","name":"eventBus"}}
{"__type":"$$EventMessageWorkflow","id":"218c626c-1188-422f-bd28-147e787448e9","ts":"2025-08-08T11:42:40.113-04:00","eventName":"n8n.workflow.started","message":"n8n.workflow.started","payload":{"executionId":"172","workflowId":"ISDPRZkXm3miWmK7","isManual":false,"workflowName":"My workflow"}}
{"__type":"$$EventMessageConfirm","confirm":"218c626c-1188-422f-bd28-147e787448e9","ts":"2025-08-08T11:42:40.114-04:00","source":{"id":"0","name":"eventBus"}}
{"__type":"$$EventMessageNode","id":"3a194a3b-6809-4a55-8dd9-4ac6bee6fd6c","ts":"2025-08-08T11:42:40.114-04:00","eventName":"n8n.node.started","message":"n8n.node.started","payload":{"workflowId":"ISDPRZkXm3miWmK7","workflowName":"My workflow","executionId":"172","nodeType":"n8n-nodes-base.function","nodeName":"Filter Old Words","nodeId":"f007284a-e4a8-4c49-9bf8-36741f05fd6c"}}
{"__type":"$$EventMessageConfirm","confirm":"3a194a3b-6809-4a55-8dd9-4ac6bee6fd6c","ts":"2025-08-08T11:42:40.114-04:00","source":{"id":"0","name":"eventBus"}}
{"__type":"$$EventMessageNode","id":"6079068d-02b6-4886-9972-a1f8d4251f36","ts":"2025-08-08T11:42:40.127-04:00","eventName":"n8n.node.finished","message":"n8n.node.finished","payload":{"workflowId":"ISDPRZkXm3miWmK7","workflowName":"My workflow","executionId":"172","nodeType":"n8n-nodes-base.function","nodeName":"Filter Old Words","nodeId":"f007284a-e4a8-4c49-9bf8-36741f05fd6c"}}
{"__type":"$$EventMessageConfirm","confirm":"6079068d-02b6-4886-9972-a1f8d4251f36","ts":"2025-08-08T11:42:40.127-04:00","source":{"id":"0","name":"eventBus"}}
{"__type":"$$EventMessageWorkflow","id":"38f0eb4d-5864-45bb-9830-d14d081c7836","ts":"2025-08-08T11:42:40.128-04:00","eventName":"n8n.workflow.success","message":"n8n.workflow.success","payload":{"userId":"b47d0fb1-3e65-4518-89af-453857c6bc55","executionId":"172","success":true,"isManual":true,"workflowId":"ISDPRZkXm3miWmK7","workflowName":"My workflow"}}
{"__type":"$$EventMessageConfirm","confirm":"38f0eb4d-5864-45bb-9830-d14d081c7836","ts":"2025-08-08T11:42:40.128-04:00","source":{"id":"0","name":"eventBus"}}
{"__type":"$$EventMessageWorkflow","id":"a7ee08d6-fc7e-47e3-ae35-86071319575c","ts":"2025-08-08T11:42:45.749-04:00","eventName":"n8n.workflow.started","message":"n8n.workflow.started","payload":{"executionId":"173","workflowId":"ISDPRZkXm3miWmK7","isManual":false,"workflowName":"My workflow"}}
{"__type":"$$EventMessageConfirm","confirm":"a7ee08d6-fc7e-47e3-ae35-86071319575c","ts":"2025-08-08T11:42:45.749-04:00","source":{"id":"0","name":"eventBus"}}
{"__type":"$$EventMessageNode","id":"a383edde-9c92-40ea-96c7-40533b51d3b5","ts":"2025-08-08T11:42:45.749-04:00","eventName":"n8n.node.started","message":"n8n.node.started","payload":{"workflowId":"ISDPRZkXm3miWmK7","workflowName":"My workflow","executionId":"173","nodeType":"n8n-nodes-base.cron","nodeName":"Start Daily Trigger","nodeId":"12db43fb-0c8d-4131-b365-066e88a50b54"}}
{"__type":"$$EventMessageConfirm","confirm":"a383edde-9c92-40ea-96c7-40533b51d3b5","ts":"2025-08-08T11:42:45.749-04:00","source":{"id":"0","name":"eventBus"}}
{"__type":"$$EventMessageNode","id":"4caaa275-1ca0-4b9a-91ea-9a7b5e307a5d","ts":"2025-08-08T11:42:45.752-04:00","eventName":"n8n.node.finished","message":"n8n.node.finished","payload":{"workflowId":"ISDPRZkXm3miWmK7","workflowName":"My workflow","executionId":"173","nodeType":"n8n-nodes-base.cron","nodeName":"Start Daily Trigger","nodeId":"12db43fb-0c8d-4131-b365-066e88a50b54"}}
{"__type":"$$EventMessageConfirm","confirm":"4caaa275-1ca0-4b9a-91ea-9a7b5e307a5d","ts":"2025-08-08T11:42:45.752-04:00","source":{"id":"0","name":"eventBus"}}
{"__type":"$$EventMessageNode","id":"b2b4181b-986c-474c-9a20-acfb9188bc9f","ts":"2025-08-08T11:42:45.752-04:00","eventName":"n8n.node.started","message":"n8n.node.started","payload":{"workflowId":"ISDPRZkXm3miWmK7","workflowName":"My workflow","executionId":"173","nodeType":"n8n-nodes-base.httpRequest","nodeName":"Get English Words","nodeId":"3d67fd4e-5d33-4268-b975-a0b877d66938"}}
{"__type":"$$EventMessageConfirm","confirm":"b2b4181b-986c-474c-9a20-acfb9188bc9f","ts":"2025-08-08T11:42:45.752-04:00","source":{"id":"0","name":"eventBus"}}
{"__type":"$$EventMessageNode","id":"6b0a182a-1a90-4c71-93d1-df95e26ad327","ts":"2025-08-08T11:42:55.157-04:00","eventName":"n8n.node.finished","message":"n8n.node.finished","payload":{"workflowId":"ISDPRZkXm3miWmK7","workflowName":"My workflow","executionId":"173","nodeType":"n8n-nodes-base.httpRequest","nodeName":"Get English Words","nodeId":"3d67fd4e-5d33-4268-b975-a0b877d66938"}}
{"__type":"$$EventMessageConfirm","confirm":"6b0a182a-1a90-4c71-93d1-df95e26ad327","ts":"2025-08-08T11:42:55.157-04:00","source":{"id":"0","name":"eventBus"}}
{"__type":"$$EventMessageNode","id":"0efab099-ad4d-4695-953e-81560cadcd7a","ts":"2025-08-08T11:42:55.158-04:00","eventName":"n8n.node.started","message":"n8n.node.started","payload":{"workflowId":"ISDPRZkXm3miWmK7","workflowName":"My workflow","executionId":"173","nodeType":"n8n-nodes-base.function","nodeName":"Filter Old Words","nodeId":"f007284a-e4a8-4c49-9bf8-36741f05fd6c"}}
{"__type":"$$EventMessageConfirm","confirm":"0efab099-ad4d-4695-953e-81560cadcd7a","ts":"2025-08-08T11:42:55.158-04:00","source":{"id":"0","name":"eventBus"}}
{"__type":"$$EventMessageNode","id":"63b34066-4a19-4257-a641-5406e1a0267b","ts":"2025-08-08T11:42:55.175-04:00","eventName":"n8n.node.finished","message":"n8n.node.finished","payload":{"workflowId":"ISDPRZkXm3miWmK7","workflowName":"My workflow","executionId":"173","nodeType":"n8n-nodes-base.function","nodeName":"Filter Old Words","nodeId":"f007284a-e4a8-4c49-9bf8-36741f05fd6c"}}
{"__type":"$$EventMessageConfirm","confirm":"63b34066-4a19-4257-a641-5406e1a0267b","ts":"2025-08-08T11:42:55.175-04:00","source":{"id":"0","name":"eventBus"}}
{"__type":"$$EventMessageNode","id":"e40cb210-2376-4b2d-b633-e733e7a2343b","ts":"2025-08-08T11:42:55.177-04:00","eventName":"n8n.node.started","message":"n8n.node.started","payload":{"workflowId":"ISDPRZkXm3miWmK7","workflowName":"My workflow","executionId":"173","nodeType":"n8n-nodes-base.httpRequest","nodeName":"HTTP Request","nodeId":"2188b732-8449-4880-b62c-5f85b85792bd"}}
{"__type":"$$EventMessageConfirm","confirm":"e40cb210-2376-4b2d-b633-e733e7a2343b","ts":"2025-08-08T11:42:55.177-04:00","source":{"id":"0","name":"eventBus"}}
{"__type":"$$EventMessageNode","id":"f00ae539-aca9-4092-b350-76cbbfe3fc5a","ts":"2025-08-08T11:42:55.749-04:00","eventName":"n8n.node.finished","message":"n8n.node.finished","payload":{"workflowId":"ISDPRZkXm3miWmK7","workflowName":"My workflow","executionId":"173","nodeType":"n8n-nodes-base.httpRequest","nodeName":"HTTP Request","nodeId":"2188b732-8449-4880-b62c-5f85b85792bd"}}
{"__type":"$$EventMessageConfirm","confirm":"f00ae539-aca9-4092-b350-76cbbfe3fc5a","ts":"2025-08-08T11:42:55.750-04:00","source":{"id":"0","name":"eventBus"}}
{"__type":"$$EventMessageWorkflow","id":"6fcc29f5-b6e1-4456-b348-ecf0018aadca","ts":"2025-08-08T11:42:55.751-04:00","eventName":"n8n.workflow.success","message":"n8n.workflow.success","payload":{"userId":"b47d0fb1-3e65-4518-89af-453857c6bc55","executionId":"173","success":true,"isManual":true,"workflowId":"ISDPRZkXm3miWmK7","workflowName":"My workflow"}}
{"__type":"$$EventMessageConfirm","confirm":"6fcc29f5-b6e1-4456-b348-ecf0018aadca","ts":"2025-08-08T11:42:55.751-04:00","source":{"id":"0","name":"eventBus"}}
{"__type":"$$EventMessageAudit","id":"9901a0ed-f82f-4c64-9d2c-1f70009d73ed","ts":"2025-08-08T11:43:13.739-04:00","eventName":"n8n.audit.workflow.updated","message":"n8n.audit.workflow.updated","payload":{"userId":"b47d0fb1-3e65-4518-89af-453857c6bc55","_email":"i.jinnawat024@gmail.com","_firstName":"Jinnawat","_lastName":"inyim","globalRole":"global:owner","workflowId":"ISDPRZkXm3miWmK7","workflowName":"My workflow"}}
{"__type":"$$EventMessageConfirm","confirm":"9901a0ed-f82f-4c64-9d2c-1f70009d73ed","ts":"2025-08-08T11:43:13.739-04:00","source":{"id":"0","name":"eventBus"}}
{"__type":"$$EventMessageWorkflow","id":"321a941d-dce3-435e-9800-6f3c5aeb94aa","ts":"2025-08-08T11:45:15.558-04:00","eventName":"n8n.workflow.started","message":"n8n.workflow.started","payload":{"executionId":"174","workflowId":"ISDPRZkXm3miWmK7","isManual":false,"workflowName":"My workflow"}}
{"__type":"$$EventMessageConfirm","confirm":"321a941d-dce3-435e-9800-6f3c5aeb94aa","ts":"2025-08-08T11:45:15.559-04:00","source":{"id":"0","name":"eventBus"}}
{"__type":"$$EventMessageNode","id":"dce65d93-3871-43bf-8a20-27ab6cdffb51","ts":"2025-08-08T11:45:15.559-04:00","eventName":"n8n.node.started","message":"n8n.node.started","payload":{"workflowId":"ISDPRZkXm3miWmK7","workflowName":"My workflow","executionId":"174","nodeType":"n8n-nodes-base.httpRequest","nodeName":"HTTP Request","nodeId":"2188b732-8449-4880-b62c-5f85b85792bd"}}
{"__type":"$$EventMessageConfirm","confirm":"dce65d93-3871-43bf-8a20-27ab6cdffb51","ts":"2025-08-08T11:45:15.559-04:00","source":{"id":"0","name":"eventBus"}}
{"__type":"$$EventMessageNode","id":"e29933ce-44c6-4f7c-959f-e297c48bcf8c","ts":"2025-08-08T11:45:16.807-04:00","eventName":"n8n.node.finished","message":"n8n.node.finished","payload":{"workflowId":"ISDPRZkXm3miWmK7","workflowName":"My workflow","executionId":"174","nodeType":"n8n-nodes-base.httpRequest","nodeName":"HTTP Request","nodeId":"2188b732-8449-4880-b62c-5f85b85792bd"}}
{"__type":"$$EventMessageConfirm","confirm":"e29933ce-44c6-4f7c-959f-e297c48bcf8c","ts":"2025-08-08T11:45:16.808-04:00","source":{"id":"0","name":"eventBus"}}
{"__type":"$$EventMessageWorkflow","id":"89dc5bbd-571c-49e7-87c1-7fd6c7bab023","ts":"2025-08-08T11:45:16.810-04:00","eventName":"n8n.workflow.success","message":"n8n.workflow.success","payload":{"userId":"b47d0fb1-3e65-4518-89af-453857c6bc55","executionId":"174","success":true,"isManual":true,"workflowId":"ISDPRZkXm3miWmK7","workflowName":"My workflow"}}
{"__type":"$$EventMessageConfirm","confirm":"89dc5bbd-571c-49e7-87c1-7fd6c7bab023","ts":"2025-08-08T11:45:16.810-04:00","source":{"id":"0","name":"eventBus"}}
{"__type":"$$EventMessageWorkflow","id":"3ed4ec34-6b4d-4a19-8a6c-0474b8d53df3","ts":"2025-08-08T11:45:31.135-04:00","eventName":"n8n.workflow.started","message":"n8n.workflow.started","payload":{"executionId":"175","workflowId":"ucmiLmCdrb6FRZtp","isManual":false,"workflowName":"Daily English Chanllenge"}}
{"__type":"$$EventMessageConfirm","confirm":"3ed4ec34-6b4d-4a19-8a6c-0474b8d53df3","ts":"2025-08-08T11:45:31.135-04:00","source":{"id":"0","name":"eventBus"}}
{"__type":"$$EventMessageNode","id":"ad859b8e-eadb-47b4-88b1-6a52eb4ba670","ts":"2025-08-08T11:45:31.136-04:00","eventName":"n8n.node.started","message":"n8n.node.started","payload":{"workflowId":"ucmiLmCdrb6FRZtp","workflowName":"Daily English Chanllenge","executionId":"175","nodeType":"n8n-nodes-base.scheduleTrigger","nodeName":"Schedule Trigger","nodeId":"b8cbe0d9-a14c-4dcb-a457-0fbc84e2f208"}}
{"__type":"$$EventMessageConfirm","confirm":"ad859b8e-eadb-47b4-88b1-6a52eb4ba670","ts":"2025-08-08T11:45:31.136-04:00","source":{"id":"0","name":"eventBus"}}
{"__type":"$$EventMessageNode","id":"b8a3d2e2-2fca-4fe2-b9d9-ce68ead3ea50","ts":"2025-08-08T11:45:31.136-04:00","eventName":"n8n.node.finished","message":"n8n.node.finished","payload":{"workflowId":"ucmiLmCdrb6FRZtp","workflowName":"Daily English Chanllenge","executionId":"175","nodeType":"n8n-nodes-base.scheduleTrigger","nodeName":"Schedule Trigger","nodeId":"b8cbe0d9-a14c-4dcb-a457-0fbc84e2f208"}}
{"__type":"$$EventMessageConfirm","confirm":"b8a3d2e2-2fca-4fe2-b9d9-ce68ead3ea50","ts":"2025-08-08T11:45:31.136-04:00","source":{"id":"0","name":"eventBus"}}
{"__type":"$$EventMessageWorkflow","id":"d5b23462-5f83-4d8c-b7df-d2d6d68f1653","ts":"2025-08-08T11:45:31.136-04:00","eventName":"n8n.workflow.success","message":"n8n.workflow.success","payload":{"executionId":"175","success":true,"isManual":false,"workflowId":"ucmiLmCdrb6FRZtp","workflowName":"Daily English Chanllenge"}}
{"__type":"$$EventMessageConfirm","confirm":"d5b23462-5f83-4d8c-b7df-d2d6d68f1653","ts":"2025-08-08T11:45:31.136-04:00","source":{"id":"0","name":"eventBus"}}
{"__type":"$$EventMessageWorkflow","id":"c0ab4b9f-23cf-4c46-8c20-0b609a2be613","ts":"2025-08-08T11:47:08.035-04:00","eventName":"n8n.workflow.started","message":"n8n.workflow.started","payload":{"executionId":"176","workflowId":"ISDPRZkXm3miWmK7","isManual":false,"workflowName":"My workflow"}}
{"__type":"$$EventMessageConfirm","confirm":"c0ab4b9f-23cf-4c46-8c20-0b609a2be613","ts":"2025-08-08T11:47:08.035-04:00","source":{"id":"0","name":"eventBus"}}
{"__type":"$$EventMessageNode","id":"ee64fbeb-b2b1-4669-8a32-720cd1c8b445","ts":"2025-08-08T11:47:08.036-04:00","eventName":"n8n.node.started","message":"n8n.node.started","payload":{"workflowId":"ISDPRZkXm3miWmK7","workflowName":"My workflow","executionId":"176","nodeType":"n8n-nodes-base.httpRequest","nodeName":"HTTP Request","nodeId":"2188b732-8449-4880-b62c-5f85b85792bd"}}
{"__type":"$$EventMessageConfirm","confirm":"ee64fbeb-b2b1-4669-8a32-720cd1c8b445","ts":"2025-08-08T11:47:08.036-04:00","source":{"id":"0","name":"eventBus"}}
{"__type":"$$EventMessageNode","id":"ee58567d-dc67-49aa-9e1a-f15f9888f245","ts":"2025-08-08T11:47:08.555-04:00","eventName":"n8n.node.finished","message":"n8n.node.finished","payload":{"workflowId":"ISDPRZkXm3miWmK7","workflowName":"My workflow","executionId":"176","nodeType":"n8n-nodes-base.httpRequest","nodeName":"HTTP Request","nodeId":"2188b732-8449-4880-b62c-5f85b85792bd"}}
{"__type":"$$EventMessageConfirm","confirm":"ee58567d-dc67-49aa-9e1a-f15f9888f245","ts":"2025-08-08T11:47:08.555-04:00","source":{"id":"0","name":"eventBus"}}
{"__type":"$$EventMessageWorkflow","id":"25bac3b4-d557-4618-9b95-f729d0455d7d","ts":"2025-08-08T11:47:08.556-04:00","eventName":"n8n.workflow.success","message":"n8n.workflow.success","payload":{"userId":"b47d0fb1-3e65-4518-89af-453857c6bc55","executionId":"176","success":true,"isManual":true,"workflowId":"ISDPRZkXm3miWmK7","workflowName":"My workflow"}}
{"__type":"$$EventMessageConfirm","confirm":"25bac3b4-d557-4618-9b95-f729d0455d7d","ts":"2025-08-08T11:47:08.556-04:00","source":{"id":"0","name":"eventBus"}}
{"__type":"$$EventMessageAudit","id":"ce7d48c0-e39f-46ed-8fcf-8894ea7deb24","ts":"2025-08-08T11:47:36.294-04:00","eventName":"n8n.audit.workflow.updated","message":"n8n.audit.workflow.updated","payload":{"userId":"b47d0fb1-3e65-4518-89af-453857c6bc55","_email":"i.jinnawat024@gmail.com","_firstName":"Jinnawat","_lastName":"inyim","globalRole":"global:owner","workflowId":"ISDPRZkXm3miWmK7","workflowName":"My workflow"}}
{"__type":"$$EventMessageConfirm","confirm":"ce7d48c0-e39f-46ed-8fcf-8894ea7deb24","ts":"2025-08-08T11:47:36.294-04:00","source":{"id":"0","name":"eventBus"}}
{"__type":"$$EventMessageWorkflow","id":"b9b3bfbe-5618-421e-bf96-a3cb1671e495","ts":"2025-08-08T11:49:45.442-04:00","eventName":"n8n.workflow.started","message":"n8n.workflow.started","payload":{"executionId":"177","workflowId":"ISDPRZkXm3miWmK7","isManual":false,"workflowName":"My workflow"}}
{"__type":"$$EventMessageConfirm","confirm":"b9b3bfbe-5618-421e-bf96-a3cb1671e495","ts":"2025-08-08T11:49:45.442-04:00","source":{"id":"0","name":"eventBus"}}
{"__type":"$$EventMessageNode","id":"0b6f3791-f64d-4a76-a61c-4d703f2c600b","ts":"2025-08-08T11:49:45.443-04:00","eventName":"n8n.node.started","message":"n8n.node.started","payload":{"workflowId":"ISDPRZkXm3miWmK7","workflowName":"My workflow","executionId":"177","nodeType":"n8n-nodes-base.httpRequest","nodeName":"HTTP Request","nodeId":"2188b732-8449-4880-b62c-5f85b85792bd"}}
{"__type":"$$EventMessageConfirm","confirm":"0b6f3791-f64d-4a76-a61c-4d703f2c600b","ts":"2025-08-08T11:49:45.443-04:00","source":{"id":"0","name":"eventBus"}}
{"__type":"$$EventMessageNode","id":"88c6e879-173e-441a-8032-e7b28f93e27c","ts":"2025-08-08T11:49:45.815-04:00","eventName":"n8n.node.finished","message":"n8n.node.finished","payload":{"workflowId":"ISDPRZkXm3miWmK7","workflowName":"My workflow","executionId":"177","nodeType":"n8n-nodes-base.httpRequest","nodeName":"HTTP Request","nodeId":"2188b732-8449-4880-b62c-5f85b85792bd"}}
{"__type":"$$EventMessageConfirm","confirm":"88c6e879-173e-441a-8032-e7b28f93e27c","ts":"2025-08-08T11:49:45.815-04:00","source":{"id":"0","name":"eventBus"}}
{"__type":"$$EventMessageWorkflow","id":"7f4fb780-14e8-432a-839a-bb41cf0a9892","ts":"2025-08-08T11:49:45.816-04:00","eventName":"n8n.workflow.success","message":"n8n.workflow.success","payload":{"userId":"b47d0fb1-3e65-4518-89af-453857c6bc55","executionId":"177","success":true,"isManual":true,"workflowId":"ISDPRZkXm3miWmK7","workflowName":"My workflow"}}
{"__type":"$$EventMessageConfirm","confirm":"7f4fb780-14e8-432a-839a-bb41cf0a9892","ts":"2025-08-08T11:49:45.816-04:00","source":{"id":"0","name":"eventBus"}}
{"__type":"$$EventMessageWorkflow","id":"0073b9ad-68c6-4822-9772-4f045bd209a3","ts":"2025-08-08T11:50:31.173-04:00","eventName":"n8n.workflow.started","message":"n8n.workflow.started","payload":{"executionId":"178","workflowId":"ucmiLmCdrb6FRZtp","isManual":false,"workflowName":"Daily English Chanllenge"}}
{"__type":"$$EventMessageConfirm","confirm":"0073b9ad-68c6-4822-9772-4f045bd209a3","ts":"2025-08-08T11:50:31.173-04:00","source":{"id":"0","name":"eventBus"}}
{"__type":"$$EventMessageNode","id":"618d2925-390d-4fcf-9e87-7a522d3b747a","ts":"2025-08-08T11:50:31.173-04:00","eventName":"n8n.node.started","message":"n8n.node.started","payload":{"workflowId":"ucmiLmCdrb6FRZtp","workflowName":"Daily English Chanllenge","executionId":"178","nodeType":"n8n-nodes-base.scheduleTrigger","nodeName":"Schedule Trigger","nodeId":"b8cbe0d9-a14c-4dcb-a457-0fbc84e2f208"}}
{"__type":"$$EventMessageConfirm","confirm":"618d2925-390d-4fcf-9e87-7a522d3b747a","ts":"2025-08-08T11:50:31.173-04:00","source":{"id":"0","name":"eventBus"}}
{"__type":"$$EventMessageNode","id":"697888cc-0208-4135-95f6-4de31ecbc7d6","ts":"2025-08-08T11:50:31.173-04:00","eventName":"n8n.node.finished","message":"n8n.node.finished","payload":{"workflowId":"ucmiLmCdrb6FRZtp","workflowName":"Daily English Chanllenge","executionId":"178","nodeType":"n8n-nodes-base.scheduleTrigger","nodeName":"Schedule Trigger","nodeId":"b8cbe0d9-a14c-4dcb-a457-0fbc84e2f208"}}
{"__type":"$$EventMessageConfirm","confirm":"697888cc-0208-4135-95f6-4de31ecbc7d6","ts":"2025-08-08T11:50:31.173-04:00","source":{"id":"0","name":"eventBus"}}
{"__type":"$$EventMessageWorkflow","id":"16eaba41-b77c-4a0b-ac45-dbb224cc05c3","ts":"2025-08-08T11:50:31.173-04:00","eventName":"n8n.workflow.success","message":"n8n.workflow.success","payload":{"executionId":"178","success":true,"isManual":false,"workflowId":"ucmiLmCdrb6FRZtp","workflowName":"Daily English Chanllenge"}}
{"__type":"$$EventMessageConfirm","confirm":"16eaba41-b77c-4a0b-ac45-dbb224cc05c3","ts":"2025-08-08T11:50:31.173-04:00","source":{"id":"0","name":"eventBus"}}
{"__type":"$$EventMessageWorkflow","id":"9368dae9-d39e-4bbb-8f50-e4d67039c5b2","ts":"2025-08-08T11:51:14.139-04:00","eventName":"n8n.workflow.started","message":"n8n.workflow.started","payload":{"executionId":"179","workflowId":"ISDPRZkXm3miWmK7","isManual":false,"workflowName":"My workflow"}}
{"__type":"$$EventMessageConfirm","confirm":"9368dae9-d39e-4bbb-8f50-e4d67039c5b2","ts":"2025-08-08T11:51:14.139-04:00","source":{"id":"0","name":"eventBus"}}
{"__type":"$$EventMessageNode","id":"b05545e2-c639-442b-8bde-bb3939dd6274","ts":"2025-08-08T11:51:14.139-04:00","eventName":"n8n.node.started","message":"n8n.node.started","payload":{"workflowId":"ISDPRZkXm3miWmK7","workflowName":"My workflow","executionId":"179","nodeType":"n8n-nodes-base.function","nodeName":"Filter Old Words","nodeId":"f007284a-e4a8-4c49-9bf8-36741f05fd6c"}}
{"__type":"$$EventMessageConfirm","confirm":"b05545e2-c639-442b-8bde-bb3939dd6274","ts":"2025-08-08T11:51:14.139-04:00","source":{"id":"0","name":"eventBus"}}
{"__type":"$$EventMessageNode","id":"0d036019-5395-4467-9a2d-4ccc147f12da","ts":"2025-08-08T11:51:14.147-04:00","eventName":"n8n.node.finished","message":"n8n.node.finished","payload":{"workflowId":"ISDPRZkXm3miWmK7","workflowName":"My workflow","executionId":"179","nodeType":"n8n-nodes-base.function","nodeName":"Filter Old Words","nodeId":"f007284a-e4a8-4c49-9bf8-36741f05fd6c"}}
{"__type":"$$EventMessageConfirm","confirm":"0d036019-5395-4467-9a2d-4ccc147f12da","ts":"2025-08-08T11:51:14.148-04:00","source":{"id":"0","name":"eventBus"}}
{"__type":"$$EventMessageWorkflow","id":"e689514d-b404-4173-b0d9-375c4fd79c4e","ts":"2025-08-08T11:51:14.148-04:00","eventName":"n8n.workflow.success","message":"n8n.workflow.success","payload":{"userId":"b47d0fb1-3e65-4518-89af-453857c6bc55","executionId":"179","success":true,"isManual":true,"workflowId":"ISDPRZkXm3miWmK7","workflowName":"My workflow"}}
{"__type":"$$EventMessageConfirm","confirm":"e689514d-b404-4173-b0d9-375c4fd79c4e","ts":"2025-08-08T11:51:14.149-04:00","source":{"id":"0","name":"eventBus"}}
{"__type":"$$EventMessageWorkflow","id":"cfc9d863-556e-48ea-82b4-964136f96c36","ts":"2025-08-08T11:51:19.610-04:00","eventName":"n8n.workflow.started","message":"n8n.workflow.started","payload":{"executionId":"180","workflowId":"ISDPRZkXm3miWmK7","isManual":false,"workflowName":"My workflow"}}
{"__type":"$$EventMessageConfirm","confirm":"cfc9d863-556e-48ea-82b4-964136f96c36","ts":"2025-08-08T11:51:19.610-04:00","source":{"id":"0","name":"eventBus"}}
{"__type":"$$EventMessageNode","id":"d3e92141-7d7a-473e-82e6-173f7fed112b","ts":"2025-08-08T11:51:19.611-04:00","eventName":"n8n.node.started","message":"n8n.node.started","payload":{"workflowId":"ISDPRZkXm3miWmK7","workflowName":"My workflow","executionId":"180","nodeType":"n8n-nodes-base.cron","nodeName":"Start Daily Trigger","nodeId":"12db43fb-0c8d-4131-b365-066e88a50b54"}}
{"__type":"$$EventMessageConfirm","confirm":"d3e92141-7d7a-473e-82e6-173f7fed112b","ts":"2025-08-08T11:51:19.611-04:00","source":{"id":"0","name":"eventBus"}}
{"__type":"$$EventMessageNode","id":"da341d5c-e18e-447a-a8f8-63bf966eb4a8","ts":"2025-08-08T11:51:19.614-04:00","eventName":"n8n.node.finished","message":"n8n.node.finished","payload":{"workflowId":"ISDPRZkXm3miWmK7","workflowName":"My workflow","executionId":"180","nodeType":"n8n-nodes-base.cron","nodeName":"Start Daily Trigger","nodeId":"12db43fb-0c8d-4131-b365-066e88a50b54"}}
{"__type":"$$EventMessageConfirm","confirm":"da341d5c-e18e-447a-a8f8-63bf966eb4a8","ts":"2025-08-08T11:51:19.614-04:00","source":{"id":"0","name":"eventBus"}}
{"__type":"$$EventMessageNode","id":"3468ade9-0b59-40f0-b701-91b2c2eef090","ts":"2025-08-08T11:51:19.615-04:00","eventName":"n8n.node.started","message":"n8n.node.started","payload":{"workflowId":"ISDPRZkXm3miWmK7","workflowName":"My workflow","executionId":"180","nodeType":"n8n-nodes-base.httpRequest","nodeName":"Get English Words","nodeId":"3d67fd4e-5d33-4268-b975-a0b877d66938"}}
{"__type":"$$EventMessageConfirm","confirm":"3468ade9-0b59-40f0-b701-91b2c2eef090","ts":"2025-08-08T11:51:19.615-04:00","source":{"id":"0","name":"eventBus"}}
{"__type":"$$EventMessageNode","id":"4ac339ca-ca3e-4730-8db4-d0887b619b70","ts":"2025-08-08T11:51:23.875-04:00","eventName":"n8n.node.finished","message":"n8n.node.finished","payload":{"workflowId":"ISDPRZkXm3miWmK7","workflowName":"My workflow","executionId":"180","nodeType":"n8n-nodes-base.httpRequest","nodeName":"Get English Words","nodeId":"3d67fd4e-5d33-4268-b975-a0b877d66938"}}
{"__type":"$$EventMessageConfirm","confirm":"4ac339ca-ca3e-4730-8db4-d0887b619b70","ts":"2025-08-08T11:51:23.876-04:00","source":{"id":"0","name":"eventBus"}}
{"__type":"$$EventMessageNode","id":"7c5bece0-ee76-45a6-b2ac-9c85b216e6f1","ts":"2025-08-08T11:51:23.876-04:00","eventName":"n8n.node.started","message":"n8n.node.started","payload":{"workflowId":"ISDPRZkXm3miWmK7","workflowName":"My workflow","executionId":"180","nodeType":"n8n-nodes-base.function","nodeName":"Filter Old Words","nodeId":"f007284a-e4a8-4c49-9bf8-36741f05fd6c"}}
{"__type":"$$EventMessageConfirm","confirm":"7c5bece0-ee76-45a6-b2ac-9c85b216e6f1","ts":"2025-08-08T11:51:23.876-04:00","source":{"id":"0","name":"eventBus"}}
{"__type":"$$EventMessageNode","id":"0e17c9c0-1ff6-4af7-a7e2-9b62d27c10ed","ts":"2025-08-08T11:51:23.880-04:00","eventName":"n8n.node.finished","message":"n8n.node.finished","payload":{"workflowId":"ISDPRZkXm3miWmK7","workflowName":"My workflow","executionId":"180","nodeType":"n8n-nodes-base.function","nodeName":"Filter Old Words","nodeId":"f007284a-e4a8-4c49-9bf8-36741f05fd6c"}}
{"__type":"$$EventMessageConfirm","confirm":"0e17c9c0-1ff6-4af7-a7e2-9b62d27c10ed","ts":"2025-08-08T11:51:23.881-04:00","source":{"id":"0","name":"eventBus"}}
{"__type":"$$EventMessageNode","id":"a0148751-e89c-4a69-ae1a-1c2b1724154c","ts":"2025-08-08T11:51:23.881-04:00","eventName":"n8n.node.started","message":"n8n.node.started","payload":{"workflowId":"ISDPRZkXm3miWmK7","workflowName":"My workflow","executionId":"180","nodeType":"n8n-nodes-base.httpRequest","nodeName":"HTTP Request","nodeId":"2188b732-8449-4880-b62c-5f85b85792bd"}}
{"__type":"$$EventMessageConfirm","confirm":"a0148751-e89c-4a69-ae1a-1c2b1724154c","ts":"2025-08-08T11:51:23.882-04:00","source":{"id":"0","name":"eventBus"}}
{"__type":"$$EventMessageNode","id":"4451582b-24b5-468f-990b-34c1f371031a","ts":"2025-08-08T11:51:24.487-04:00","eventName":"n8n.node.finished","message":"n8n.node.finished","payload":{"workflowId":"ISDPRZkXm3miWmK7","workflowName":"My workflow","executionId":"180","nodeType":"n8n-nodes-base.httpRequest","nodeName":"HTTP Request","nodeId":"2188b732-8449-4880-b62c-5f85b85792bd"}}
{"__type":"$$EventMessageConfirm","confirm":"4451582b-24b5-468f-990b-34c1f371031a","ts":"2025-08-08T11:51:24.487-04:00","source":{"id":"0","name":"eventBus"}}
{"__type":"$$EventMessageWorkflow","id":"af1c68ac-ff34-447f-bcda-55edf3e7968e","ts":"2025-08-08T11:51:24.488-04:00","eventName":"n8n.workflow.success","message":"n8n.workflow.success","payload":{"userId":"b47d0fb1-3e65-4518-89af-453857c6bc55","executionId":"180","success":true,"isManual":true,"workflowId":"ISDPRZkXm3miWmK7","workflowName":"My workflow"}}
{"__type":"$$EventMessageConfirm","confirm":"af1c68ac-ff34-447f-bcda-55edf3e7968e","ts":"2025-08-08T11:51:24.489-04:00","source":{"id":"0","name":"eventBus"}}
{"__type":"$$EventMessageWorkflow","id":"13ce00c0-f808-4887-8feb-4117bc2abdbf","ts":"2025-08-08T11:53:12.070-04:00","eventName":"n8n.workflow.started","message":"n8n.workflow.started","payload":{"executionId":"181","workflowId":"ISDPRZkXm3miWmK7","isManual":false,"workflowName":"My workflow"}}
{"__type":"$$EventMessageConfirm","confirm":"13ce00c0-f808-4887-8feb-4117bc2abdbf","ts":"2025-08-08T11:53:12.070-04:00","source":{"id":"0","name":"eventBus"}}
{"__type":"$$EventMessageNode","id":"cdf3df29-824e-43f7-8681-72e8346a6912","ts":"2025-08-08T11:53:12.071-04:00","eventName":"n8n.node.started","message":"n8n.node.started","payload":{"workflowId":"ISDPRZkXm3miWmK7","workflowName":"My workflow","executionId":"181","nodeType":"n8n-nodes-base.function","nodeName":"Filter Old Words","nodeId":"f007284a-e4a8-4c49-9bf8-36741f05fd6c"}}
{"__type":"$$EventMessageConfirm","confirm":"cdf3df29-824e-43f7-8681-72e8346a6912","ts":"2025-08-08T11:53:12.071-04:00","source":{"id":"0","name":"eventBus"}}
{"__type":"$$EventMessageNode","id":"79754f6d-0e92-431b-9cc3-6dc8303129f1","ts":"2025-08-08T11:53:12.094-04:00","eventName":"n8n.node.finished","message":"n8n.node.finished","payload":{"workflowId":"ISDPRZkXm3miWmK7","workflowName":"My workflow","executionId":"181","nodeType":"n8n-nodes-base.function","nodeName":"Filter Old Words","nodeId":"f007284a-e4a8-4c49-9bf8-36741f05fd6c"}}
{"__type":"$$EventMessageConfirm","confirm":"79754f6d-0e92-431b-9cc3-6dc8303129f1","ts":"2025-08-08T11:53:12.094-04:00","source":{"id":"0","name":"eventBus"}}
{"__type":"$$EventMessageWorkflow","id":"731c5782-82cc-4c67-a4bd-d40ea9da53a0","ts":"2025-08-08T11:53:12.095-04:00","eventName":"n8n.workflow.success","message":"n8n.workflow.success","payload":{"userId":"b47d0fb1-3e65-4518-89af-453857c6bc55","executionId":"181","success":true,"isManual":true,"workflowId":"ISDPRZkXm3miWmK7","workflowName":"My workflow"}}
{"__type":"$$EventMessageConfirm","confirm":"731c5782-82cc-4c67-a4bd-d40ea9da53a0","ts":"2025-08-08T11:53:12.095-04:00","source":{"id":"0","name":"eventBus"}}
{"__type":"$$EventMessageWorkflow","id":"97f779a1-96a9-4253-89ff-838d8b667545","ts":"2025-08-08T11:55:18.117-04:00","eventName":"n8n.workflow.started","message":"n8n.workflow.started","payload":{"executionId":"182","workflowId":"ISDPRZkXm3miWmK7","isManual":false,"workflowName":"My workflow"}}
{"__type":"$$EventMessageConfirm","confirm":"97f779a1-96a9-4253-89ff-838d8b667545","ts":"2025-08-08T11:55:18.117-04:00","source":{"id":"0","name":"eventBus"}}
{"__type":"$$EventMessageNode","id":"6f45b0cd-11da-422d-bc5e-20d43093fe38","ts":"2025-08-08T11:55:18.117-04:00","eventName":"n8n.node.started","message":"n8n.node.started","payload":{"workflowId":"ISDPRZkXm3miWmK7","workflowName":"My workflow","executionId":"182","nodeType":"n8n-nodes-base.function","nodeName":"Filter Old Words","nodeId":"f007284a-e4a8-4c49-9bf8-36741f05fd6c"}}
{"__type":"$$EventMessageConfirm","confirm":"6f45b0cd-11da-422d-bc5e-20d43093fe38","ts":"2025-08-08T11:55:18.117-04:00","source":{"id":"0","name":"eventBus"}}
{"__type":"$$EventMessageNode","id":"966d4a6d-4c58-41ac-a4d2-82ad92cb1b86","ts":"2025-08-08T11:55:18.125-04:00","eventName":"n8n.node.finished","message":"n8n.node.finished","payload":{"workflowId":"ISDPRZkXm3miWmK7","workflowName":"My workflow","executionId":"182","nodeType":"n8n-nodes-base.function","nodeName":"Filter Old Words","nodeId":"f007284a-e4a8-4c49-9bf8-36741f05fd6c"}}
{"__type":"$$EventMessageConfirm","confirm":"966d4a6d-4c58-41ac-a4d2-82ad92cb1b86","ts":"2025-08-08T11:55:18.126-04:00","source":{"id":"0","name":"eventBus"}}
{"__type":"$$EventMessageWorkflow","id":"37af0053-79b4-473e-bef6-e5f9442bfe36","ts":"2025-08-08T11:55:18.129-04:00","eventName":"n8n.workflow.success","message":"n8n.workflow.success","payload":{"userId":"b47d0fb1-3e65-4518-89af-453857c6bc55","executionId":"182","success":true,"isManual":true,"workflowId":"ISDPRZkXm3miWmK7","workflowName":"My workflow"}}
{"__type":"$$EventMessageConfirm","confirm":"37af0053-79b4-473e-bef6-e5f9442bfe36","ts":"2025-08-08T11:55:18.129-04:00","source":{"id":"0","name":"eventBus"}}
{"__type":"$$EventMessageWorkflow","id":"a86c3477-8270-46d2-b2ee-fd572b255b8e","ts":"2025-08-08T11:55:31.093-04:00","eventName":"n8n.workflow.started","message":"n8n.workflow.started","payload":{"executionId":"183","workflowId":"ucmiLmCdrb6FRZtp","isManual":false,"workflowName":"Daily English Chanllenge"}}
{"__type":"$$EventMessageConfirm","confirm":"a86c3477-8270-46d2-b2ee-fd572b255b8e","ts":"2025-08-08T11:55:31.093-04:00","source":{"id":"0","name":"eventBus"}}
{"__type":"$$EventMessageNode","id":"4b660c2d-0058-4bd5-8608-5abdfde10faa","ts":"2025-08-08T11:55:31.093-04:00","eventName":"n8n.node.started","message":"n8n.node.started","payload":{"workflowId":"ucmiLmCdrb6FRZtp","workflowName":"Daily English Chanllenge","executionId":"183","nodeType":"n8n-nodes-base.scheduleTrigger","nodeName":"Schedule Trigger","nodeId":"b8cbe0d9-a14c-4dcb-a457-0fbc84e2f208"}}
{"__type":"$$EventMessageConfirm","confirm":"4b660c2d-0058-4bd5-8608-5abdfde10faa","ts":"2025-08-08T11:55:31.093-04:00","source":{"id":"0","name":"eventBus"}}
{"__type":"$$EventMessageNode","id":"11c7160b-bc49-4ba9-917c-1dc731fa011d","ts":"2025-08-08T11:55:31.093-04:00","eventName":"n8n.node.finished","message":"n8n.node.finished","payload":{"workflowId":"ucmiLmCdrb6FRZtp","workflowName":"Daily English Chanllenge","executionId":"183","nodeType":"n8n-nodes-base.scheduleTrigger","nodeName":"Schedule Trigger","nodeId":"b8cbe0d9-a14c-4dcb-a457-0fbc84e2f208"}}
{"__type":"$$EventMessageConfirm","confirm":"11c7160b-bc49-4ba9-917c-1dc731fa011d","ts":"2025-08-08T11:55:31.093-04:00","source":{"id":"0","name":"eventBus"}}
{"__type":"$$EventMessageWorkflow","id":"32cb11de-a644-47a9-817c-d53d57de76f2","ts":"2025-08-08T11:55:31.093-04:00","eventName":"n8n.workflow.success","message":"n8n.workflow.success","payload":{"executionId":"183","success":true,"isManual":false,"workflowId":"ucmiLmCdrb6FRZtp","workflowName":"Daily English Chanllenge"}}
{"__type":"$$EventMessageConfirm","confirm":"32cb11de-a644-47a9-817c-d53d57de76f2","ts":"2025-08-08T11:55:31.093-04:00","source":{"id":"0","name":"eventBus"}}
{"__type":"$$EventMessageWorkflow","id":"bda80ed7-e466-4eab-a4a7-5a6d2c42db69","ts":"2025-08-08T11:59:51.866-04:00","eventName":"n8n.workflow.started","message":"n8n.workflow.started","payload":{"executionId":"184","workflowId":"ISDPRZkXm3miWmK7","isManual":false,"workflowName":"My workflow"}}
{"__type":"$$EventMessageConfirm","confirm":"bda80ed7-e466-4eab-a4a7-5a6d2c42db69","ts":"2025-08-08T11:59:51.867-04:00","source":{"id":"0","name":"eventBus"}}
{"__type":"$$EventMessageNode","id":"b5bc632c-7a9b-469f-ab28-8157498ac8c2","ts":"2025-08-08T11:59:51.867-04:00","eventName":"n8n.node.started","message":"n8n.node.started","payload":{"workflowId":"ISDPRZkXm3miWmK7","workflowName":"My workflow","executionId":"184","nodeType":"n8n-nodes-base.cron","nodeName":"Start Daily Trigger","nodeId":"12db43fb-0c8d-4131-b365-066e88a50b54"}}
{"__type":"$$EventMessageConfirm","confirm":"b5bc632c-7a9b-469f-ab28-8157498ac8c2","ts":"2025-08-08T11:59:51.868-04:00","source":{"id":"0","name":"eventBus"}}
{"__type":"$$EventMessageNode","id":"e216a9fc-62bc-4fa9-b01a-3271674d62d1","ts":"2025-08-08T11:59:51.875-04:00","eventName":"n8n.node.finished","message":"n8n.node.finished","payload":{"workflowId":"ISDPRZkXm3miWmK7","workflowName":"My workflow","executionId":"184","nodeType":"n8n-nodes-base.cron","nodeName":"Start Daily Trigger","nodeId":"12db43fb-0c8d-4131-b365-066e88a50b54"}}
{"__type":"$$EventMessageConfirm","confirm":"e216a9fc-62bc-4fa9-b01a-3271674d62d1","ts":"2025-08-08T11:59:51.875-04:00","source":{"id":"0","name":"eventBus"}}
{"__type":"$$EventMessageNode","id":"a1c7c3d0-ed01-45d6-987d-84a90733c207","ts":"2025-08-08T11:59:51.875-04:00","eventName":"n8n.node.started","message":"n8n.node.started","payload":{"workflowId":"ISDPRZkXm3miWmK7","workflowName":"My workflow","executionId":"184","nodeType":"n8n-nodes-base.httpRequest","nodeName":"Get English Words","nodeId":"3d67fd4e-5d33-4268-b975-a0b877d66938"}}
{"__type":"$$EventMessageConfirm","confirm":"a1c7c3d0-ed01-45d6-987d-84a90733c207","ts":"2025-08-08T11:59:51.876-04:00","source":{"id":"0","name":"eventBus"}}
{"__type":"$$EventMessageNode","id":"6ba0e823-413c-4722-9ffa-7a288e52940b","ts":"2025-08-08T11:59:58.247-04:00","eventName":"n8n.node.finished","message":"n8n.node.finished","payload":{"workflowId":"ISDPRZkXm3miWmK7","workflowName":"My workflow","executionId":"184","nodeType":"n8n-nodes-base.httpRequest","nodeName":"Get English Words","nodeId":"3d67fd4e-5d33-4268-b975-a0b877d66938"}}
{"__type":"$$EventMessageConfirm","confirm":"6ba0e823-413c-4722-9ffa-7a288e52940b","ts":"2025-08-08T11:59:58.247-04:00","source":{"id":"0","name":"eventBus"}}
{"__type":"$$EventMessageNode","id":"34624215-6ed5-4fcb-abd7-a1c1bbe25dec","ts":"2025-08-08T11:59:58.247-04:00","eventName":"n8n.node.started","message":"n8n.node.started","payload":{"workflowId":"ISDPRZkXm3miWmK7","workflowName":"My workflow","executionId":"184","nodeType":"n8n-nodes-base.set","nodeName":"Edit Fields","nodeId":"5197e3f8-0e48-43b7-80c3-479ed71c221c"}}
{"__type":"$$EventMessageConfirm","confirm":"34624215-6ed5-4fcb-abd7-a1c1bbe25dec","ts":"2025-08-08T11:59:58.247-04:00","source":{"id":"0","name":"eventBus"}}
{"__type":"$$EventMessageNode","id":"57b031bb-fcde-4245-aeff-1f1c6494f8c8","ts":"2025-08-08T11:59:58.248-04:00","eventName":"n8n.node.finished","message":"n8n.node.finished","payload":{"workflowId":"ISDPRZkXm3miWmK7","workflowName":"My workflow","executionId":"184","nodeType":"n8n-nodes-base.set","nodeName":"Edit Fields","nodeId":"5197e3f8-0e48-43b7-80c3-479ed71c221c"}}
{"__type":"$$EventMessageConfirm","confirm":"57b031bb-fcde-4245-aeff-1f1c6494f8c8","ts":"2025-08-08T11:59:58.248-04:00","source":{"id":"0","name":"eventBus"}}
{"__type":"$$EventMessageNode","id":"606b8341-594c-40e0-8b90-dd09c59fac92","ts":"2025-08-08T11:59:58.249-04:00","eventName":"n8n.node.started","message":"n8n.node.started","payload":{"workflowId":"ISDPRZkXm3miWmK7","workflowName":"My workflow","executionId":"184","nodeType":"n8n-nodes-base.function","nodeName":"Filter Old Words","nodeId":"f007284a-e4a8-4c49-9bf8-36741f05fd6c"}}
{"__type":"$$EventMessageConfirm","confirm":"606b8341-594c-40e0-8b90-dd09c59fac92","ts":"2025-08-08T11:59:58.249-04:00","source":{"id":"0","name":"eventBus"}}
{"__type":"$$EventMessageNode","id":"2d4bce4e-56c0-4972-b25d-15d370f96984","ts":"2025-08-08T11:59:58.253-04:00","eventName":"n8n.node.finished","message":"n8n.node.finished","payload":{"workflowId":"ISDPRZkXm3miWmK7","workflowName":"My workflow","executionId":"184","nodeType":"n8n-nodes-base.function","nodeName":"Filter Old Words","nodeId":"f007284a-e4a8-4c49-9bf8-36741f05fd6c"}}
{"__type":"$$EventMessageConfirm","confirm":"2d4bce4e-56c0-4972-b25d-15d370f96984","ts":"2025-08-08T11:59:58.253-04:00","source":{"id":"0","name":"eventBus"}}
{"__type":"$$EventMessageNode","id":"b85bcca9-4bae-4706-9d10-ffa3d7d6465f","ts":"2025-08-08T11:59:58.254-04:00","eventName":"n8n.node.started","message":"n8n.node.started","payload":{"workflowId":"ISDPRZkXm3miWmK7","workflowName":"My workflow","executionId":"184","nodeType":"n8n-nodes-base.httpRequest","nodeName":"HTTP Request","nodeId":"2188b732-8449-4880-b62c-5f85b85792bd"}}
{"__type":"$$EventMessageConfirm","confirm":"b85bcca9-4bae-4706-9d10-ffa3d7d6465f","ts":"2025-08-08T11:59:58.254-04:00","source":{"id":"0","name":"eventBus"}}
{"__type":"$$EventMessageNode","id":"54710100-2006-41c6-8c88-3b2ee5d27051","ts":"2025-08-08T11:59:58.794-04:00","eventName":"n8n.node.finished","message":"n8n.node.finished","payload":{"workflowId":"ISDPRZkXm3miWmK7","workflowName":"My workflow","executionId":"184","nodeType":"n8n-nodes-base.httpRequest","nodeName":"HTTP Request","nodeId":"2188b732-8449-4880-b62c-5f85b85792bd"}}
{"__type":"$$EventMessageConfirm","confirm":"54710100-2006-41c6-8c88-3b2ee5d27051","ts":"2025-08-08T11:59:58.794-04:00","source":{"id":"0","name":"eventBus"}}
{"__type":"$$EventMessageWorkflow","id":"a2d25d2d-7e73-4543-bfeb-e274020bf27d","ts":"2025-08-08T11:59:58.795-04:00","eventName":"n8n.workflow.success","message":"n8n.workflow.success","payload":{"userId":"b47d0fb1-3e65-4518-89af-453857c6bc55","executionId":"184","success":true,"isManual":true,"workflowId":"ISDPRZkXm3miWmK7","workflowName":"My workflow"}}
{"__type":"$$EventMessageConfirm","confirm":"a2d25d2d-7e73-4543-bfeb-e274020bf27d","ts":"2025-08-08T11:59:58.795-04:00","source":{"id":"0","name":"eventBus"}}
{"__type":"$$EventMessageWorkflow","id":"844c13f8-686e-40ff-98cb-0c6ddddd4c30","ts":"2025-08-08T12:00:31.181-04:00","eventName":"n8n.workflow.started","message":"n8n.workflow.started","payload":{"executionId":"185","workflowId":"ucmiLmCdrb6FRZtp","isManual":false,"workflowName":"Daily English Chanllenge"}}
{"__type":"$$EventMessageConfirm","confirm":"844c13f8-686e-40ff-98cb-0c6ddddd4c30","ts":"2025-08-08T12:00:31.181-04:00","source":{"id":"0","name":"eventBus"}}
{"__type":"$$EventMessageNode","id":"fc1f9979-7880-4d2a-923e-2377cbea256e","ts":"2025-08-08T12:00:31.182-04:00","eventName":"n8n.node.started","message":"n8n.node.started","payload":{"workflowId":"ucmiLmCdrb6FRZtp","workflowName":"Daily English Chanllenge","executionId":"185","nodeType":"n8n-nodes-base.scheduleTrigger","nodeName":"Schedule Trigger","nodeId":"b8cbe0d9-a14c-4dcb-a457-0fbc84e2f208"}}
{"__type":"$$EventMessageConfirm","confirm":"fc1f9979-7880-4d2a-923e-2377cbea256e","ts":"2025-08-08T12:00:31.182-04:00","source":{"id":"0","name":"eventBus"}}
{"__type":"$$EventMessageNode","id":"a9236073-eb70-47ed-a9c7-ff8e27902fb0","ts":"2025-08-08T12:00:31.182-04:00","eventName":"n8n.node.finished","message":"n8n.node.finished","payload":{"workflowId":"ucmiLmCdrb6FRZtp","workflowName":"Daily English Chanllenge","executionId":"185","nodeType":"n8n-nodes-base.scheduleTrigger","nodeName":"Schedule Trigger","nodeId":"b8cbe0d9-a14c-4dcb-a457-0fbc84e2f208"}}
{"__type":"$$EventMessageConfirm","confirm":"a9236073-eb70-47ed-a9c7-ff8e27902fb0","ts":"2025-08-08T12:00:31.182-04:00","source":{"id":"0","name":"eventBus"}}
{"__type":"$$EventMessageWorkflow","id":"aa6cee28-bb8c-40b4-bd4e-7bcfa518a761","ts":"2025-08-08T12:00:31.182-04:00","eventName":"n8n.workflow.success","message":"n8n.workflow.success","payload":{"executionId":"185","success":true,"isManual":false,"workflowId":"ucmiLmCdrb6FRZtp","workflowName":"Daily English Chanllenge"}}
{"__type":"$$EventMessageConfirm","confirm":"aa6cee28-bb8c-40b4-bd4e-7bcfa518a761","ts":"2025-08-08T12:00:31.182-04:00","source":{"id":"0","name":"eventBus"}}
{"__type":"$$EventMessageWorkflow","id":"142c8ed5-3d05-4a30-b343-3daa3451b7c9","ts":"2025-08-08T12:00:31.430-04:00","eventName":"n8n.workflow.started","message":"n8n.workflow.started","payload":{"executionId":"186","workflowId":"ISDPRZkXm3miWmK7","isManual":false,"workflowName":"My workflow"}}
{"__type":"$$EventMessageConfirm","confirm":"142c8ed5-3d05-4a30-b343-3daa3451b7c9","ts":"2025-08-08T12:00:31.431-04:00","source":{"id":"0","name":"eventBus"}}
{"__type":"$$EventMessageNode","id":"0c385762-6428-4f61-b8cb-9af27c367eed","ts":"2025-08-08T12:00:31.432-04:00","eventName":"n8n.node.started","message":"n8n.node.started","payload":{"workflowId":"ISDPRZkXm3miWmK7","workflowName":"My workflow","executionId":"186","nodeType":"n8n-nodes-base.function","nodeName":"Filter Old Words","nodeId":"f007284a-e4a8-4c49-9bf8-36741f05fd6c"}}
{"__type":"$$EventMessageConfirm","confirm":"0c385762-6428-4f61-b8cb-9af27c367eed","ts":"2025-08-08T12:00:31.432-04:00","source":{"id":"0","name":"eventBus"}}
{"__type":"$$EventMessageNode","id":"72a7fd7a-8850-492a-93c5-59b354d50adf","ts":"2025-08-08T12:00:31.439-04:00","eventName":"n8n.node.finished","message":"n8n.node.finished","payload":{"workflowId":"ISDPRZkXm3miWmK7","workflowName":"My workflow","executionId":"186","nodeType":"n8n-nodes-base.function","nodeName":"Filter Old Words","nodeId":"f007284a-e4a8-4c49-9bf8-36741f05fd6c"}}
{"__type":"$$EventMessageConfirm","confirm":"72a7fd7a-8850-492a-93c5-59b354d50adf","ts":"2025-08-08T12:00:31.439-04:00","source":{"id":"0","name":"eventBus"}}
{"__type":"$$EventMessageWorkflow","id":"0dcb7458-9459-47b3-9bee-c5967a8da4bc","ts":"2025-08-08T12:00:31.442-04:00","eventName":"n8n.workflow.success","message":"n8n.workflow.success","payload":{"userId":"b47d0fb1-3e65-4518-89af-453857c6bc55","executionId":"186","success":true,"isManual":true,"workflowId":"ISDPRZkXm3miWmK7","workflowName":"My workflow"}}
{"__type":"$$EventMessageConfirm","confirm":"0dcb7458-9459-47b3-9bee-c5967a8da4bc","ts":"2025-08-08T12:00:31.442-04:00","source":{"id":"0","name":"eventBus"}}
{"__type":"$$EventMessageWorkflow","id":"599f6762-5f4d-4c38-a109-52f20c2fcd95","ts":"2025-08-08T12:00:38.855-04:00","eventName":"n8n.workflow.started","message":"n8n.workflow.started","payload":{"executionId":"187","workflowId":"ISDPRZkXm3miWmK7","isManual":false,"workflowName":"My workflow"}}
{"__type":"$$EventMessageConfirm","confirm":"599f6762-5f4d-4c38-a109-52f20c2fcd95","ts":"2025-08-08T12:00:38.855-04:00","source":{"id":"0","name":"eventBus"}}
{"__type":"$$EventMessageNode","id":"1d93fef3-383c-452d-9a6b-d9d69bc23768","ts":"2025-08-08T12:00:38.856-04:00","eventName":"n8n.node.started","message":"n8n.node.started","payload":{"workflowId":"ISDPRZkXm3miWmK7","workflowName":"My workflow","executionId":"187","nodeType":"n8n-nodes-base.cron","nodeName":"Start Daily Trigger","nodeId":"12db43fb-0c8d-4131-b365-066e88a50b54"}}
{"__type":"$$EventMessageConfirm","confirm":"1d93fef3-383c-452d-9a6b-d9d69bc23768","ts":"2025-08-08T12:00:38.856-04:00","source":{"id":"0","name":"eventBus"}}
{"__type":"$$EventMessageNode","id":"b648eb7e-494f-4bf4-a0ca-fa5f7becfc12","ts":"2025-08-08T12:00:38.860-04:00","eventName":"n8n.node.finished","message":"n8n.node.finished","payload":{"workflowId":"ISDPRZkXm3miWmK7","workflowName":"My workflow","executionId":"187","nodeType":"n8n-nodes-base.cron","nodeName":"Start Daily Trigger","nodeId":"12db43fb-0c8d-4131-b365-066e88a50b54"}}
{"__type":"$$EventMessageConfirm","confirm":"b648eb7e-494f-4bf4-a0ca-fa5f7becfc12","ts":"2025-08-08T12:00:38.860-04:00","source":{"id":"0","name":"eventBus"}}
{"__type":"$$EventMessageNode","id":"f57bf11d-5c39-4750-a691-8533e0797bd5","ts":"2025-08-08T12:00:38.861-04:00","eventName":"n8n.node.started","message":"n8n.node.started","payload":{"workflowId":"ISDPRZkXm3miWmK7","workflowName":"My workflow","executionId":"187","nodeType":"n8n-nodes-base.httpRequest","nodeName":"Get English Words","nodeId":"3d67fd4e-5d33-4268-b975-a0b877d66938"}}
{"__type":"$$EventMessageConfirm","confirm":"f57bf11d-5c39-4750-a691-8533e0797bd5","ts":"2025-08-08T12:00:38.861-04:00","source":{"id":"0","name":"eventBus"}}
{"__type":"$$EventMessageNode","id":"3c57fe84-5c1d-44c8-801e-80f8f174681d","ts":"2025-08-08T12:00:42.955-04:00","eventName":"n8n.node.finished","message":"n8n.node.finished","payload":{"workflowId":"ISDPRZkXm3miWmK7","workflowName":"My workflow","executionId":"187","nodeType":"n8n-nodes-base.httpRequest","nodeName":"Get English Words","nodeId":"3d67fd4e-5d33-4268-b975-a0b877d66938"}}
{"__type":"$$EventMessageConfirm","confirm":"3c57fe84-5c1d-44c8-801e-80f8f174681d","ts":"2025-08-08T12:00:42.955-04:00","source":{"id":"0","name":"eventBus"}}
{"__type":"$$EventMessageNode","id":"27b5e107-1bf3-40be-bbe6-ce764c01ab7e","ts":"2025-08-08T12:00:42.955-04:00","eventName":"n8n.node.started","message":"n8n.node.started","payload":{"workflowId":"ISDPRZkXm3miWmK7","workflowName":"My workflow","executionId":"187","nodeType":"n8n-nodes-base.set","nodeName":"Edit Fields","nodeId":"5197e3f8-0e48-43b7-80c3-479ed71c221c"}}
{"__type":"$$EventMessageConfirm","confirm":"27b5e107-1bf3-40be-bbe6-ce764c01ab7e","ts":"2025-08-08T12:00:42.955-04:00","source":{"id":"0","name":"eventBus"}}
{"__type":"$$EventMessageNode","id":"8532ff64-12dd-43b9-90d3-27ac40b1ddae","ts":"2025-08-08T12:00:42.956-04:00","eventName":"n8n.node.finished","message":"n8n.node.finished","payload":{"workflowId":"ISDPRZkXm3miWmK7","workflowName":"My workflow","executionId":"187","nodeType":"n8n-nodes-base.set","nodeName":"Edit Fields","nodeId":"5197e3f8-0e48-43b7-80c3-479ed71c221c"}}
{"__type":"$$EventMessageConfirm","confirm":"8532ff64-12dd-43b9-90d3-27ac40b1ddae","ts":"2025-08-08T12:00:42.956-04:00","source":{"id":"0","name":"eventBus"}}
{"__type":"$$EventMessageNode","id":"e145c992-72e3-4449-b041-d295639b9c03","ts":"2025-08-08T12:00:42.956-04:00","eventName":"n8n.node.started","message":"n8n.node.started","payload":{"workflowId":"ISDPRZkXm3miWmK7","workflowName":"My workflow","executionId":"187","nodeType":"n8n-nodes-base.function","nodeName":"Filter Old Words","nodeId":"f007284a-e4a8-4c49-9bf8-36741f05fd6c"}}
{"__type":"$$EventMessageConfirm","confirm":"e145c992-72e3-4449-b041-d295639b9c03","ts":"2025-08-08T12:00:42.956-04:00","source":{"id":"0","name":"eventBus"}}
{"__type":"$$EventMessageNode","id":"9fb03a3b-654a-4a9a-9d26-24aa56a879d6","ts":"2025-08-08T12:00:42.960-04:00","eventName":"n8n.node.finished","message":"n8n.node.finished","payload":{"workflowId":"ISDPRZkXm3miWmK7","workflowName":"My workflow","executionId":"187","nodeType":"n8n-nodes-base.function","nodeName":"Filter Old Words","nodeId":"f007284a-e4a8-4c49-9bf8-36741f05fd6c"}}
{"__type":"$$EventMessageConfirm","confirm":"9fb03a3b-654a-4a9a-9d26-24aa56a879d6","ts":"2025-08-08T12:00:42.960-04:00","source":{"id":"0","name":"eventBus"}}
{"__type":"$$EventMessageNode","id":"f216b4b0-8f0b-47a2-9123-e9a71753b610","ts":"2025-08-08T12:00:42.961-04:00","eventName":"n8n.node.started","message":"n8n.node.started","payload":{"workflowId":"ISDPRZkXm3miWmK7","workflowName":"My workflow","executionId":"187","nodeType":"n8n-nodes-base.httpRequest","nodeName":"HTTP Request","nodeId":"2188b732-8449-4880-b62c-5f85b85792bd"}}
{"__type":"$$EventMessageConfirm","confirm":"f216b4b0-8f0b-47a2-9123-e9a71753b610","ts":"2025-08-08T12:00:42.961-04:00","source":{"id":"0","name":"eventBus"}}
{"__type":"$$EventMessageNode","id":"f6252f49-6f69-4684-92c1-fab95f189ece","ts":"2025-08-08T12:00:43.330-04:00","eventName":"n8n.node.finished","message":"n8n.node.finished","payload":{"workflowId":"ISDPRZkXm3miWmK7","workflowName":"My workflow","executionId":"187","nodeType":"n8n-nodes-base.httpRequest","nodeName":"HTTP Request","nodeId":"2188b732-8449-4880-b62c-5f85b85792bd"}}
{"__type":"$$EventMessageConfirm","confirm":"f6252f49-6f69-4684-92c1-fab95f189ece","ts":"2025-08-08T12:00:43.331-04:00","source":{"id":"0","name":"eventBus"}}
{"__type":"$$EventMessageWorkflow","id":"45a6ab4d-855f-402a-ab70-013b5832400a","ts":"2025-08-08T12:00:43.336-04:00","eventName":"n8n.workflow.success","message":"n8n.workflow.success","payload":{"userId":"b47d0fb1-3e65-4518-89af-453857c6bc55","executionId":"187","success":true,"isManual":true,"workflowId":"ISDPRZkXm3miWmK7","workflowName":"My workflow"}}
{"__type":"$$EventMessageConfirm","confirm":"45a6ab4d-855f-402a-ab70-013b5832400a","ts":"2025-08-08T12:00:43.336-04:00","source":{"id":"0","name":"eventBus"}}
{"__type":"$$EventMessageWorkflow","id":"7a613b4e-7287-4ccf-8314-c82aab714ee8","ts":"2025-08-08T12:01:12.065-04:00","eventName":"n8n.workflow.started","message":"n8n.workflow.started","payload":{"executionId":"188","workflowId":"ISDPRZkXm3miWmK7","isManual":false,"workflowName":"My workflow"}}
{"__type":"$$EventMessageConfirm","confirm":"7a613b4e-7287-4ccf-8314-c82aab714ee8","ts":"2025-08-08T12:01:12.065-04:00","source":{"id":"0","name":"eventBus"}}
{"__type":"$$EventMessageNode","id":"b90d02f9-57ea-42f0-9c01-2ee42ecfbea6","ts":"2025-08-08T12:01:12.065-04:00","eventName":"n8n.node.started","message":"n8n.node.started","payload":{"workflowId":"ISDPRZkXm3miWmK7","workflowName":"My workflow","executionId":"188","nodeType":"n8n-nodes-base.httpRequest","nodeName":"HTTP Request","nodeId":"2188b732-8449-4880-b62c-5f85b85792bd"}}
{"__type":"$$EventMessageConfirm","confirm":"b90d02f9-57ea-42f0-9c01-2ee42ecfbea6","ts":"2025-08-08T12:01:12.065-04:00","source":{"id":"0","name":"eventBus"}}
{"__type":"$$EventMessageNode","id":"99ebb9fc-cfc9-47dc-b1d5-f971f7786eb8","ts":"2025-08-08T12:01:12.510-04:00","eventName":"n8n.node.finished","message":"n8n.node.finished","payload":{"workflowId":"ISDPRZkXm3miWmK7","workflowName":"My workflow","executionId":"188","nodeType":"n8n-nodes-base.httpRequest","nodeName":"HTTP Request","nodeId":"2188b732-8449-4880-b62c-5f85b85792bd"}}
{"__type":"$$EventMessageConfirm","confirm":"99ebb9fc-cfc9-47dc-b1d5-f971f7786eb8","ts":"2025-08-08T12:01:12.510-04:00","source":{"id":"0","name":"eventBus"}}
{"__type":"$$EventMessageWorkflow","id":"0302795f-33e5-4b6a-9850-375f9238cd95","ts":"2025-08-08T12:01:12.512-04:00","eventName":"n8n.workflow.success","message":"n8n.workflow.success","payload":{"userId":"b47d0fb1-3e65-4518-89af-453857c6bc55","executionId":"188","success":true,"isManual":true,"workflowId":"ISDPRZkXm3miWmK7","workflowName":"My workflow"}}
{"__type":"$$EventMessageConfirm","confirm":"0302795f-33e5-4b6a-9850-375f9238cd95","ts":"2025-08-08T12:01:12.512-04:00","source":{"id":"0","name":"eventBus"}}
{"__type":"$$EventMessageWorkflow","id":"1fdcc3ae-32ef-4dd2-8123-fa0a2f97c419","ts":"2025-08-08T12:01:18.100-04:00","eventName":"n8n.workflow.started","message":"n8n.workflow.started","payload":{"executionId":"189","workflowId":"ISDPRZkXm3miWmK7","isManual":false,"workflowName":"My workflow"}}
{"__type":"$$EventMessageConfirm","confirm":"1fdcc3ae-32ef-4dd2-8123-fa0a2f97c419","ts":"2025-08-08T12:01:18.100-04:00","source":{"id":"0","name":"eventBus"}}
{"__type":"$$EventMessageNode","id":"d0b13dca-d14e-4f19-bb1b-f5142805c7e0","ts":"2025-08-08T12:01:18.101-04:00","eventName":"n8n.node.started","message":"n8n.node.started","payload":{"workflowId":"ISDPRZkXm3miWmK7","workflowName":"My workflow","executionId":"189","nodeType":"n8n-nodes-base.cron","nodeName":"Start Daily Trigger","nodeId":"12db43fb-0c8d-4131-b365-066e88a50b54"}}
{"__type":"$$EventMessageConfirm","confirm":"d0b13dca-d14e-4f19-bb1b-f5142805c7e0","ts":"2025-08-08T12:01:18.101-04:00","source":{"id":"0","name":"eventBus"}}
{"__type":"$$EventMessageNode","id":"78b244a8-ea9d-49cd-b94d-f97d1d36e9a2","ts":"2025-08-08T12:01:18.106-04:00","eventName":"n8n.node.finished","message":"n8n.node.finished","payload":{"workflowId":"ISDPRZkXm3miWmK7","workflowName":"My workflow","executionId":"189","nodeType":"n8n-nodes-base.cron","nodeName":"Start Daily Trigger","nodeId":"12db43fb-0c8d-4131-b365-066e88a50b54"}}
{"__type":"$$EventMessageConfirm","confirm":"78b244a8-ea9d-49cd-b94d-f97d1d36e9a2","ts":"2025-08-08T12:01:18.107-04:00","source":{"id":"0","name":"eventBus"}}
{"__type":"$$EventMessageNode","id":"851a9423-33e3-4573-a3b4-e3616a7618bd","ts":"2025-08-08T12:01:18.107-04:00","eventName":"n8n.node.started","message":"n8n.node.started","payload":{"workflowId":"ISDPRZkXm3miWmK7","workflowName":"My workflow","executionId":"189","nodeType":"n8n-nodes-base.httpRequest","nodeName":"Get English Words","nodeId":"3d67fd4e-5d33-4268-b975-a0b877d66938"}}
{"__type":"$$EventMessageConfirm","confirm":"851a9423-33e3-4573-a3b4-e3616a7618bd","ts":"2025-08-08T12:01:18.107-04:00","source":{"id":"0","name":"eventBus"}}
{"__type":"$$EventMessageNode","id":"3fa4d9c7-3793-476a-b56e-120c116f4f31","ts":"2025-08-08T12:01:23.621-04:00","eventName":"n8n.node.finished","message":"n8n.node.finished","payload":{"workflowId":"ISDPRZkXm3miWmK7","workflowName":"My workflow","executionId":"189","nodeType":"n8n-nodes-base.httpRequest","nodeName":"Get English Words","nodeId":"3d67fd4e-5d33-4268-b975-a0b877d66938"}}
{"__type":"$$EventMessageConfirm","confirm":"3fa4d9c7-3793-476a-b56e-120c116f4f31","ts":"2025-08-08T12:01:23.621-04:00","source":{"id":"0","name":"eventBus"}}
{"__type":"$$EventMessageNode","id":"7ef2c384-6ead-4892-909f-9119af5ddc5b","ts":"2025-08-08T12:01:23.621-04:00","eventName":"n8n.node.started","message":"n8n.node.started","payload":{"workflowId":"ISDPRZkXm3miWmK7","workflowName":"My workflow","executionId":"189","nodeType":"n8n-nodes-base.set","nodeName":"Edit Fields","nodeId":"5197e3f8-0e48-43b7-80c3-479ed71c221c"}}
{"__type":"$$EventMessageConfirm","confirm":"7ef2c384-6ead-4892-909f-9119af5ddc5b","ts":"2025-08-08T12:01:23.621-04:00","source":{"id":"0","name":"eventBus"}}
{"__type":"$$EventMessageNode","id":"cbe16054-72cd-464d-a9ee-904409c2efed","ts":"2025-08-08T12:01:23.622-04:00","eventName":"n8n.node.finished","message":"n8n.node.finished","payload":{"workflowId":"ISDPRZkXm3miWmK7","workflowName":"My workflow","executionId":"189","nodeType":"n8n-nodes-base.set","nodeName":"Edit Fields","nodeId":"5197e3f8-0e48-43b7-80c3-479ed71c221c"}}
{"__type":"$$EventMessageConfirm","confirm":"cbe16054-72cd-464d-a9ee-904409c2efed","ts":"2025-08-08T12:01:23.622-04:00","source":{"id":"0","name":"eventBus"}}
{"__type":"$$EventMessageNode","id":"578bfd80-7f05-4fa0-b60d-9d1a16879c3c","ts":"2025-08-08T12:01:23.622-04:00","eventName":"n8n.node.started","message":"n8n.node.started","payload":{"workflowId":"ISDPRZkXm3miWmK7","workflowName":"My workflow","executionId":"189","nodeType":"n8n-nodes-base.function","nodeName":"Filter Old Words","nodeId":"f007284a-e4a8-4c49-9bf8-36741f05fd6c"}}
{"__type":"$$EventMessageConfirm","confirm":"578bfd80-7f05-4fa0-b60d-9d1a16879c3c","ts":"2025-08-08T12:01:23.622-04:00","source":{"id":"0","name":"eventBus"}}
{"__type":"$$EventMessageNode","id":"3b580f38-47c8-4ef8-982f-da628d2ea190","ts":"2025-08-08T12:01:23.626-04:00","eventName":"n8n.node.finished","message":"n8n.node.finished","payload":{"workflowId":"ISDPRZkXm3miWmK7","workflowName":"My workflow","executionId":"189","nodeType":"n8n-nodes-base.function","nodeName":"Filter Old Words","nodeId":"f007284a-e4a8-4c49-9bf8-36741f05fd6c"}}
{"__type":"$$EventMessageConfirm","confirm":"3b580f38-47c8-4ef8-982f-da628d2ea190","ts":"2025-08-08T12:01:23.626-04:00","source":{"id":"0","name":"eventBus"}}
{"__type":"$$EventMessageNode","id":"0de92601-db1f-441e-a10a-bb6c72f4cfc6","ts":"2025-08-08T12:01:23.627-04:00","eventName":"n8n.node.started","message":"n8n.node.started","payload":{"workflowId":"ISDPRZkXm3miWmK7","workflowName":"My workflow","executionId":"189","nodeType":"n8n-nodes-base.httpRequest","nodeName":"HTTP Request","nodeId":"2188b732-8449-4880-b62c-5f85b85792bd"}}
{"__type":"$$EventMessageConfirm","confirm":"0de92601-db1f-441e-a10a-bb6c72f4cfc6","ts":"2025-08-08T12:01:23.627-04:00","source":{"id":"0","name":"eventBus"}}
{"__type":"$$EventMessageNode","id":"51278590-9c01-46e6-b074-68ceb1d0a554","ts":"2025-08-08T12:01:23.946-04:00","eventName":"n8n.node.finished","message":"n8n.node.finished","payload":{"workflowId":"ISDPRZkXm3miWmK7","workflowName":"My workflow","executionId":"189","nodeType":"n8n-nodes-base.httpRequest","nodeName":"HTTP Request","nodeId":"2188b732-8449-4880-b62c-5f85b85792bd"}}
{"__type":"$$EventMessageConfirm","confirm":"51278590-9c01-46e6-b074-68ceb1d0a554","ts":"2025-08-08T12:01:23.947-04:00","source":{"id":"0","name":"eventBus"}}
{"__type":"$$EventMessageWorkflow","id":"acbffbde-96b5-4ce1-970d-18985f170fe2","ts":"2025-08-08T12:01:23.951-04:00","eventName":"n8n.workflow.success","message":"n8n.workflow.success","payload":{"userId":"b47d0fb1-3e65-4518-89af-453857c6bc55","executionId":"189","success":true,"isManual":true,"workflowId":"ISDPRZkXm3miWmK7","workflowName":"My workflow"}}
{"__type":"$$EventMessageConfirm","confirm":"acbffbde-96b5-4ce1-970d-18985f170fe2","ts":"2025-08-08T12:01:23.951-04:00","source":{"id":"0","name":"eventBus"}}
{"__type":"$$EventMessageWorkflow","id":"043f4d52-e135-4e51-8d0a-915fc626368b","ts":"2025-08-08T12:02:10.459-04:00","eventName":"n8n.workflow.started","message":"n8n.workflow.started","payload":{"executionId":"190","workflowId":"ISDPRZkXm3miWmK7","isManual":false,"workflowName":"My workflow"}}
{"__type":"$$EventMessageConfirm","confirm":"043f4d52-e135-4e51-8d0a-915fc626368b","ts":"2025-08-08T12:02:10.460-04:00","source":{"id":"0","name":"eventBus"}}
{"__type":"$$EventMessageNode","id":"aa132c95-5063-4658-8c33-8e052913174c","ts":"2025-08-08T12:02:10.462-04:00","eventName":"n8n.node.started","message":"n8n.node.started","payload":{"workflowId":"ISDPRZkXm3miWmK7","workflowName":"My workflow","executionId":"190","nodeType":"n8n-nodes-base.function","nodeName":"Filter Old Words","nodeId":"f007284a-e4a8-4c49-9bf8-36741f05fd6c"}}
{"__type":"$$EventMessageConfirm","confirm":"aa132c95-5063-4658-8c33-8e052913174c","ts":"2025-08-08T12:02:10.462-04:00","source":{"id":"0","name":"eventBus"}}
{"__type":"$$EventMessageNode","id":"525a3cec-14e6-44ae-97c6-5af9a9db2dae","ts":"2025-08-08T12:02:10.482-04:00","eventName":"n8n.node.finished","message":"n8n.node.finished","payload":{"workflowId":"ISDPRZkXm3miWmK7","workflowName":"My workflow","executionId":"190","nodeType":"n8n-nodes-base.function","nodeName":"Filter Old Words","nodeId":"f007284a-e4a8-4c49-9bf8-36741f05fd6c"}}
{"__type":"$$EventMessageConfirm","confirm":"525a3cec-14e6-44ae-97c6-5af9a9db2dae","ts":"2025-08-08T12:02:10.482-04:00","source":{"id":"0","name":"eventBus"}}
{"__type":"$$EventMessageWorkflow","id":"6f5e0b17-421e-4dbb-977a-9f19b8200658","ts":"2025-08-08T12:02:10.486-04:00","eventName":"n8n.workflow.success","message":"n8n.workflow.success","payload":{"userId":"b47d0fb1-3e65-4518-89af-453857c6bc55","executionId":"190","success":true,"isManual":true,"workflowId":"ISDPRZkXm3miWmK7","workflowName":"My workflow"}}
{"__type":"$$EventMessageConfirm","confirm":"6f5e0b17-421e-4dbb-977a-9f19b8200658","ts":"2025-08-08T12:02:10.486-04:00","source":{"id":"0","name":"eventBus"}}
{"__type":"$$EventMessageWorkflow","id":"0ba2b9aa-618c-454e-950c-20e9cf0b0980","ts":"2025-08-08T12:03:15.752-04:00","eventName":"n8n.workflow.started","message":"n8n.workflow.started","payload":{"executionId":"191","workflowId":"ISDPRZkXm3miWmK7","isManual":false,"workflowName":"My workflow"}}
{"__type":"$$EventMessageConfirm","confirm":"0ba2b9aa-618c-454e-950c-20e9cf0b0980","ts":"2025-08-08T12:03:15.752-04:00","source":{"id":"0","name":"eventBus"}}
{"__type":"$$EventMessageNode","id":"f0d6a5b4-b18c-4318-a37b-1ffb8abaae65","ts":"2025-08-08T12:03:15.755-04:00","eventName":"n8n.node.started","message":"n8n.node.started","payload":{"workflowId":"ISDPRZkXm3miWmK7","workflowName":"My workflow","executionId":"191","nodeType":"n8n-nodes-base.function","nodeName":"Filter Old Words","nodeId":"f007284a-e4a8-4c49-9bf8-36741f05fd6c"}}
{"__type":"$$EventMessageConfirm","confirm":"f0d6a5b4-b18c-4318-a37b-1ffb8abaae65","ts":"2025-08-08T12:03:15.755-04:00","source":{"id":"0","name":"eventBus"}}
{"__type":"$$EventMessageNode","id":"770eadb2-3592-4904-8e2f-1187e6bc721d","ts":"2025-08-08T12:03:15.764-04:00","eventName":"n8n.node.finished","message":"n8n.node.finished","payload":{"workflowId":"ISDPRZkXm3miWmK7","workflowName":"My workflow","executionId":"191","nodeType":"n8n-nodes-base.function","nodeName":"Filter Old Words","nodeId":"f007284a-e4a8-4c49-9bf8-36741f05fd6c"}}
{"__type":"$$EventMessageConfirm","confirm":"770eadb2-3592-4904-8e2f-1187e6bc721d","ts":"2025-08-08T12:03:15.764-04:00","source":{"id":"0","name":"eventBus"}}
{"__type":"$$EventMessageWorkflow","id":"dcd853b9-9467-4615-90f2-3e06daef7c81","ts":"2025-08-08T12:03:15.765-04:00","eventName":"n8n.workflow.success","message":"n8n.workflow.success","payload":{"userId":"b47d0fb1-3e65-4518-89af-453857c6bc55","executionId":"191","success":true,"isManual":true,"workflowId":"ISDPRZkXm3miWmK7","workflowName":"My workflow"}}
{"__type":"$$EventMessageConfirm","confirm":"dcd853b9-9467-4615-90f2-3e06daef7c81","ts":"2025-08-08T12:03:15.765-04:00","source":{"id":"0","name":"eventBus"}}
{"__type":"$$EventMessageWorkflow","id":"242ced00-f0f1-4ace-a8fb-a7f7b4983e4c","ts":"2025-08-08T12:05:04.731-04:00","eventName":"n8n.workflow.started","message":"n8n.workflow.started","payload":{"executionId":"192","workflowId":"ISDPRZkXm3miWmK7","isManual":false,"workflowName":"My workflow"}}
{"__type":"$$EventMessageConfirm","confirm":"242ced00-f0f1-4ace-a8fb-a7f7b4983e4c","ts":"2025-08-08T12:05:04.731-04:00","source":{"id":"0","name":"eventBus"}}
{"__type":"$$EventMessageNode","id":"ee090dc3-49a0-4ca0-b676-637f5158f627","ts":"2025-08-08T12:05:04.732-04:00","eventName":"n8n.node.started","message":"n8n.node.started","payload":{"workflowId":"ISDPRZkXm3miWmK7","workflowName":"My workflow","executionId":"192","nodeType":"n8n-nodes-base.function","nodeName":"Filter Old Words","nodeId":"f007284a-e4a8-4c49-9bf8-36741f05fd6c"}}
{"__type":"$$EventMessageConfirm","confirm":"ee090dc3-49a0-4ca0-b676-637f5158f627","ts":"2025-08-08T12:05:04.732-04:00","source":{"id":"0","name":"eventBus"}}
{"__type":"$$EventMessageNode","id":"2de2f04b-1fe2-4f7a-b572-e2de7f9ea4a3","ts":"2025-08-08T12:05:04.737-04:00","eventName":"n8n.node.finished","message":"n8n.node.finished","payload":{"workflowId":"ISDPRZkXm3miWmK7","workflowName":"My workflow","executionId":"192","nodeType":"n8n-nodes-base.function","nodeName":"Filter Old Words","nodeId":"f007284a-e4a8-4c49-9bf8-36741f05fd6c"}}
{"__type":"$$EventMessageConfirm","confirm":"2de2f04b-1fe2-4f7a-b572-e2de7f9ea4a3","ts":"2025-08-08T12:05:04.737-04:00","source":{"id":"0","name":"eventBus"}}
{"__type":"$$EventMessageWorkflow","id":"ea755c40-8fa0-46d0-87f7-d6e016e9306e","ts":"2025-08-08T12:05:04.739-04:00","eventName":"n8n.workflow.success","message":"n8n.workflow.success","payload":{"userId":"b47d0fb1-3e65-4518-89af-453857c6bc55","executionId":"192","success":true,"isManual":true,"workflowId":"ISDPRZkXm3miWmK7","workflowName":"My workflow"}}
{"__type":"$$EventMessageConfirm","confirm":"ea755c40-8fa0-46d0-87f7-d6e016e9306e","ts":"2025-08-08T12:05:04.739-04:00","source":{"id":"0","name":"eventBus"}}
{"__type":"$$EventMessageWorkflow","id":"5af995fc-29d4-4b39-86cd-380a9afa6696","ts":"2025-08-08T12:05:31.095-04:00","eventName":"n8n.workflow.started","message":"n8n.workflow.started","payload":{"executionId":"193","workflowId":"ucmiLmCdrb6FRZtp","isManual":false,"workflowName":"Daily English Chanllenge"}}
{"__type":"$$EventMessageConfirm","confirm":"5af995fc-29d4-4b39-86cd-380a9afa6696","ts":"2025-08-08T12:05:31.096-04:00","source":{"id":"0","name":"eventBus"}}
{"__type":"$$EventMessageNode","id":"e573cbb6-4017-4ca8-ae64-1bc0a1109d2a","ts":"2025-08-08T12:05:31.096-04:00","eventName":"n8n.node.started","message":"n8n.node.started","payload":{"workflowId":"ucmiLmCdrb6FRZtp","workflowName":"Daily English Chanllenge","executionId":"193","nodeType":"n8n-nodes-base.scheduleTrigger","nodeName":"Schedule Trigger","nodeId":"b8cbe0d9-a14c-4dcb-a457-0fbc84e2f208"}}
{"__type":"$$EventMessageConfirm","confirm":"e573cbb6-4017-4ca8-ae64-1bc0a1109d2a","ts":"2025-08-08T12:05:31.096-04:00","source":{"id":"0","name":"eventBus"}}
{"__type":"$$EventMessageNode","id":"1a9e15bb-dfb7-4ca2-8dae-54b50d5860f7","ts":"2025-08-08T12:05:31.096-04:00","eventName":"n8n.node.finished","message":"n8n.node.finished","payload":{"workflowId":"ucmiLmCdrb6FRZtp","workflowName":"Daily English Chanllenge","executionId":"193","nodeType":"n8n-nodes-base.scheduleTrigger","nodeName":"Schedule Trigger","nodeId":"b8cbe0d9-a14c-4dcb-a457-0fbc84e2f208"}}
{"__type":"$$EventMessageConfirm","confirm":"1a9e15bb-dfb7-4ca2-8dae-54b50d5860f7","ts":"2025-08-08T12:05:31.096-04:00","source":{"id":"0","name":"eventBus"}}
{"__type":"$$EventMessageWorkflow","id":"0c70dfbb-fa29-4844-9e0c-c8f377a0ae5d","ts":"2025-08-08T12:05:31.096-04:00","eventName":"n8n.workflow.success","message":"n8n.workflow.success","payload":{"executionId":"193","success":true,"isManual":false,"workflowId":"ucmiLmCdrb6FRZtp","workflowName":"Daily English Chanllenge"}}
{"__type":"$$EventMessageConfirm","confirm":"0c70dfbb-fa29-4844-9e0c-c8f377a0ae5d","ts":"2025-08-08T12:05:31.096-04:00","source":{"id":"0","name":"eventBus"}}
{"__type":"$$EventMessageWorkflow","id":"a0e82bd9-62de-4ea7-a6a5-f60626c42796","ts":"2025-08-08T12:09:29.500-04:00","eventName":"n8n.workflow.started","message":"n8n.workflow.started","payload":{"executionId":"194","workflowId":"ISDPRZkXm3miWmK7","isManual":false,"workflowName":"My workflow"}}
{"__type":"$$EventMessageConfirm","confirm":"a0e82bd9-62de-4ea7-a6a5-f60626c42796","ts":"2025-08-08T12:09:29.501-04:00","source":{"id":"0","name":"eventBus"}}
{"__type":"$$EventMessageNode","id":"29ec6779-c31d-4007-ad61-33476c8fa15c","ts":"2025-08-08T12:09:29.502-04:00","eventName":"n8n.node.started","message":"n8n.node.started","payload":{"workflowId":"ISDPRZkXm3miWmK7","workflowName":"My workflow","executionId":"194","nodeType":"n8n-nodes-base.function","nodeName":"Filter Old Words","nodeId":"f007284a-e4a8-4c49-9bf8-36741f05fd6c"}}
{"__type":"$$EventMessageConfirm","confirm":"29ec6779-c31d-4007-ad61-33476c8fa15c","ts":"2025-08-08T12:09:29.502-04:00","source":{"id":"0","name":"eventBus"}}
{"__type":"$$EventMessageNode","id":"9b634e46-f7a0-4932-a8c5-4c5e920ede58","ts":"2025-08-08T12:09:29.509-04:00","eventName":"n8n.node.finished","message":"n8n.node.finished","payload":{"workflowId":"ISDPRZkXm3miWmK7","workflowName":"My workflow","executionId":"194","nodeType":"n8n-nodes-base.function","nodeName":"Filter Old Words","nodeId":"f007284a-e4a8-4c49-9bf8-36741f05fd6c"}}
{"__type":"$$EventMessageConfirm","confirm":"9b634e46-f7a0-4932-a8c5-4c5e920ede58","ts":"2025-08-08T12:09:29.510-04:00","source":{"id":"0","name":"eventBus"}}
{"__type":"$$EventMessageWorkflow","id":"f7ac57cd-dcde-4911-855d-5fad48e180f1","ts":"2025-08-08T12:09:29.512-04:00","eventName":"n8n.workflow.success","message":"n8n.workflow.success","payload":{"userId":"b47d0fb1-3e65-4518-89af-453857c6bc55","executionId":"194","success":true,"isManual":true,"workflowId":"ISDPRZkXm3miWmK7","workflowName":"My workflow"}}
{"__type":"$$EventMessageConfirm","confirm":"f7ac57cd-dcde-4911-855d-5fad48e180f1","ts":"2025-08-08T12:09:29.512-04:00","source":{"id":"0","name":"eventBus"}}
{"__type":"$$EventMessageWorkflow","id":"7e22d751-e2af-4fd1-82cd-6e478a172aa4","ts":"2025-08-08T12:09:29.958-04:00","eventName":"n8n.workflow.started","message":"n8n.workflow.started","payload":{"executionId":"195","workflowId":"ISDPRZkXm3miWmK7","isManual":false,"workflowName":"My workflow"}}
{"__type":"$$EventMessageConfirm","confirm":"7e22d751-e2af-4fd1-82cd-6e478a172aa4","ts":"2025-08-08T12:09:29.958-04:00","source":{"id":"0","name":"eventBus"}}
{"__type":"$$EventMessageNode","id":"26342532-f5cf-4b03-b139-8b7422b241ba","ts":"2025-08-08T12:09:29.959-04:00","eventName":"n8n.node.started","message":"n8n.node.started","payload":{"workflowId":"ISDPRZkXm3miWmK7","workflowName":"My workflow","executionId":"195","nodeType":"n8n-nodes-base.function","nodeName":"Filter Old Words","nodeId":"f007284a-e4a8-4c49-9bf8-36741f05fd6c"}}
{"__type":"$$EventMessageConfirm","confirm":"26342532-f5cf-4b03-b139-8b7422b241ba","ts":"2025-08-08T12:09:29.960-04:00","source":{"id":"0","name":"eventBus"}}
{"__type":"$$EventMessageNode","id":"ffa73bd6-5c0a-4e6a-8295-5ef60f218118","ts":"2025-08-08T12:09:29.964-04:00","eventName":"n8n.node.finished","message":"n8n.node.finished","payload":{"workflowId":"ISDPRZkXm3miWmK7","workflowName":"My workflow","executionId":"195","nodeType":"n8n-nodes-base.function","nodeName":"Filter Old Words","nodeId":"f007284a-e4a8-4c49-9bf8-36741f05fd6c"}}
{"__type":"$$EventMessageConfirm","confirm":"ffa73bd6-5c0a-4e6a-8295-5ef60f218118","ts":"2025-08-08T12:09:29.964-04:00","source":{"id":"0","name":"eventBus"}}
{"__type":"$$EventMessageWorkflow","id":"d9a60b21-2385-4360-bdbf-a65a7c945621","ts":"2025-08-08T12:09:29.966-04:00","eventName":"n8n.workflow.success","message":"n8n.workflow.success","payload":{"userId":"b47d0fb1-3e65-4518-89af-453857c6bc55","executionId":"195","success":true,"isManual":true,"workflowId":"ISDPRZkXm3miWmK7","workflowName":"My workflow"}}
{"__type":"$$EventMessageConfirm","confirm":"d9a60b21-2385-4360-bdbf-a65a7c945621","ts":"2025-08-08T12:09:29.966-04:00","source":{"id":"0","name":"eventBus"}}
{"__type":"$$EventMessageWorkflow","id":"9c515071-03f0-4a87-8922-06e7c12c8e0d","ts":"2025-08-08T12:09:53.701-04:00","eventName":"n8n.workflow.started","message":"n8n.workflow.started","payload":{"executionId":"196","workflowId":"ISDPRZkXm3miWmK7","isManual":false,"workflowName":"My workflow"}}
{"__type":"$$EventMessageConfirm","confirm":"9c515071-03f0-4a87-8922-06e7c12c8e0d","ts":"2025-08-08T12:09:53.702-04:00","source":{"id":"0","name":"eventBus"}}
{"__type":"$$EventMessageNode","id":"6d9f0ad8-53b4-4cc2-900d-c6a01aed48dc","ts":"2025-08-08T12:09:53.703-04:00","eventName":"n8n.node.started","message":"n8n.node.started","payload":{"workflowId":"ISDPRZkXm3miWmK7","workflowName":"My workflow","executionId":"196","nodeType":"n8n-nodes-base.httpRequest","nodeName":"Get English Words","nodeId":"3d67fd4e-5d33-4268-b975-a0b877d66938"}}
{"__type":"$$EventMessageConfirm","confirm":"6d9f0ad8-53b4-4cc2-900d-c6a01aed48dc","ts":"2025-08-08T12:09:53.704-04:00","source":{"id":"0","name":"eventBus"}}
{"__type":"$$EventMessageNode","id":"5e413436-9a3e-42e0-85c6-97a7688ef224","ts":"2025-08-08T12:09:58.848-04:00","eventName":"n8n.node.finished","message":"n8n.node.finished","payload":{"workflowId":"ISDPRZkXm3miWmK7","workflowName":"My workflow","executionId":"196","nodeType":"n8n-nodes-base.httpRequest","nodeName":"Get English Words","nodeId":"3d67fd4e-5d33-4268-b975-a0b877d66938"}}
{"__type":"$$EventMessageConfirm","confirm":"5e413436-9a3e-42e0-85c6-97a7688ef224","ts":"2025-08-08T12:09:58.849-04:00","source":{"id":"0","name":"eventBus"}}
{"__type":"$$EventMessageWorkflow","id":"d1f62c8a-603a-4510-8ee1-747f52534ccd","ts":"2025-08-08T12:09:58.857-04:00","eventName":"n8n.workflow.success","message":"n8n.workflow.success","payload":{"userId":"b47d0fb1-3e65-4518-89af-453857c6bc55","executionId":"196","success":true,"isManual":true,"workflowId":"ISDPRZkXm3miWmK7","workflowName":"My workflow"}}
{"__type":"$$EventMessageConfirm","confirm":"d1f62c8a-603a-4510-8ee1-747f52534ccd","ts":"2025-08-08T12:09:58.858-04:00","source":{"id":"0","name":"eventBus"}}
{"__type":"$$EventMessageWorkflow","id":"89dd5432-8fe7-477c-b430-96323a457a18","ts":"2025-08-08T12:10:09.674-04:00","eventName":"n8n.workflow.started","message":"n8n.workflow.started","payload":{"executionId":"197","workflowId":"ISDPRZkXm3miWmK7","isManual":false,"workflowName":"My workflow"}}
{"__type":"$$EventMessageConfirm","confirm":"89dd5432-8fe7-477c-b430-96323a457a18","ts":"2025-08-08T12:10:09.674-04:00","source":{"id":"0","name":"eventBus"}}
{"__type":"$$EventMessageNode","id":"55cbf0bc-f809-4d38-a957-1e4acdf08017","ts":"2025-08-08T12:10:09.674-04:00","eventName":"n8n.node.started","message":"n8n.node.started","payload":{"workflowId":"ISDPRZkXm3miWmK7","workflowName":"My workflow","executionId":"197","nodeType":"n8n-nodes-base.cron","nodeName":"Start Daily Trigger","nodeId":"12db43fb-0c8d-4131-b365-066e88a50b54"}}
{"__type":"$$EventMessageConfirm","confirm":"55cbf0bc-f809-4d38-a957-1e4acdf08017","ts":"2025-08-08T12:10:09.675-04:00","source":{"id":"0","name":"eventBus"}}
{"__type":"$$EventMessageNode","id":"d7222cfb-6562-46c9-92d7-20bf8f7e3cb7","ts":"2025-08-08T12:10:09.678-04:00","eventName":"n8n.node.finished","message":"n8n.node.finished","payload":{"workflowId":"ISDPRZkXm3miWmK7","workflowName":"My workflow","executionId":"197","nodeType":"n8n-nodes-base.cron","nodeName":"Start Daily Trigger","nodeId":"12db43fb-0c8d-4131-b365-066e88a50b54"}}
{"__type":"$$EventMessageConfirm","confirm":"d7222cfb-6562-46c9-92d7-20bf8f7e3cb7","ts":"2025-08-08T12:10:09.678-04:00","source":{"id":"0","name":"eventBus"}}
{"__type":"$$EventMessageNode","id":"147eb448-81eb-4c54-bea4-c202791f9aad","ts":"2025-08-08T12:10:09.679-04:00","eventName":"n8n.node.started","message":"n8n.node.started","payload":{"workflowId":"ISDPRZkXm3miWmK7","workflowName":"My workflow","executionId":"197","nodeType":"n8n-nodes-base.httpRequest","nodeName":"Get English Words","nodeId":"3d67fd4e-5d33-4268-b975-a0b877d66938"}}
{"__type":"$$EventMessageConfirm","confirm":"147eb448-81eb-4c54-bea4-c202791f9aad","ts":"2025-08-08T12:10:09.679-04:00","source":{"id":"0","name":"eventBus"}}
{"__type":"$$EventMessageNode","id":"51dde3e2-c839-462b-bcad-bcbb607844fd","ts":"2025-08-08T12:10:15.695-04:00","eventName":"n8n.node.finished","message":"n8n.node.finished","payload":{"workflowId":"ISDPRZkXm3miWmK7","workflowName":"My workflow","executionId":"197","nodeType":"n8n-nodes-base.httpRequest","nodeName":"Get English Words","nodeId":"3d67fd4e-5d33-4268-b975-a0b877d66938"}}
{"__type":"$$EventMessageConfirm","confirm":"51dde3e2-c839-462b-bcad-bcbb607844fd","ts":"2025-08-08T12:10:15.695-04:00","source":{"id":"0","name":"eventBus"}}
{"__type":"$$EventMessageNode","id":"ca5aa76d-9e17-41ad-8455-fc04dd7d4219","ts":"2025-08-08T12:10:15.696-04:00","eventName":"n8n.node.started","message":"n8n.node.started","payload":{"workflowId":"ISDPRZkXm3miWmK7","workflowName":"My workflow","executionId":"197","nodeType":"n8n-nodes-base.function","nodeName":"Filter Old Words","nodeId":"f007284a-e4a8-4c49-9bf8-36741f05fd6c"}}
{"__type":"$$EventMessageConfirm","confirm":"ca5aa76d-9e17-41ad-8455-fc04dd7d4219","ts":"2025-08-08T12:10:15.696-04:00","source":{"id":"0","name":"eventBus"}}
{"__type":"$$EventMessageNode","id":"6c57319c-a46c-4d40-8bbd-296ed536bde0","ts":"2025-08-08T12:10:15.710-04:00","eventName":"n8n.node.finished","message":"n8n.node.finished","payload":{"workflowId":"ISDPRZkXm3miWmK7","workflowName":"My workflow","executionId":"197","nodeType":"n8n-nodes-base.function","nodeName":"Filter Old Words","nodeId":"f007284a-e4a8-4c49-9bf8-36741f05fd6c"}}
{"__type":"$$EventMessageConfirm","confirm":"6c57319c-a46c-4d40-8bbd-296ed536bde0","ts":"2025-08-08T12:10:15.710-04:00","source":{"id":"0","name":"eventBus"}}
{"__type":"$$EventMessageNode","id":"d860f54d-4e8b-41f6-b620-1b359d00f9fc","ts":"2025-08-08T12:10:15.712-04:00","eventName":"n8n.node.started","message":"n8n.node.started","payload":{"workflowId":"ISDPRZkXm3miWmK7","workflowName":"My workflow","executionId":"197","nodeType":"n8n-nodes-base.httpRequest","nodeName":"HTTP Request","nodeId":"2188b732-8449-4880-b62c-5f85b85792bd"}}
{"__type":"$$EventMessageConfirm","confirm":"d860f54d-4e8b-41f6-b620-1b359d00f9fc","ts":"2025-08-08T12:10:15.712-04:00","source":{"id":"0","name":"eventBus"}}
{"__type":"$$EventMessageNode","id":"71e681c9-9982-476b-b930-9e2692fa72e5","ts":"2025-08-08T12:10:16.151-04:00","eventName":"n8n.node.finished","message":"n8n.node.finished","payload":{"workflowId":"ISDPRZkXm3miWmK7","workflowName":"My workflow","executionId":"197","nodeType":"n8n-nodes-base.httpRequest","nodeName":"HTTP Request","nodeId":"2188b732-8449-4880-b62c-5f85b85792bd"}}
{"__type":"$$EventMessageConfirm","confirm":"71e681c9-9982-476b-b930-9e2692fa72e5","ts":"2025-08-08T12:10:16.151-04:00","source":{"id":"0","name":"eventBus"}}
{"__type":"$$EventMessageWorkflow","id":"1b2c450e-85a2-4eff-b8c7-54ea36833645","ts":"2025-08-08T12:10:16.152-04:00","eventName":"n8n.workflow.success","message":"n8n.workflow.success","payload":{"userId":"b47d0fb1-3e65-4518-89af-453857c6bc55","executionId":"197","success":true,"isManual":true,"workflowId":"ISDPRZkXm3miWmK7","workflowName":"My workflow"}}
{"__type":"$$EventMessageConfirm","confirm":"1b2c450e-85a2-4eff-b8c7-54ea36833645","ts":"2025-08-08T12:10:16.153-04:00","source":{"id":"0","name":"eventBus"}}
{"__type":"$$EventMessageWorkflow","id":"4959002b-22bf-4a95-8583-29a0f735df8e","ts":"2025-08-08T12:10:31.095-04:00","eventName":"n8n.workflow.started","message":"n8n.workflow.started","payload":{"executionId":"198","workflowId":"ucmiLmCdrb6FRZtp","isManual":false,"workflowName":"Daily English Chanllenge"}}
{"__type":"$$EventMessageConfirm","confirm":"4959002b-22bf-4a95-8583-29a0f735df8e","ts":"2025-08-08T12:10:31.095-04:00","source":{"id":"0","name":"eventBus"}}
{"__type":"$$EventMessageNode","id":"f6889864-c85d-4018-b888-c2ff49c7c5d5","ts":"2025-08-08T12:10:31.095-04:00","eventName":"n8n.node.started","message":"n8n.node.started","payload":{"workflowId":"ucmiLmCdrb6FRZtp","workflowName":"Daily English Chanllenge","executionId":"198","nodeType":"n8n-nodes-base.scheduleTrigger","nodeName":"Schedule Trigger","nodeId":"b8cbe0d9-a14c-4dcb-a457-0fbc84e2f208"}}
{"__type":"$$EventMessageConfirm","confirm":"f6889864-c85d-4018-b888-c2ff49c7c5d5","ts":"2025-08-08T12:10:31.095-04:00","source":{"id":"0","name":"eventBus"}}
{"__type":"$$EventMessageNode","id":"1704d42f-aa69-4353-9bdc-83b63066af71","ts":"2025-08-08T12:10:31.095-04:00","eventName":"n8n.node.finished","message":"n8n.node.finished","payload":{"workflowId":"ucmiLmCdrb6FRZtp","workflowName":"Daily English Chanllenge","executionId":"198","nodeType":"n8n-nodes-base.scheduleTrigger","nodeName":"Schedule Trigger","nodeId":"b8cbe0d9-a14c-4dcb-a457-0fbc84e2f208"}}
{"__type":"$$EventMessageConfirm","confirm":"1704d42f-aa69-4353-9bdc-83b63066af71","ts":"2025-08-08T12:10:31.095-04:00","source":{"id":"0","name":"eventBus"}}
{"__type":"$$EventMessageWorkflow","id":"4f30aa33-9302-4867-b238-ea363ac070cf","ts":"2025-08-08T12:10:31.095-04:00","eventName":"n8n.workflow.success","message":"n8n.workflow.success","payload":{"executionId":"198","success":true,"isManual":false,"workflowId":"ucmiLmCdrb6FRZtp","workflowName":"Daily English Chanllenge"}}
{"__type":"$$EventMessageConfirm","confirm":"4f30aa33-9302-4867-b238-ea363ac070cf","ts":"2025-08-08T12:10:31.095-04:00","source":{"id":"0","name":"eventBus"}}
{"__type":"$$EventMessageWorkflow","id":"3c0d46d3-3cf7-46b0-aedb-9446c30d9da0","ts":"2025-08-08T12:11:12.737-04:00","eventName":"n8n.workflow.started","message":"n8n.workflow.started","payload":{"executionId":"199","workflowId":"ISDPRZkXm3miWmK7","isManual":false,"workflowName":"My workflow"}}
{"__type":"$$EventMessageConfirm","confirm":"3c0d46d3-3cf7-46b0-aedb-9446c30d9da0","ts":"2025-08-08T12:11:12.738-04:00","source":{"id":"0","name":"eventBus"}}
{"__type":"$$EventMessageNode","id":"b069b8d8-515b-4f0c-9216-1bf7d5b42b48","ts":"2025-08-08T12:11:12.738-04:00","eventName":"n8n.node.started","message":"n8n.node.started","payload":{"workflowId":"ISDPRZkXm3miWmK7","workflowName":"My workflow","executionId":"199","nodeType":"n8n-nodes-base.httpRequest","nodeName":"HTTP Request","nodeId":"2188b732-8449-4880-b62c-5f85b85792bd"}}
{"__type":"$$EventMessageConfirm","confirm":"b069b8d8-515b-4f0c-9216-1bf7d5b42b48","ts":"2025-08-08T12:11:12.738-04:00","source":{"id":"0","name":"eventBus"}}
{"__type":"$$EventMessageNode","id":"18602aea-f108-4a2d-9046-9c117ff6b05c","ts":"2025-08-08T12:11:12.790-04:00","eventName":"n8n.node.finished","message":"n8n.node.finished","payload":{"workflowId":"ISDPRZkXm3miWmK7","workflowName":"My workflow","executionId":"199","nodeType":"n8n-nodes-base.httpRequest","nodeName":"HTTP Request","nodeId":"2188b732-8449-4880-b62c-5f85b85792bd"}}
{"__type":"$$EventMessageConfirm","confirm":"18602aea-f108-4a2d-9046-9c117ff6b05c","ts":"2025-08-08T12:11:12.790-04:00","source":{"id":"0","name":"eventBus"}}
{"__type":"$$EventMessageWorkflow","id":"e5872bc3-9b98-44d5-a0df-d41a9de0e18f","ts":"2025-08-08T12:11:12.793-04:00","eventName":"n8n.workflow.failed","message":"n8n.workflow.failed","payload":{"userId":"b47d0fb1-3e65-4518-89af-453857c6bc55","executionId":"199","success":false,"isManual":true,"workflowId":"ISDPRZkXm3miWmK7","workflowName":"My workflow","lastNodeExecuted":"HTTP Request","errorNodeType":"n8n-nodes-base.httpRequest","errorMessage":"JSON parameter needs to be valid JSON"}}
{"__type":"$$EventMessageConfirm","confirm":"e5872bc3-9b98-44d5-a0df-d41a9de0e18f","ts":"2025-08-08T12:11:12.794-04:00","source":{"id":"0","name":"eventBus"}}
{"__type":"$$EventMessageWorkflow","id":"62b9b554-14fe-46fd-abcd-a74b56ff21c1","ts":"2025-08-08T12:11:36.714-04:00","eventName":"n8n.workflow.started","message":"n8n.workflow.started","payload":{"executionId":"200","workflowId":"ISDPRZkXm3miWmK7","isManual":false,"workflowName":"My workflow"}}
{"__type":"$$EventMessageConfirm","confirm":"62b9b554-14fe-46fd-abcd-a74b56ff21c1","ts":"2025-08-08T12:11:36.714-04:00","source":{"id":"0","name":"eventBus"}}
{"__type":"$$EventMessageNode","id":"a1f7e052-a753-4130-af88-9a38c969895b","ts":"2025-08-08T12:11:36.715-04:00","eventName":"n8n.node.started","message":"n8n.node.started","payload":{"workflowId":"ISDPRZkXm3miWmK7","workflowName":"My workflow","executionId":"200","nodeType":"n8n-nodes-base.httpRequest","nodeName":"HTTP Request","nodeId":"2188b732-8449-4880-b62c-5f85b85792bd"}}
{"__type":"$$EventMessageConfirm","confirm":"a1f7e052-a753-4130-af88-9a38c969895b","ts":"2025-08-08T12:11:36.715-04:00","source":{"id":"0","name":"eventBus"}}
{"__type":"$$EventMessageNode","id":"7e193a65-c794-4cb6-b6c5-3b67555cc274","ts":"2025-08-08T12:11:36.723-04:00","eventName":"n8n.node.finished","message":"n8n.node.finished","payload":{"workflowId":"ISDPRZkXm3miWmK7","workflowName":"My workflow","executionId":"200","nodeType":"n8n-nodes-base.httpRequest","nodeName":"HTTP Request","nodeId":"2188b732-8449-4880-b62c-5f85b85792bd"}}
{"__type":"$$EventMessageConfirm","confirm":"7e193a65-c794-4cb6-b6c5-3b67555cc274","ts":"2025-08-08T12:11:36.723-04:00","source":{"id":"0","name":"eventBus"}}
{"__type":"$$EventMessageWorkflow","id":"663c0afb-8642-4033-ab20-21fe68645ebb","ts":"2025-08-08T12:11:36.725-04:00","eventName":"n8n.workflow.failed","message":"n8n.workflow.failed","payload":{"userId":"b47d0fb1-3e65-4518-89af-453857c6bc55","executionId":"200","success":false,"isManual":true,"workflowId":"ISDPRZkXm3miWmK7","workflowName":"My workflow","lastNodeExecuted":"HTTP Request","errorNodeType":"n8n-nodes-base.httpRequest","errorMessage":"JSON parameter needs to be valid JSON"}}
{"__type":"$$EventMessageConfirm","confirm":"663c0afb-8642-4033-ab20-21fe68645ebb","ts":"2025-08-08T12:11:36.725-04:00","source":{"id":"0","name":"eventBus"}}
{"__type":"$$EventMessageWorkflow","id":"48ba6375-b5ad-4864-9c18-1a8b7e864488","ts":"2025-08-08T12:11:49.735-04:00","eventName":"n8n.workflow.started","message":"n8n.workflow.started","payload":{"executionId":"201","workflowId":"ISDPRZkXm3miWmK7","isManual":false,"workflowName":"My workflow"}}
{"__type":"$$EventMessageConfirm","confirm":"48ba6375-b5ad-4864-9c18-1a8b7e864488","ts":"2025-08-08T12:11:49.735-04:00","source":{"id":"0","name":"eventBus"}}
{"__type":"$$EventMessageNode","id":"75fe4035-09df-41f5-889b-0133666ea143","ts":"2025-08-08T12:11:49.735-04:00","eventName":"n8n.node.started","message":"n8n.node.started","payload":{"workflowId":"ISDPRZkXm3miWmK7","workflowName":"My workflow","executionId":"201","nodeType":"n8n-nodes-base.httpRequest","nodeName":"HTTP Request","nodeId":"2188b732-8449-4880-b62c-5f85b85792bd"}}
{"__type":"$$EventMessageConfirm","confirm":"75fe4035-09df-41f5-889b-0133666ea143","ts":"2025-08-08T12:11:49.735-04:00","source":{"id":"0","name":"eventBus"}}
{"__type":"$$EventMessageNode","id":"a87dc09e-5103-4fa5-b68d-0eadc3e9b97c","ts":"2025-08-08T12:11:49.743-04:00","eventName":"n8n.node.finished","message":"n8n.node.finished","payload":{"workflowId":"ISDPRZkXm3miWmK7","workflowName":"My workflow","executionId":"201","nodeType":"n8n-nodes-base.httpRequest","nodeName":"HTTP Request","nodeId":"2188b732-8449-4880-b62c-5f85b85792bd"}}
{"__type":"$$EventMessageConfirm","confirm":"a87dc09e-5103-4fa5-b68d-0eadc3e9b97c","ts":"2025-08-08T12:11:49.743-04:00","source":{"id":"0","name":"eventBus"}}
{"__type":"$$EventMessageWorkflow","id":"d7a3184d-fc32-4d5a-a417-1bf6ab3fb2a8","ts":"2025-08-08T12:11:49.744-04:00","eventName":"n8n.workflow.failed","message":"n8n.workflow.failed","payload":{"userId":"b47d0fb1-3e65-4518-89af-453857c6bc55","executionId":"201","success":false,"isManual":true,"workflowId":"ISDPRZkXm3miWmK7","workflowName":"My workflow","lastNodeExecuted":"HTTP Request","errorNodeType":"n8n-nodes-base.httpRequest","errorMessage":"JSON parameter needs to be valid JSON"}}
{"__type":"$$EventMessageConfirm","confirm":"d7a3184d-fc32-4d5a-a417-1bf6ab3fb2a8","ts":"2025-08-08T12:11:49.744-04:00","source":{"id":"0","name":"eventBus"}}
{"__type":"$$EventMessageWorkflow","id":"7f9aa4af-1381-4b70-beb4-8c3bf4f9dace","ts":"2025-08-08T12:12:33.398-04:00","eventName":"n8n.workflow.started","message":"n8n.workflow.started","payload":{"executionId":"202","workflowId":"ISDPRZkXm3miWmK7","isManual":false,"workflowName":"My workflow"}}
{"__type":"$$EventMessageConfirm","confirm":"7f9aa4af-1381-4b70-beb4-8c3bf4f9dace","ts":"2025-08-08T12:12:33.398-04:00","source":{"id":"0","name":"eventBus"}}
{"__type":"$$EventMessageNode","id":"0bae1b87-2b98-459e-8dcc-707eba552835","ts":"2025-08-08T12:12:33.398-04:00","eventName":"n8n.node.started","message":"n8n.node.started","payload":{"workflowId":"ISDPRZkXm3miWmK7","workflowName":"My workflow","executionId":"202","nodeType":"n8n-nodes-base.function","nodeName":"Filter Old Words","nodeId":"f007284a-e4a8-4c49-9bf8-36741f05fd6c"}}
{"__type":"$$EventMessageConfirm","confirm":"0bae1b87-2b98-459e-8dcc-707eba552835","ts":"2025-08-08T12:12:33.398-04:00","source":{"id":"0","name":"eventBus"}}
{"__type":"$$EventMessageNode","id":"9a30ebe4-2db6-4424-a660-ad9f3050ecf1","ts":"2025-08-08T12:12:33.407-04:00","eventName":"n8n.node.finished","message":"n8n.node.finished","payload":{"workflowId":"ISDPRZkXm3miWmK7","workflowName":"My workflow","executionId":"202","nodeType":"n8n-nodes-base.function","nodeName":"Filter Old Words","nodeId":"f007284a-e4a8-4c49-9bf8-36741f05fd6c"}}
{"__type":"$$EventMessageConfirm","confirm":"9a30ebe4-2db6-4424-a660-ad9f3050ecf1","ts":"2025-08-08T12:12:33.407-04:00","source":{"id":"0","name":"eventBus"}}
{"__type":"$$EventMessageWorkflow","id":"6f9cf3af-9afa-435c-91ec-1bb728fc5019","ts":"2025-08-08T12:12:33.408-04:00","eventName":"n8n.workflow.success","message":"n8n.workflow.success","payload":{"userId":"b47d0fb1-3e65-4518-89af-453857c6bc55","executionId":"202","success":true,"isManual":true,"workflowId":"ISDPRZkXm3miWmK7","workflowName":"My workflow"}}
{"__type":"$$EventMessageConfirm","confirm":"6f9cf3af-9afa-435c-91ec-1bb728fc5019","ts":"2025-08-08T12:12:33.408-04:00","source":{"id":"0","name":"eventBus"}}
{"__type":"$$EventMessageWorkflow","id":"226379aa-b5c7-4dff-ae58-76b2996abab7","ts":"2025-08-08T12:12:35.234-04:00","eventName":"n8n.workflow.started","message":"n8n.workflow.started","payload":{"executionId":"203","workflowId":"ISDPRZkXm3miWmK7","isManual":false,"workflowName":"My workflow"}}
{"__type":"$$EventMessageConfirm","confirm":"226379aa-b5c7-4dff-ae58-76b2996abab7","ts":"2025-08-08T12:12:35.234-04:00","source":{"id":"0","name":"eventBus"}}
{"__type":"$$EventMessageNode","id":"916426a4-f665-44f0-a890-fa2e3a995854","ts":"2025-08-08T12:12:35.234-04:00","eventName":"n8n.node.started","message":"n8n.node.started","payload":{"workflowId":"ISDPRZkXm3miWmK7","workflowName":"My workflow","executionId":"203","nodeType":"n8n-nodes-base.cron","nodeName":"Start Daily Trigger","nodeId":"12db43fb-0c8d-4131-b365-066e88a50b54"}}
{"__type":"$$EventMessageConfirm","confirm":"916426a4-f665-44f0-a890-fa2e3a995854","ts":"2025-08-08T12:12:35.234-04:00","source":{"id":"0","name":"eventBus"}}
{"__type":"$$EventMessageNode","id":"94341b08-88e0-4dec-86d8-6a62bf350783","ts":"2025-08-08T12:12:35.236-04:00","eventName":"n8n.node.finished","message":"n8n.node.finished","payload":{"workflowId":"ISDPRZkXm3miWmK7","workflowName":"My workflow","executionId":"203","nodeType":"n8n-nodes-base.cron","nodeName":"Start Daily Trigger","nodeId":"12db43fb-0c8d-4131-b365-066e88a50b54"}}
{"__type":"$$EventMessageConfirm","confirm":"94341b08-88e0-4dec-86d8-6a62bf350783","ts":"2025-08-08T12:12:35.236-04:00","source":{"id":"0","name":"eventBus"}}
{"__type":"$$EventMessageNode","id":"6ccf10c6-07f6-4d36-a066-a12ce4305935","ts":"2025-08-08T12:12:35.237-04:00","eventName":"n8n.node.started","message":"n8n.node.started","payload":{"workflowId":"ISDPRZkXm3miWmK7","workflowName":"My workflow","executionId":"203","nodeType":"n8n-nodes-base.httpRequest","nodeName":"Get English Words","nodeId":"3d67fd4e-5d33-4268-b975-a0b877d66938"}}
{"__type":"$$EventMessageConfirm","confirm":"6ccf10c6-07f6-4d36-a066-a12ce4305935","ts":"2025-08-08T12:12:35.237-04:00","source":{"id":"0","name":"eventBus"}}
{"__type":"$$EventMessageNode","id":"0afda368-0ac7-412a-94f4-a1a54bc95116","ts":"2025-08-08T12:12:40.286-04:00","eventName":"n8n.node.finished","message":"n8n.node.finished","payload":{"workflowId":"ISDPRZkXm3miWmK7","workflowName":"My workflow","executionId":"203","nodeType":"n8n-nodes-base.httpRequest","nodeName":"Get English Words","nodeId":"3d67fd4e-5d33-4268-b975-a0b877d66938"}}
{"__type":"$$EventMessageConfirm","confirm":"0afda368-0ac7-412a-94f4-a1a54bc95116","ts":"2025-08-08T12:12:40.287-04:00","source":{"id":"0","name":"eventBus"}}
{"__type":"$$EventMessageNode","id":"3800da36-5fb8-46a4-ac2d-d401fbe12c5b","ts":"2025-08-08T12:12:40.287-04:00","eventName":"n8n.node.started","message":"n8n.node.started","payload":{"workflowId":"ISDPRZkXm3miWmK7","workflowName":"My workflow","executionId":"203","nodeType":"n8n-nodes-base.function","nodeName":"Filter Old Words","nodeId":"f007284a-e4a8-4c49-9bf8-36741f05fd6c"}}
{"__type":"$$EventMessageConfirm","confirm":"3800da36-5fb8-46a4-ac2d-d401fbe12c5b","ts":"2025-08-08T12:12:40.287-04:00","source":{"id":"0","name":"eventBus"}}
{"__type":"$$EventMessageNode","id":"2b5a6477-7ad9-4694-9f01-18a801de4c05","ts":"2025-08-08T12:12:40.297-04:00","eventName":"n8n.node.finished","message":"n8n.node.finished","payload":{"workflowId":"ISDPRZkXm3miWmK7","workflowName":"My workflow","executionId":"203","nodeType":"n8n-nodes-base.function","nodeName":"Filter Old Words","nodeId":"f007284a-e4a8-4c49-9bf8-36741f05fd6c"}}
{"__type":"$$EventMessageConfirm","confirm":"2b5a6477-7ad9-4694-9f01-18a801de4c05","ts":"2025-08-08T12:12:40.297-04:00","source":{"id":"0","name":"eventBus"}}
{"__type":"$$EventMessageNode","id":"5ed8049d-d20e-4f2f-8f34-adc2e3d205d4","ts":"2025-08-08T12:12:40.298-04:00","eventName":"n8n.node.started","message":"n8n.node.started","payload":{"workflowId":"ISDPRZkXm3miWmK7","workflowName":"My workflow","executionId":"203","nodeType":"n8n-nodes-base.httpRequest","nodeName":"HTTP Request","nodeId":"2188b732-8449-4880-b62c-5f85b85792bd"}}
{"__type":"$$EventMessageConfirm","confirm":"5ed8049d-d20e-4f2f-8f34-adc2e3d205d4","ts":"2025-08-08T12:12:40.298-04:00","source":{"id":"0","name":"eventBus"}}
{"__type":"$$EventMessageNode","id":"be07403f-a41a-45b6-9cc3-b549075cb770","ts":"2025-08-08T12:12:40.836-04:00","eventName":"n8n.node.finished","message":"n8n.node.finished","payload":{"workflowId":"ISDPRZkXm3miWmK7","workflowName":"My workflow","executionId":"203","nodeType":"n8n-nodes-base.httpRequest","nodeName":"HTTP Request","nodeId":"2188b732-8449-4880-b62c-5f85b85792bd"}}
{"__type":"$$EventMessageConfirm","confirm":"be07403f-a41a-45b6-9cc3-b549075cb770","ts":"2025-08-08T12:12:40.836-04:00","source":{"id":"0","name":"eventBus"}}
{"__type":"$$EventMessageWorkflow","id":"039371c7-cee5-41d0-987e-f7ff4cbb2850","ts":"2025-08-08T12:12:40.837-04:00","eventName":"n8n.workflow.success","message":"n8n.workflow.success","payload":{"userId":"b47d0fb1-3e65-4518-89af-453857c6bc55","executionId":"203","success":true,"isManual":true,"workflowId":"ISDPRZkXm3miWmK7","workflowName":"My workflow"}}
{"__type":"$$EventMessageConfirm","confirm":"039371c7-cee5-41d0-987e-f7ff4cbb2850","ts":"2025-08-08T12:12:40.837-04:00","source":{"id":"0","name":"eventBus"}}
{"__type":"$$EventMessageWorkflow","id":"deaeae56-27fc-4bb5-b7bc-80008977858b","ts":"2025-08-08T12:13:42.162-04:00","eventName":"n8n.workflow.started","message":"n8n.workflow.started","payload":{"executionId":"204","workflowId":"ISDPRZkXm3miWmK7","isManual":false,"workflowName":"My workflow"}}
{"__type":"$$EventMessageConfirm","confirm":"deaeae56-27fc-4bb5-b7bc-80008977858b","ts":"2025-08-08T12:13:42.162-04:00","source":{"id":"0","name":"eventBus"}}
{"__type":"$$EventMessageNode","id":"4705f264-1891-4be3-8cab-e5fc6e6c2a1c","ts":"2025-08-08T12:13:42.162-04:00","eventName":"n8n.node.started","message":"n8n.node.started","payload":{"workflowId":"ISDPRZkXm3miWmK7","workflowName":"My workflow","executionId":"204","nodeType":"n8n-nodes-base.httpRequest","nodeName":"HTTP Request","nodeId":"2188b732-8449-4880-b62c-5f85b85792bd"}}
{"__type":"$$EventMessageConfirm","confirm":"4705f264-1891-4be3-8cab-e5fc6e6c2a1c","ts":"2025-08-08T12:13:42.163-04:00","source":{"id":"0","name":"eventBus"}}
{"__type":"$$EventMessageNode","id":"8069ce18-324c-447b-8891-a7105b0f2af2","ts":"2025-08-08T12:13:42.173-04:00","eventName":"n8n.node.finished","message":"n8n.node.finished","payload":{"workflowId":"ISDPRZkXm3miWmK7","workflowName":"My workflow","executionId":"204","nodeType":"n8n-nodes-base.httpRequest","nodeName":"HTTP Request","nodeId":"2188b732-8449-4880-b62c-5f85b85792bd"}}
{"__type":"$$EventMessageConfirm","confirm":"8069ce18-324c-447b-8891-a7105b0f2af2","ts":"2025-08-08T12:13:42.173-04:00","source":{"id":"0","name":"eventBus"}}
{"__type":"$$EventMessageWorkflow","id":"5f45ea5f-83b2-439a-b777-8ba00ae7b967","ts":"2025-08-08T12:13:42.174-04:00","eventName":"n8n.workflow.failed","message":"n8n.workflow.failed","payload":{"userId":"b47d0fb1-3e65-4518-89af-453857c6bc55","executionId":"204","success":false,"isManual":true,"workflowId":"ISDPRZkXm3miWmK7","workflowName":"My workflow","lastNodeExecuted":"HTTP Request","errorNodeType":"n8n-nodes-base.httpRequest","errorMessage":"JSON parameter needs to be valid JSON"}}
{"__type":"$$EventMessageConfirm","confirm":"5f45ea5f-83b2-439a-b777-8ba00ae7b967","ts":"2025-08-08T12:13:42.174-04:00","source":{"id":"0","name":"eventBus"}}
{"__type":"$$EventMessageWorkflow","id":"99f9ba71-a1bd-41f9-ac8f-14574bc6b65b","ts":"2025-08-08T12:13:46.207-04:00","eventName":"n8n.workflow.started","message":"n8n.workflow.started","payload":{"executionId":"205","workflowId":"ISDPRZkXm3miWmK7","isManual":false,"workflowName":"My workflow"}}
{"__type":"$$EventMessageConfirm","confirm":"99f9ba71-a1bd-41f9-ac8f-14574bc6b65b","ts":"2025-08-08T12:13:46.208-04:00","source":{"id":"0","name":"eventBus"}}
{"__type":"$$EventMessageNode","id":"d1d75b18-638e-41a4-80f7-ad1a68a19c56","ts":"2025-08-08T12:13:46.208-04:00","eventName":"n8n.node.started","message":"n8n.node.started","payload":{"workflowId":"ISDPRZkXm3miWmK7","workflowName":"My workflow","executionId":"205","nodeType":"n8n-nodes-base.cron","nodeName":"Start Daily Trigger","nodeId":"12db43fb-0c8d-4131-b365-066e88a50b54"}}
{"__type":"$$EventMessageConfirm","confirm":"d1d75b18-638e-41a4-80f7-ad1a68a19c56","ts":"2025-08-08T12:13:46.208-04:00","source":{"id":"0","name":"eventBus"}}
{"__type":"$$EventMessageNode","id":"1f302032-f167-4859-8762-564f86358680","ts":"2025-08-08T12:13:46.211-04:00","eventName":"n8n.node.finished","message":"n8n.node.finished","payload":{"workflowId":"ISDPRZkXm3miWmK7","workflowName":"My workflow","executionId":"205","nodeType":"n8n-nodes-base.cron","nodeName":"Start Daily Trigger","nodeId":"12db43fb-0c8d-4131-b365-066e88a50b54"}}
{"__type":"$$EventMessageConfirm","confirm":"1f302032-f167-4859-8762-564f86358680","ts":"2025-08-08T12:13:46.211-04:00","source":{"id":"0","name":"eventBus"}}
{"__type":"$$EventMessageNode","id":"1fde35b8-f201-43e0-b1ff-038c10b2fc71","ts":"2025-08-08T12:13:46.211-04:00","eventName":"n8n.node.started","message":"n8n.node.started","payload":{"workflowId":"ISDPRZkXm3miWmK7","workflowName":"My workflow","executionId":"205","nodeType":"n8n-nodes-base.httpRequest","nodeName":"Get English Words","nodeId":"3d67fd4e-5d33-4268-b975-a0b877d66938"}}
{"__type":"$$EventMessageConfirm","confirm":"1fde35b8-f201-43e0-b1ff-038c10b2fc71","ts":"2025-08-08T12:13:46.211-04:00","source":{"id":"0","name":"eventBus"}}
{"__type":"$$EventMessageNode","id":"83e9f099-e15b-4418-b719-898ec413334a","ts":"2025-08-08T12:13:50.310-04:00","eventName":"n8n.node.finished","message":"n8n.node.finished","payload":{"workflowId":"ISDPRZkXm3miWmK7","workflowName":"My workflow","executionId":"205","nodeType":"n8n-nodes-base.httpRequest","nodeName":"Get English Words","nodeId":"3d67fd4e-5d33-4268-b975-a0b877d66938"}}
{"__type":"$$EventMessageConfirm","confirm":"83e9f099-e15b-4418-b719-898ec413334a","ts":"2025-08-08T12:13:50.310-04:00","source":{"id":"0","name":"eventBus"}}
{"__type":"$$EventMessageNode","id":"d27a38d2-308c-4475-86a2-ed7771fc46be","ts":"2025-08-08T12:13:50.311-04:00","eventName":"n8n.node.started","message":"n8n.node.started","payload":{"workflowId":"ISDPRZkXm3miWmK7","workflowName":"My workflow","executionId":"205","nodeType":"n8n-nodes-base.function","nodeName":"Filter Old Words","nodeId":"f007284a-e4a8-4c49-9bf8-36741f05fd6c"}}
{"__type":"$$EventMessageConfirm","confirm":"d27a38d2-308c-4475-86a2-ed7771fc46be","ts":"2025-08-08T12:13:50.311-04:00","source":{"id":"0","name":"eventBus"}}
{"__type":"$$EventMessageNode","id":"6bb2d2c7-a757-40db-b52d-6cbff71d0b71","ts":"2025-08-08T12:13:50.318-04:00","eventName":"n8n.node.finished","message":"n8n.node.finished","payload":{"workflowId":"ISDPRZkXm3miWmK7","workflowName":"My workflow","executionId":"205","nodeType":"n8n-nodes-base.function","nodeName":"Filter Old Words","nodeId":"f007284a-e4a8-4c49-9bf8-36741f05fd6c"}}
{"__type":"$$EventMessageConfirm","confirm":"6bb2d2c7-a757-40db-b52d-6cbff71d0b71","ts":"2025-08-08T12:13:50.318-04:00","source":{"id":"0","name":"eventBus"}}
{"__type":"$$EventMessageNode","id":"6b0928d8-ae60-4d20-abcf-f90058597755","ts":"2025-08-08T12:13:50.318-04:00","eventName":"n8n.node.started","message":"n8n.node.started","payload":{"workflowId":"ISDPRZkXm3miWmK7","workflowName":"My workflow","executionId":"205","nodeType":"n8n-nodes-base.httpRequest","nodeName":"HTTP Request","nodeId":"2188b732-8449-4880-b62c-5f85b85792bd"}}
{"__type":"$$EventMessageConfirm","confirm":"6b0928d8-ae60-4d20-abcf-f90058597755","ts":"2025-08-08T12:13:50.318-04:00","source":{"id":"0","name":"eventBus"}}
{"__type":"$$EventMessageNode","id":"66f3186f-5c60-45d4-8e24-84bc73d9b047","ts":"2025-08-08T12:13:50.321-04:00","eventName":"n8n.node.finished","message":"n8n.node.finished","payload":{"workflowId":"ISDPRZkXm3miWmK7","workflowName":"My workflow","executionId":"205","nodeType":"n8n-nodes-base.httpRequest","nodeName":"HTTP Request","nodeId":"2188b732-8449-4880-b62c-5f85b85792bd"}}
{"__type":"$$EventMessageConfirm","confirm":"66f3186f-5c60-45d4-8e24-84bc73d9b047","ts":"2025-08-08T12:13:50.321-04:00","source":{"id":"0","name":"eventBus"}}
{"__type":"$$EventMessageWorkflow","id":"308bc839-831a-4347-9bf2-d6de8c1c701f","ts":"2025-08-08T12:13:50.322-04:00","eventName":"n8n.workflow.failed","message":"n8n.workflow.failed","payload":{"userId":"b47d0fb1-3e65-4518-89af-453857c6bc55","executionId":"205","success":false,"isManual":true,"workflowId":"ISDPRZkXm3miWmK7","workflowName":"My workflow","lastNodeExecuted":"HTTP Request","errorNodeType":"n8n-nodes-base.httpRequest","errorMessage":"JSON parameter needs to be valid JSON"}}
{"__type":"$$EventMessageConfirm","confirm":"308bc839-831a-4347-9bf2-d6de8c1c701f","ts":"2025-08-08T12:13:50.322-04:00","source":{"id":"0","name":"eventBus"}}
{"__type":"$$EventMessageWorkflow","id":"a6bb3e47-e53f-4ab1-abc1-6cd3a604831a","ts":"2025-08-08T12:14:17.259-04:00","eventName":"n8n.workflow.started","message":"n8n.workflow.started","payload":{"executionId":"206","workflowId":"ISDPRZkXm3miWmK7","isManual":false,"workflowName":"My workflow"}}
{"__type":"$$EventMessageConfirm","confirm":"a6bb3e47-e53f-4ab1-abc1-6cd3a604831a","ts":"2025-08-08T12:14:17.260-04:00","source":{"id":"0","name":"eventBus"}}
{"__type":"$$EventMessageNode","id":"67452dac-c7a8-4d96-bb4d-72985677919a","ts":"2025-08-08T12:14:17.260-04:00","eventName":"n8n.node.started","message":"n8n.node.started","payload":{"workflowId":"ISDPRZkXm3miWmK7","workflowName":"My workflow","executionId":"206","nodeType":"n8n-nodes-base.httpRequest","nodeName":"HTTP Request","nodeId":"2188b732-8449-4880-b62c-5f85b85792bd"}}
{"__type":"$$EventMessageConfirm","confirm":"67452dac-c7a8-4d96-bb4d-72985677919a","ts":"2025-08-08T12:14:17.260-04:00","source":{"id":"0","name":"eventBus"}}
{"__type":"$$EventMessageNode","id":"56b109b9-3605-414b-8401-614d7057f15d","ts":"2025-08-08T12:14:17.269-04:00","eventName":"n8n.node.finished","message":"n8n.node.finished","payload":{"workflowId":"ISDPRZkXm3miWmK7","workflowName":"My workflow","executionId":"206","nodeType":"n8n-nodes-base.httpRequest","nodeName":"HTTP Request","nodeId":"2188b732-8449-4880-b62c-5f85b85792bd"}}
{"__type":"$$EventMessageConfirm","confirm":"56b109b9-3605-414b-8401-614d7057f15d","ts":"2025-08-08T12:14:17.269-04:00","source":{"id":"0","name":"eventBus"}}
{"__type":"$$EventMessageWorkflow","id":"5bab5048-32f7-4d21-b945-2abae1a983af","ts":"2025-08-08T12:14:17.270-04:00","eventName":"n8n.workflow.failed","message":"n8n.workflow.failed","payload":{"userId":"b47d0fb1-3e65-4518-89af-453857c6bc55","executionId":"206","success":false,"isManual":true,"workflowId":"ISDPRZkXm3miWmK7","workflowName":"My workflow","lastNodeExecuted":"HTTP Request","errorNodeType":"n8n-nodes-base.httpRequest","errorMessage":"JSON parameter needs to be valid JSON"}}
{"__type":"$$EventMessageConfirm","confirm":"5bab5048-32f7-4d21-b945-2abae1a983af","ts":"2025-08-08T12:14:17.270-04:00","source":{"id":"0","name":"eventBus"}}
{"__type":"$$EventMessageWorkflow","id":"59d7f8de-670b-418d-9e63-f31387b308a0","ts":"2025-08-08T12:14:31.138-04:00","eventName":"n8n.workflow.started","message":"n8n.workflow.started","payload":{"executionId":"207","workflowId":"ISDPRZkXm3miWmK7","isManual":false,"workflowName":"My workflow"}}
{"__type":"$$EventMessageConfirm","confirm":"59d7f8de-670b-418d-9e63-f31387b308a0","ts":"2025-08-08T12:14:31.139-04:00","source":{"id":"0","name":"eventBus"}}
{"__type":"$$EventMessageNode","id":"6e0322e6-8de3-4235-affc-b436f71c087e","ts":"2025-08-08T12:14:31.139-04:00","eventName":"n8n.node.started","message":"n8n.node.started","payload":{"workflowId":"ISDPRZkXm3miWmK7","workflowName":"My workflow","executionId":"207","nodeType":"n8n-nodes-base.httpRequest","nodeName":"HTTP Request","nodeId":"2188b732-8449-4880-b62c-5f85b85792bd"}}
{"__type":"$$EventMessageConfirm","confirm":"6e0322e6-8de3-4235-affc-b436f71c087e","ts":"2025-08-08T12:14:31.139-04:00","source":{"id":"0","name":"eventBus"}}
{"__type":"$$EventMessageNode","id":"35aa696a-19f5-471c-8ca1-15aa75d575f4","ts":"2025-08-08T12:14:31.141-04:00","eventName":"n8n.node.finished","message":"n8n.node.finished","payload":{"workflowId":"ISDPRZkXm3miWmK7","workflowName":"My workflow","executionId":"207","nodeType":"n8n-nodes-base.httpRequest","nodeName":"HTTP Request","nodeId":"2188b732-8449-4880-b62c-5f85b85792bd"}}
{"__type":"$$EventMessageConfirm","confirm":"35aa696a-19f5-471c-8ca1-15aa75d575f4","ts":"2025-08-08T12:14:31.141-04:00","source":{"id":"0","name":"eventBus"}}
{"__type":"$$EventMessageWorkflow","id":"8261ab32-95bd-4c69-aca3-be2057ed0835","ts":"2025-08-08T12:14:31.142-04:00","eventName":"n8n.workflow.failed","message":"n8n.workflow.failed","payload":{"userId":"b47d0fb1-3e65-4518-89af-453857c6bc55","executionId":"207","success":false,"isManual":true,"workflowId":"ISDPRZkXm3miWmK7","workflowName":"My workflow","lastNodeExecuted":"HTTP Request","errorNodeType":"n8n-nodes-base.httpRequest","errorMessage":"JSON parameter needs to be valid JSON"}}
{"__type":"$$EventMessageConfirm","confirm":"8261ab32-95bd-4c69-aca3-be2057ed0835","ts":"2025-08-08T12:14:31.142-04:00","source":{"id":"0","name":"eventBus"}}
{"__type":"$$EventMessageWorkflow","id":"2f53f674-e65c-4135-be87-3bfec730c86b","ts":"2025-08-08T12:14:33.611-04:00","eventName":"n8n.workflow.started","message":"n8n.workflow.started","payload":{"executionId":"208","workflowId":"ISDPRZkXm3miWmK7","isManual":false,"workflowName":"My workflow"}}
{"__type":"$$EventMessageConfirm","confirm":"2f53f674-e65c-4135-be87-3bfec730c86b","ts":"2025-08-08T12:14:33.611-04:00","source":{"id":"0","name":"eventBus"}}
{"__type":"$$EventMessageNode","id":"b83e7446-11a5-4bf0-96d1-b59a3abb79bf","ts":"2025-08-08T12:14:33.612-04:00","eventName":"n8n.node.started","message":"n8n.node.started","payload":{"workflowId":"ISDPRZkXm3miWmK7","workflowName":"My workflow","executionId":"208","nodeType":"n8n-nodes-base.cron","nodeName":"Start Daily Trigger","nodeId":"12db43fb-0c8d-4131-b365-066e88a50b54"}}
{"__type":"$$EventMessageConfirm","confirm":"b83e7446-11a5-4bf0-96d1-b59a3abb79bf","ts":"2025-08-08T12:14:33.612-04:00","source":{"id":"0","name":"eventBus"}}
{"__type":"$$EventMessageNode","id":"6af05e10-b882-4708-be90-6bfa930c18cb","ts":"2025-08-08T12:14:33.616-04:00","eventName":"n8n.node.finished","message":"n8n.node.finished","payload":{"workflowId":"ISDPRZkXm3miWmK7","workflowName":"My workflow","executionId":"208","nodeType":"n8n-nodes-base.cron","nodeName":"Start Daily Trigger","nodeId":"12db43fb-0c8d-4131-b365-066e88a50b54"}}
{"__type":"$$EventMessageConfirm","confirm":"6af05e10-b882-4708-be90-6bfa930c18cb","ts":"2025-08-08T12:14:33.616-04:00","source":{"id":"0","name":"eventBus"}}
{"__type":"$$EventMessageNode","id":"bdd485be-41d4-485e-b703-3b4a19ac639e","ts":"2025-08-08T12:14:33.617-04:00","eventName":"n8n.node.started","message":"n8n.node.started","payload":{"workflowId":"ISDPRZkXm3miWmK7","workflowName":"My workflow","executionId":"208","nodeType":"n8n-nodes-base.httpRequest","nodeName":"Get English Words","nodeId":"3d67fd4e-5d33-4268-b975-a0b877d66938"}}
{"__type":"$$EventMessageConfirm","confirm":"bdd485be-41d4-485e-b703-3b4a19ac639e","ts":"2025-08-08T12:14:33.617-04:00","source":{"id":"0","name":"eventBus"}}
{"__type":"$$EventMessageNode","id":"7e10e9b0-0c6a-4158-9094-2176ddc2a9ec","ts":"2025-08-08T12:14:41.103-04:00","eventName":"n8n.node.finished","message":"n8n.node.finished","payload":{"workflowId":"ISDPRZkXm3miWmK7","workflowName":"My workflow","executionId":"208","nodeType":"n8n-nodes-base.httpRequest","nodeName":"Get English Words","nodeId":"3d67fd4e-5d33-4268-b975-a0b877d66938"}}
{"__type":"$$EventMessageConfirm","confirm":"7e10e9b0-0c6a-4158-9094-2176ddc2a9ec","ts":"2025-08-08T12:14:41.103-04:00","source":{"id":"0","name":"eventBus"}}
{"__type":"$$EventMessageNode","id":"5d822547-175c-4b90-bff6-0729c6db6bd3","ts":"2025-08-08T12:14:41.104-04:00","eventName":"n8n.node.started","message":"n8n.node.started","payload":{"workflowId":"ISDPRZkXm3miWmK7","workflowName":"My workflow","executionId":"208","nodeType":"n8n-nodes-base.function","nodeName":"Filter Old Words","nodeId":"f007284a-e4a8-4c49-9bf8-36741f05fd6c"}}
{"__type":"$$EventMessageConfirm","confirm":"5d822547-175c-4b90-bff6-0729c6db6bd3","ts":"2025-08-08T12:14:41.104-04:00","source":{"id":"0","name":"eventBus"}}
{"__type":"$$EventMessageNode","id":"2a33a459-d750-4dc0-a00b-e6dea7bc5c42","ts":"2025-08-08T12:14:41.109-04:00","eventName":"n8n.node.finished","message":"n8n.node.finished","payload":{"workflowId":"ISDPRZkXm3miWmK7","workflowName":"My workflow","executionId":"208","nodeType":"n8n-nodes-base.function","nodeName":"Filter Old Words","nodeId":"f007284a-e4a8-4c49-9bf8-36741f05fd6c"}}
{"__type":"$$EventMessageConfirm","confirm":"2a33a459-d750-4dc0-a00b-e6dea7bc5c42","ts":"2025-08-08T12:14:41.109-04:00","source":{"id":"0","name":"eventBus"}}
{"__type":"$$EventMessageNode","id":"aee75a12-86cc-4e38-8b28-d81a58049d17","ts":"2025-08-08T12:14:41.109-04:00","eventName":"n8n.node.started","message":"n8n.node.started","payload":{"workflowId":"ISDPRZkXm3miWmK7","workflowName":"My workflow","executionId":"208","nodeType":"n8n-nodes-base.httpRequest","nodeName":"HTTP Request","nodeId":"2188b732-8449-4880-b62c-5f85b85792bd"}}
{"__type":"$$EventMessageConfirm","confirm":"aee75a12-86cc-4e38-8b28-d81a58049d17","ts":"2025-08-08T12:14:41.109-04:00","source":{"id":"0","name":"eventBus"}}
{"__type":"$$EventMessageNode","id":"96b228aa-3bde-4284-976f-abefcc1894d5","ts":"2025-08-08T12:14:41.112-04:00","eventName":"n8n.node.finished","message":"n8n.node.finished","payload":{"workflowId":"ISDPRZkXm3miWmK7","workflowName":"My workflow","executionId":"208","nodeType":"n8n-nodes-base.httpRequest","nodeName":"HTTP Request","nodeId":"2188b732-8449-4880-b62c-5f85b85792bd"}}
{"__type":"$$EventMessageConfirm","confirm":"96b228aa-3bde-4284-976f-abefcc1894d5","ts":"2025-08-08T12:14:41.112-04:00","source":{"id":"0","name":"eventBus"}}
{"__type":"$$EventMessageWorkflow","id":"902050a8-5e58-44de-b7d4-d135862b1344","ts":"2025-08-08T12:14:41.112-04:00","eventName":"n8n.workflow.failed","message":"n8n.workflow.failed","payload":{"userId":"b47d0fb1-3e65-4518-89af-453857c6bc55","executionId":"208","success":false,"isManual":true,"workflowId":"ISDPRZkXm3miWmK7","workflowName":"My workflow","lastNodeExecuted":"HTTP Request","errorNodeType":"n8n-nodes-base.httpRequest","errorMessage":"JSON parameter needs to be valid JSON"}}
{"__type":"$$EventMessageConfirm","confirm":"902050a8-5e58-44de-b7d4-d135862b1344","ts":"2025-08-08T12:14:41.112-04:00","source":{"id":"0","name":"eventBus"}}
{"__type":"$$EventMessageWorkflow","id":"2f5ab11f-3a9c-44d4-8cee-3693d24d39fe","ts":"2025-08-08T12:15:31.201-04:00","eventName":"n8n.workflow.started","message":"n8n.workflow.started","payload":{"executionId":"209","workflowId":"ucmiLmCdrb6FRZtp","isManual":false,"workflowName":"Daily English Chanllenge"}}
{"__type":"$$EventMessageConfirm","confirm":"2f5ab11f-3a9c-44d4-8cee-3693d24d39fe","ts":"2025-08-08T12:15:31.201-04:00","source":{"id":"0","name":"eventBus"}}
{"__type":"$$EventMessageNode","id":"f57a2560-cc2d-49b1-b2ff-b2653ff1f3dd","ts":"2025-08-08T12:15:31.202-04:00","eventName":"n8n.node.started","message":"n8n.node.started","payload":{"workflowId":"ucmiLmCdrb6FRZtp","workflowName":"Daily English Chanllenge","executionId":"209","nodeType":"n8n-nodes-base.scheduleTrigger","nodeName":"Schedule Trigger","nodeId":"b8cbe0d9-a14c-4dcb-a457-0fbc84e2f208"}}
{"__type":"$$EventMessageConfirm","confirm":"f57a2560-cc2d-49b1-b2ff-b2653ff1f3dd","ts":"2025-08-08T12:15:31.202-04:00","source":{"id":"0","name":"eventBus"}}
{"__type":"$$EventMessageNode","id":"f8d718c9-81ff-42d4-923b-d660a513b4c4","ts":"2025-08-08T12:15:31.202-04:00","eventName":"n8n.node.finished","message":"n8n.node.finished","payload":{"workflowId":"ucmiLmCdrb6FRZtp","workflowName":"Daily English Chanllenge","executionId":"209","nodeType":"n8n-nodes-base.scheduleTrigger","nodeName":"Schedule Trigger","nodeId":"b8cbe0d9-a14c-4dcb-a457-0fbc84e2f208"}}
{"__type":"$$EventMessageConfirm","confirm":"f8d718c9-81ff-42d4-923b-d660a513b4c4","ts":"2025-08-08T12:15:31.202-04:00","source":{"id":"0","name":"eventBus"}}
{"__type":"$$EventMessageWorkflow","id":"3aba550f-ae60-432e-acc1-ff56055450eb","ts":"2025-08-08T12:15:31.202-04:00","eventName":"n8n.workflow.success","message":"n8n.workflow.success","payload":{"executionId":"209","success":true,"isManual":false,"workflowId":"ucmiLmCdrb6FRZtp","workflowName":"Daily English Chanllenge"}}
{"__type":"$$EventMessageConfirm","confirm":"3aba550f-ae60-432e-acc1-ff56055450eb","ts":"2025-08-08T12:15:31.202-04:00","source":{"id":"0","name":"eventBus"}}
{"__type":"$$EventMessageWorkflow","id":"29d96d0a-7c48-48a3-a2e8-d7dfd2268e37","ts":"2025-08-08T12:16:21.847-04:00","eventName":"n8n.workflow.started","message":"n8n.workflow.started","payload":{"executionId":"210","workflowId":"ISDPRZkXm3miWmK7","isManual":false,"workflowName":"My workflow"}}
{"__type":"$$EventMessageConfirm","confirm":"29d96d0a-7c48-48a3-a2e8-d7dfd2268e37","ts":"2025-08-08T12:16:21.847-04:00","source":{"id":"0","name":"eventBus"}}
{"__type":"$$EventMessageNode","id":"2df38201-3a2d-41ec-8214-7e4d9c9a9e9e","ts":"2025-08-08T12:16:21.848-04:00","eventName":"n8n.node.started","message":"n8n.node.started","payload":{"workflowId":"ISDPRZkXm3miWmK7","workflowName":"My workflow","executionId":"210","nodeType":"n8n-nodes-base.function","nodeName":"Filter Old Words","nodeId":"f007284a-e4a8-4c49-9bf8-36741f05fd6c"}}
{"__type":"$$EventMessageConfirm","confirm":"2df38201-3a2d-41ec-8214-7e4d9c9a9e9e","ts":"2025-08-08T12:16:21.848-04:00","source":{"id":"0","name":"eventBus"}}
{"__type":"$$EventMessageNode","id":"e7b6700d-637b-47b5-988b-91b85c3ce1cb","ts":"2025-08-08T12:16:21.858-04:00","eventName":"n8n.node.finished","message":"n8n.node.finished","payload":{"workflowId":"ISDPRZkXm3miWmK7","workflowName":"My workflow","executionId":"210","nodeType":"n8n-nodes-base.function","nodeName":"Filter Old Words","nodeId":"f007284a-e4a8-4c49-9bf8-36741f05fd6c"}}
{"__type":"$$EventMessageConfirm","confirm":"e7b6700d-637b-47b5-988b-91b85c3ce1cb","ts":"2025-08-08T12:16:21.858-04:00","source":{"id":"0","name":"eventBus"}}
{"__type":"$$EventMessageWorkflow","id":"c89e6690-3275-4aa5-a9d1-2f948958f8b1","ts":"2025-08-08T12:16:21.859-04:00","eventName":"n8n.workflow.success","message":"n8n.workflow.success","payload":{"userId":"b47d0fb1-3e65-4518-89af-453857c6bc55","executionId":"210","success":true,"isManual":true,"workflowId":"ISDPRZkXm3miWmK7","workflowName":"My workflow"}}
{"__type":"$$EventMessageConfirm","confirm":"c89e6690-3275-4aa5-a9d1-2f948958f8b1","ts":"2025-08-08T12:16:21.859-04:00","source":{"id":"0","name":"eventBus"}}
{"__type":"$$EventMessageWorkflow","id":"f829c776-61f8-44aa-9dd2-4b6cf18346db","ts":"2025-08-08T12:16:49.061-04:00","eventName":"n8n.workflow.started","message":"n8n.workflow.started","payload":{"executionId":"211","workflowId":"ISDPRZkXm3miWmK7","isManual":false,"workflowName":"My workflow"}}
{"__type":"$$EventMessageConfirm","confirm":"f829c776-61f8-44aa-9dd2-4b6cf18346db","ts":"2025-08-08T12:16:49.061-04:00","source":{"id":"0","name":"eventBus"}}
{"__type":"$$EventMessageNode","id":"d0bc94c2-4afd-431b-9c58-6b79a59282b0","ts":"2025-08-08T12:16:49.062-04:00","eventName":"n8n.node.started","message":"n8n.node.started","payload":{"workflowId":"ISDPRZkXm3miWmK7","workflowName":"My workflow","executionId":"211","nodeType":"n8n-nodes-base.httpRequest","nodeName":"HTTP Request","nodeId":"2188b732-8449-4880-b62c-5f85b85792bd"}}
{"__type":"$$EventMessageConfirm","confirm":"d0bc94c2-4afd-431b-9c58-6b79a59282b0","ts":"2025-08-08T12:16:49.062-04:00","source":{"id":"0","name":"eventBus"}}
{"__type":"$$EventMessageNode","id":"04b6f16f-d32c-4a69-9241-98b1e722d962","ts":"2025-08-08T12:16:49.075-04:00","eventName":"n8n.node.finished","message":"n8n.node.finished","payload":{"workflowId":"ISDPRZkXm3miWmK7","workflowName":"My workflow","executionId":"211","nodeType":"n8n-nodes-base.httpRequest","nodeName":"HTTP Request","nodeId":"2188b732-8449-4880-b62c-5f85b85792bd"}}
{"__type":"$$EventMessageConfirm","confirm":"04b6f16f-d32c-4a69-9241-98b1e722d962","ts":"2025-08-08T12:16:49.075-04:00","source":{"id":"0","name":"eventBus"}}
{"__type":"$$EventMessageWorkflow","id":"58aa7b96-3b3f-4bd6-ae00-432cb3b4e7ce","ts":"2025-08-08T12:16:49.076-04:00","eventName":"n8n.workflow.failed","message":"n8n.workflow.failed","payload":{"userId":"b47d0fb1-3e65-4518-89af-453857c6bc55","executionId":"211","success":false,"isManual":true,"workflowId":"ISDPRZkXm3miWmK7","workflowName":"My workflow","lastNodeExecuted":"HTTP Request","errorNodeType":"n8n-nodes-base.httpRequest","errorMessage":"JSON parameter needs to be valid JSON"}}
{"__type":"$$EventMessageConfirm","confirm":"58aa7b96-3b3f-4bd6-ae00-432cb3b4e7ce","ts":"2025-08-08T12:16:49.076-04:00","source":{"id":"0","name":"eventBus"}}
{"__type":"$$EventMessageWorkflow","id":"835a8b4e-2840-4f97-b54e-057a804a41de","ts":"2025-08-08T12:18:24.069-04:00","eventName":"n8n.workflow.started","message":"n8n.workflow.started","payload":{"executionId":"212","workflowId":"ISDPRZkXm3miWmK7","isManual":false,"workflowName":"My workflow"}}
{"__type":"$$EventMessageConfirm","confirm":"835a8b4e-2840-4f97-b54e-057a804a41de","ts":"2025-08-08T12:18:24.069-04:00","source":{"id":"0","name":"eventBus"}}
{"__type":"$$EventMessageNode","id":"08c37768-6ecf-4ec0-b3a9-5555c0fe674d","ts":"2025-08-08T12:18:24.071-04:00","eventName":"n8n.node.started","message":"n8n.node.started","payload":{"workflowId":"ISDPRZkXm3miWmK7","workflowName":"My workflow","executionId":"212","nodeType":"n8n-nodes-base.httpRequest","nodeName":"HTTP Request","nodeId":"2188b732-8449-4880-b62c-5f85b85792bd"}}
{"__type":"$$EventMessageConfirm","confirm":"08c37768-6ecf-4ec0-b3a9-5555c0fe674d","ts":"2025-08-08T12:18:24.071-04:00","source":{"id":"0","name":"eventBus"}}
{"__type":"$$EventMessageNode","id":"4e2354fb-bfbc-42aa-a397-c1e9a86ff3b1","ts":"2025-08-08T12:18:24.075-04:00","eventName":"n8n.node.finished","message":"n8n.node.finished","payload":{"workflowId":"ISDPRZkXm3miWmK7","workflowName":"My workflow","executionId":"212","nodeType":"n8n-nodes-base.httpRequest","nodeName":"HTTP Request","nodeId":"2188b732-8449-4880-b62c-5f85b85792bd"}}
{"__type":"$$EventMessageConfirm","confirm":"4e2354fb-bfbc-42aa-a397-c1e9a86ff3b1","ts":"2025-08-08T12:18:24.075-04:00","source":{"id":"0","name":"eventBus"}}
{"__type":"$$EventMessageWorkflow","id":"f4550718-5169-4d5e-be9d-bd48e8bbabb1","ts":"2025-08-08T12:18:24.077-04:00","eventName":"n8n.workflow.failed","message":"n8n.workflow.failed","payload":{"userId":"b47d0fb1-3e65-4518-89af-453857c6bc55","executionId":"212","success":false,"isManual":true,"workflowId":"ISDPRZkXm3miWmK7","workflowName":"My workflow","lastNodeExecuted":"HTTP Request","errorNodeType":"n8n-nodes-base.httpRequest","errorMessage":"JSON parameter needs to be valid JSON"}}
{"__type":"$$EventMessageConfirm","confirm":"f4550718-5169-4d5e-be9d-bd48e8bbabb1","ts":"2025-08-08T12:18:24.078-04:00","source":{"id":"0","name":"eventBus"}}
{"__type":"$$EventMessageWorkflow","id":"1abcd1f3-6ce2-4903-9a51-991afe5c8d8a","ts":"2025-08-08T12:18:27.440-04:00","eventName":"n8n.workflow.started","message":"n8n.workflow.started","payload":{"executionId":"213","workflowId":"ISDPRZkXm3miWmK7","isManual":false,"workflowName":"My workflow"}}
{"__type":"$$EventMessageConfirm","confirm":"1abcd1f3-6ce2-4903-9a51-991afe5c8d8a","ts":"2025-08-08T12:18:27.440-04:00","source":{"id":"0","name":"eventBus"}}
{"__type":"$$EventMessageNode","id":"4096fff9-2e21-4acf-ad1e-1e454593dda6","ts":"2025-08-08T12:18:27.441-04:00","eventName":"n8n.node.started","message":"n8n.node.started","payload":{"workflowId":"ISDPRZkXm3miWmK7","workflowName":"My workflow","executionId":"213","nodeType":"n8n-nodes-base.httpRequest","nodeName":"HTTP Request","nodeId":"2188b732-8449-4880-b62c-5f85b85792bd"}}
{"__type":"$$EventMessageConfirm","confirm":"4096fff9-2e21-4acf-ad1e-1e454593dda6","ts":"2025-08-08T12:18:27.441-04:00","source":{"id":"0","name":"eventBus"}}
{"__type":"$$EventMessageNode","id":"4cbe3780-d803-4a55-9139-b4c0ce6ff883","ts":"2025-08-08T12:18:28.791-04:00","eventName":"n8n.node.finished","message":"n8n.node.finished","payload":{"workflowId":"ISDPRZkXm3miWmK7","workflowName":"My workflow","executionId":"213","nodeType":"n8n-nodes-base.httpRequest","nodeName":"HTTP Request","nodeId":"2188b732-8449-4880-b62c-5f85b85792bd"}}
{"__type":"$$EventMessageConfirm","confirm":"4cbe3780-d803-4a55-9139-b4c0ce6ff883","ts":"2025-08-08T12:18:28.791-04:00","source":{"id":"0","name":"eventBus"}}
{"__type":"$$EventMessageWorkflow","id":"85c40238-6997-44a9-bb29-5322dafaa50f","ts":"2025-08-08T12:18:28.794-04:00","eventName":"n8n.workflow.success","message":"n8n.workflow.success","payload":{"userId":"b47d0fb1-3e65-4518-89af-453857c6bc55","executionId":"213","success":true,"isManual":true,"workflowId":"ISDPRZkXm3miWmK7","workflowName":"My workflow"}}
{"__type":"$$EventMessageConfirm","confirm":"85c40238-6997-44a9-bb29-5322dafaa50f","ts":"2025-08-08T12:18:28.795-04:00","source":{"id":"0","name":"eventBus"}}
{"__type":"$$EventMessageWorkflow","id":"3832665d-93ce-4d6a-9a0c-c0b1ee7b91dd","ts":"2025-08-08T12:18:44.638-04:00","eventName":"n8n.workflow.started","message":"n8n.workflow.started","payload":{"executionId":"214","workflowId":"ISDPRZkXm3miWmK7","isManual":false,"workflowName":"My workflow"}}
{"__type":"$$EventMessageConfirm","confirm":"3832665d-93ce-4d6a-9a0c-c0b1ee7b91dd","ts":"2025-08-08T12:18:44.638-04:00","source":{"id":"0","name":"eventBus"}}
{"__type":"$$EventMessageNode","id":"76005e22-9877-46de-b328-285eabec56fe","ts":"2025-08-08T12:18:44.638-04:00","eventName":"n8n.node.started","message":"n8n.node.started","payload":{"workflowId":"ISDPRZkXm3miWmK7","workflowName":"My workflow","executionId":"214","nodeType":"n8n-nodes-base.httpRequest","nodeName":"HTTP Request","nodeId":"2188b732-8449-4880-b62c-5f85b85792bd"}}
{"__type":"$$EventMessageConfirm","confirm":"76005e22-9877-46de-b328-285eabec56fe","ts":"2025-08-08T12:18:44.638-04:00","source":{"id":"0","name":"eventBus"}}
{"__type":"$$EventMessageNode","id":"168f5f21-34e5-4277-8156-cadbd4c40ede","ts":"2025-08-08T12:18:45.209-04:00","eventName":"n8n.node.finished","message":"n8n.node.finished","payload":{"workflowId":"ISDPRZkXm3miWmK7","workflowName":"My workflow","executionId":"214","nodeType":"n8n-nodes-base.httpRequest","nodeName":"HTTP Request","nodeId":"2188b732-8449-4880-b62c-5f85b85792bd"}}
{"__type":"$$EventMessageConfirm","confirm":"168f5f21-34e5-4277-8156-cadbd4c40ede","ts":"2025-08-08T12:18:45.209-04:00","source":{"id":"0","name":"eventBus"}}
{"__type":"$$EventMessageWorkflow","id":"f7c9bc33-cac2-42a3-817c-7f7747e13fec","ts":"2025-08-08T12:18:45.210-04:00","eventName":"n8n.workflow.success","message":"n8n.workflow.success","payload":{"userId":"b47d0fb1-3e65-4518-89af-453857c6bc55","executionId":"214","success":true,"isManual":true,"workflowId":"ISDPRZkXm3miWmK7","workflowName":"My workflow"}}
{"__type":"$$EventMessageConfirm","confirm":"f7c9bc33-cac2-42a3-817c-7f7747e13fec","ts":"2025-08-08T12:18:45.210-04:00","source":{"id":"0","name":"eventBus"}}
{"__type":"$$EventMessageWorkflow","id":"d29921c5-4e30-4517-94ad-e07e007843c2","ts":"2025-08-08T12:19:35.424-04:00","eventName":"n8n.workflow.started","message":"n8n.workflow.started","payload":{"executionId":"215","workflowId":"ISDPRZkXm3miWmK7","isManual":false,"workflowName":"My workflow"}}
{"__type":"$$EventMessageConfirm","confirm":"d29921c5-4e30-4517-94ad-e07e007843c2","ts":"2025-08-08T12:19:35.425-04:00","source":{"id":"0","name":"eventBus"}}
{"__type":"$$EventMessageNode","id":"c9f3d341-7457-40c9-bd6c-4d7ec6fd3ce6","ts":"2025-08-08T12:19:35.425-04:00","eventName":"n8n.node.started","message":"n8n.node.started","payload":{"workflowId":"ISDPRZkXm3miWmK7","workflowName":"My workflow","executionId":"215","nodeType":"n8n-nodes-base.function","nodeName":"Filter Old Words","nodeId":"f007284a-e4a8-4c49-9bf8-36741f05fd6c"}}
{"__type":"$$EventMessageConfirm","confirm":"c9f3d341-7457-40c9-bd6c-4d7ec6fd3ce6","ts":"2025-08-08T12:19:35.425-04:00","source":{"id":"0","name":"eventBus"}}
{"__type":"$$EventMessageNode","id":"59430414-00c9-4a53-8ac0-f56f08d226e6","ts":"2025-08-08T12:19:35.432-04:00","eventName":"n8n.node.finished","message":"n8n.node.finished","payload":{"workflowId":"ISDPRZkXm3miWmK7","workflowName":"My workflow","executionId":"215","nodeType":"n8n-nodes-base.function","nodeName":"Filter Old Words","nodeId":"f007284a-e4a8-4c49-9bf8-36741f05fd6c"}}
{"__type":"$$EventMessageConfirm","confirm":"59430414-00c9-4a53-8ac0-f56f08d226e6","ts":"2025-08-08T12:19:35.432-04:00","source":{"id":"0","name":"eventBus"}}
{"__type":"$$EventMessageWorkflow","id":"ed3b670d-bd21-4416-b215-59b31579a6c7","ts":"2025-08-08T12:19:35.435-04:00","eventName":"n8n.workflow.success","message":"n8n.workflow.success","payload":{"userId":"b47d0fb1-3e65-4518-89af-453857c6bc55","executionId":"215","success":true,"isManual":true,"workflowId":"ISDPRZkXm3miWmK7","workflowName":"My workflow"}}
{"__type":"$$EventMessageConfirm","confirm":"ed3b670d-bd21-4416-b215-59b31579a6c7","ts":"2025-08-08T12:19:35.436-04:00","source":{"id":"0","name":"eventBus"}}
{"__type":"$$EventMessageWorkflow","id":"92392331-5402-4d6d-a6d2-514f969d44d3","ts":"2025-08-08T12:19:46.182-04:00","eventName":"n8n.workflow.started","message":"n8n.workflow.started","payload":{"executionId":"216","workflowId":"ISDPRZkXm3miWmK7","isManual":false,"workflowName":"My workflow"}}
{"__type":"$$EventMessageConfirm","confirm":"92392331-5402-4d6d-a6d2-514f969d44d3","ts":"2025-08-08T12:19:46.182-04:00","source":{"id":"0","name":"eventBus"}}
{"__type":"$$EventMessageNode","id":"8763903d-a513-4a3f-93ae-9daefe2d0255","ts":"2025-08-08T12:19:46.182-04:00","eventName":"n8n.node.started","message":"n8n.node.started","payload":{"workflowId":"ISDPRZkXm3miWmK7","workflowName":"My workflow","executionId":"216","nodeType":"n8n-nodes-base.function","nodeName":"Filter Old Words","nodeId":"f007284a-e4a8-4c49-9bf8-36741f05fd6c"}}
{"__type":"$$EventMessageConfirm","confirm":"8763903d-a513-4a3f-93ae-9daefe2d0255","ts":"2025-08-08T12:19:46.182-04:00","source":{"id":"0","name":"eventBus"}}
{"__type":"$$EventMessageNode","id":"addfb74e-3fd5-40dd-8665-bda5ae82c06d","ts":"2025-08-08T12:19:46.193-04:00","eventName":"n8n.node.finished","message":"n8n.node.finished","payload":{"workflowId":"ISDPRZkXm3miWmK7","workflowName":"My workflow","executionId":"216","nodeType":"n8n-nodes-base.function","nodeName":"Filter Old Words","nodeId":"f007284a-e4a8-4c49-9bf8-36741f05fd6c"}}
{"__type":"$$EventMessageConfirm","confirm":"addfb74e-3fd5-40dd-8665-bda5ae82c06d","ts":"2025-08-08T12:19:46.193-04:00","source":{"id":"0","name":"eventBus"}}
{"__type":"$$EventMessageWorkflow","id":"fd3c1769-2a36-411b-ae01-0bbbd8970095","ts":"2025-08-08T12:19:46.195-04:00","eventName":"n8n.workflow.success","message":"n8n.workflow.success","payload":{"userId":"b47d0fb1-3e65-4518-89af-453857c6bc55","executionId":"216","success":true,"isManual":true,"workflowId":"ISDPRZkXm3miWmK7","workflowName":"My workflow"}}
{"__type":"$$EventMessageConfirm","confirm":"fd3c1769-2a36-411b-ae01-0bbbd8970095","ts":"2025-08-08T12:19:46.195-04:00","source":{"id":"0","name":"eventBus"}}
{"__type":"$$EventMessageWorkflow","id":"c32a179f-fc3b-4b85-9637-af46f2715b31","ts":"2025-08-08T12:19:57.046-04:00","eventName":"n8n.workflow.started","message":"n8n.workflow.started","payload":{"executionId":"217","workflowId":"ISDPRZkXm3miWmK7","isManual":false,"workflowName":"My workflow"}}
{"__type":"$$EventMessageConfirm","confirm":"c32a179f-fc3b-4b85-9637-af46f2715b31","ts":"2025-08-08T12:19:57.046-04:00","source":{"id":"0","name":"eventBus"}}
{"__type":"$$EventMessageNode","id":"3bf50b96-71f7-47c7-b843-5f8797262161","ts":"2025-08-08T12:19:57.047-04:00","eventName":"n8n.node.started","message":"n8n.node.started","payload":{"workflowId":"ISDPRZkXm3miWmK7","workflowName":"My workflow","executionId":"217","nodeType":"n8n-nodes-base.httpRequest","nodeName":"HTTP Request","nodeId":"2188b732-8449-4880-b62c-5f85b85792bd"}}
{"__type":"$$EventMessageConfirm","confirm":"3bf50b96-71f7-47c7-b843-5f8797262161","ts":"2025-08-08T12:19:57.048-04:00","source":{"id":"0","name":"eventBus"}}
{"__type":"$$EventMessageNode","id":"bc7629ce-85af-44f1-afa2-e3538bd6e8d4","ts":"2025-08-08T12:19:57.053-04:00","eventName":"n8n.node.finished","message":"n8n.node.finished","payload":{"workflowId":"ISDPRZkXm3miWmK7","workflowName":"My workflow","executionId":"217","nodeType":"n8n-nodes-base.httpRequest","nodeName":"HTTP Request","nodeId":"2188b732-8449-4880-b62c-5f85b85792bd"}}
{"__type":"$$EventMessageConfirm","confirm":"bc7629ce-85af-44f1-afa2-e3538bd6e8d4","ts":"2025-08-08T12:19:57.053-04:00","source":{"id":"0","name":"eventBus"}}
{"__type":"$$EventMessageWorkflow","id":"4398b852-419a-4f51-a5cf-ca317b299228","ts":"2025-08-08T12:19:57.058-04:00","eventName":"n8n.workflow.failed","message":"n8n.workflow.failed","payload":{"userId":"b47d0fb1-3e65-4518-89af-453857c6bc55","executionId":"217","success":false,"isManual":true,"workflowId":"ISDPRZkXm3miWmK7","workflowName":"My workflow","lastNodeExecuted":"HTTP Request","errorNodeType":"n8n-nodes-base.httpRequest","errorMessage":"JSON parameter needs to be valid JSON"}}
{"__type":"$$EventMessageConfirm","confirm":"4398b852-419a-4f51-a5cf-ca317b299228","ts":"2025-08-08T12:19:57.058-04:00","source":{"id":"0","name":"eventBus"}}
{"__type":"$$EventMessageWorkflow","id":"b2f277cd-c969-499c-a50c-863ea8ff4493","ts":"2025-08-08T12:20:03.071-04:00","eventName":"n8n.workflow.started","message":"n8n.workflow.started","payload":{"executionId":"218","workflowId":"ISDPRZkXm3miWmK7","isManual":false,"workflowName":"My workflow"}}
{"__type":"$$EventMessageConfirm","confirm":"b2f277cd-c969-499c-a50c-863ea8ff4493","ts":"2025-08-08T12:20:03.071-04:00","source":{"id":"0","name":"eventBus"}}
{"__type":"$$EventMessageNode","id":"6143f959-629f-43f4-a9b3-fe1988a39f09","ts":"2025-08-08T12:20:03.072-04:00","eventName":"n8n.node.started","message":"n8n.node.started","payload":{"workflowId":"ISDPRZkXm3miWmK7","workflowName":"My workflow","executionId":"218","nodeType":"n8n-nodes-base.httpRequest","nodeName":"HTTP Request","nodeId":"2188b732-8449-4880-b62c-5f85b85792bd"}}
{"__type":"$$EventMessageConfirm","confirm":"6143f959-629f-43f4-a9b3-fe1988a39f09","ts":"2025-08-08T12:20:03.072-04:00","source":{"id":"0","name":"eventBus"}}
{"__type":"$$EventMessageNode","id":"20170127-ff01-49d6-894e-de773a168674","ts":"2025-08-08T12:20:03.073-04:00","eventName":"n8n.node.finished","message":"n8n.node.finished","payload":{"workflowId":"ISDPRZkXm3miWmK7","workflowName":"My workflow","executionId":"218","nodeType":"n8n-nodes-base.httpRequest","nodeName":"HTTP Request","nodeId":"2188b732-8449-4880-b62c-5f85b85792bd"}}
{"__type":"$$EventMessageConfirm","confirm":"20170127-ff01-49d6-894e-de773a168674","ts":"2025-08-08T12:20:03.073-04:00","source":{"id":"0","name":"eventBus"}}
{"__type":"$$EventMessageWorkflow","id":"eff49563-be74-40f2-ae1b-5dbe4f09f2ac","ts":"2025-08-08T12:20:03.074-04:00","eventName":"n8n.workflow.failed","message":"n8n.workflow.failed","payload":{"userId":"b47d0fb1-3e65-4518-89af-453857c6bc55","executionId":"218","success":false,"isManual":true,"workflowId":"ISDPRZkXm3miWmK7","workflowName":"My workflow","lastNodeExecuted":"HTTP Request","errorNodeType":"n8n-nodes-base.httpRequest","errorMessage":"JSON parameter needs to be valid JSON"}}
{"__type":"$$EventMessageConfirm","confirm":"eff49563-be74-40f2-ae1b-5dbe4f09f2ac","ts":"2025-08-08T12:20:03.075-04:00","source":{"id":"0","name":"eventBus"}}
{"__type":"$$EventMessageWorkflow","id":"5ac04d08-37cb-474c-881f-9df3f72e36a5","ts":"2025-08-08T12:20:10.941-04:00","eventName":"n8n.workflow.started","message":"n8n.workflow.started","payload":{"executionId":"219","workflowId":"ISDPRZkXm3miWmK7","isManual":false,"workflowName":"My workflow"}}
{"__type":"$$EventMessageConfirm","confirm":"5ac04d08-37cb-474c-881f-9df3f72e36a5","ts":"2025-08-08T12:20:10.941-04:00","source":{"id":"0","name":"eventBus"}}
{"__type":"$$EventMessageNode","id":"ec3cb1b2-fac0-4366-9302-511b76c88601","ts":"2025-08-08T12:20:10.942-04:00","eventName":"n8n.node.started","message":"n8n.node.started","payload":{"workflowId":"ISDPRZkXm3miWmK7","workflowName":"My workflow","executionId":"219","nodeType":"n8n-nodes-base.httpRequest","nodeName":"HTTP Request","nodeId":"2188b732-8449-4880-b62c-5f85b85792bd"}}
{"__type":"$$EventMessageConfirm","confirm":"ec3cb1b2-fac0-4366-9302-511b76c88601","ts":"2025-08-08T12:20:10.942-04:00","source":{"id":"0","name":"eventBus"}}
{"__type":"$$EventMessageNode","id":"aeff3e09-ce55-4847-a44f-23b293c77bfd","ts":"2025-08-08T12:20:12.456-04:00","eventName":"n8n.node.finished","message":"n8n.node.finished","payload":{"workflowId":"ISDPRZkXm3miWmK7","workflowName":"My workflow","executionId":"219","nodeType":"n8n-nodes-base.httpRequest","nodeName":"HTTP Request","nodeId":"2188b732-8449-4880-b62c-5f85b85792bd"}}
{"__type":"$$EventMessageConfirm","confirm":"aeff3e09-ce55-4847-a44f-23b293c77bfd","ts":"2025-08-08T12:20:12.456-04:00","source":{"id":"0","name":"eventBus"}}
{"__type":"$$EventMessageWorkflow","id":"dd2f6ecc-4467-4a0a-9675-49a343720258","ts":"2025-08-08T12:20:12.460-04:00","eventName":"n8n.workflow.success","message":"n8n.workflow.success","payload":{"userId":"b47d0fb1-3e65-4518-89af-453857c6bc55","executionId":"219","success":true,"isManual":true,"workflowId":"ISDPRZkXm3miWmK7","workflowName":"My workflow"}}
{"__type":"$$EventMessageConfirm","confirm":"dd2f6ecc-4467-4a0a-9675-49a343720258","ts":"2025-08-08T12:20:12.460-04:00","source":{"id":"0","name":"eventBus"}}
{"__type":"$$EventMessageWorkflow","id":"d2d3c28d-b6c3-4557-9c50-8f58d9eb2f6a","ts":"2025-08-08T12:20:31.236-04:00","eventName":"n8n.workflow.started","message":"n8n.workflow.started","payload":{"executionId":"220","workflowId":"ucmiLmCdrb6FRZtp","isManual":false,"workflowName":"Daily English Chanllenge"}}
{"__type":"$$EventMessageConfirm","confirm":"d2d3c28d-b6c3-4557-9c50-8f58d9eb2f6a","ts":"2025-08-08T12:20:31.236-04:00","source":{"id":"0","name":"eventBus"}}
{"__type":"$$EventMessageNode","id":"1f952c94-d095-4106-9453-bbeb76dc8742","ts":"2025-08-08T12:20:31.237-04:00","eventName":"n8n.node.started","message":"n8n.node.started","payload":{"workflowId":"ucmiLmCdrb6FRZtp","workflowName":"Daily English Chanllenge","executionId":"220","nodeType":"n8n-nodes-base.scheduleTrigger","nodeName":"Schedule Trigger","nodeId":"b8cbe0d9-a14c-4dcb-a457-0fbc84e2f208"}}
{"__type":"$$EventMessageConfirm","confirm":"1f952c94-d095-4106-9453-bbeb76dc8742","ts":"2025-08-08T12:20:31.237-04:00","source":{"id":"0","name":"eventBus"}}
{"__type":"$$EventMessageNode","id":"202b4264-ff7d-4f1b-9e00-ba8b1810e676","ts":"2025-08-08T12:20:31.238-04:00","eventName":"n8n.node.finished","message":"n8n.node.finished","payload":{"workflowId":"ucmiLmCdrb6FRZtp","workflowName":"Daily English Chanllenge","executionId":"220","nodeType":"n8n-nodes-base.scheduleTrigger","nodeName":"Schedule Trigger","nodeId":"b8cbe0d9-a14c-4dcb-a457-0fbc84e2f208"}}
{"__type":"$$EventMessageConfirm","confirm":"202b4264-ff7d-4f1b-9e00-ba8b1810e676","ts":"2025-08-08T12:20:31.238-04:00","source":{"id":"0","name":"eventBus"}}
{"__type":"$$EventMessageWorkflow","id":"cd751114-7e3b-4714-bafb-5008ed661099","ts":"2025-08-08T12:20:31.239-04:00","eventName":"n8n.workflow.success","message":"n8n.workflow.success","payload":{"executionId":"220","success":true,"isManual":false,"workflowId":"ucmiLmCdrb6FRZtp","workflowName":"Daily English Chanllenge"}}
{"__type":"$$EventMessageConfirm","confirm":"cd751114-7e3b-4714-bafb-5008ed661099","ts":"2025-08-08T12:20:31.239-04:00","source":{"id":"0","name":"eventBus"}}
{"__type":"$$EventMessageWorkflow","id":"0848a4e5-e54d-4390-a38e-e9d65edcfa47","ts":"2025-08-08T12:20:43.987-04:00","eventName":"n8n.workflow.started","message":"n8n.workflow.started","payload":{"executionId":"221","workflowId":"ISDPRZkXm3miWmK7","isManual":false,"workflowName":"My workflow"}}
{"__type":"$$EventMessageConfirm","confirm":"0848a4e5-e54d-4390-a38e-e9d65edcfa47","ts":"2025-08-08T12:20:43.988-04:00","source":{"id":"0","name":"eventBus"}}
{"__type":"$$EventMessageNode","id":"dfb0d9e2-9774-4d52-87c4-7189c21ac45c","ts":"2025-08-08T12:20:43.988-04:00","eventName":"n8n.node.started","message":"n8n.node.started","payload":{"workflowId":"ISDPRZkXm3miWmK7","workflowName":"My workflow","executionId":"221","nodeType":"n8n-nodes-base.httpRequest","nodeName":"HTTP Request","nodeId":"2188b732-8449-4880-b62c-5f85b85792bd"}}
{"__type":"$$EventMessageConfirm","confirm":"dfb0d9e2-9774-4d52-87c4-7189c21ac45c","ts":"2025-08-08T12:20:43.988-04:00","source":{"id":"0","name":"eventBus"}}
{"__type":"$$EventMessageNode","id":"314da006-590e-4740-9082-23153022ff5a","ts":"2025-08-08T12:20:44.532-04:00","eventName":"n8n.node.finished","message":"n8n.node.finished","payload":{"workflowId":"ISDPRZkXm3miWmK7","workflowName":"My workflow","executionId":"221","nodeType":"n8n-nodes-base.httpRequest","nodeName":"HTTP Request","nodeId":"2188b732-8449-4880-b62c-5f85b85792bd"}}
{"__type":"$$EventMessageConfirm","confirm":"314da006-590e-4740-9082-23153022ff5a","ts":"2025-08-08T12:20:44.532-04:00","source":{"id":"0","name":"eventBus"}}
{"__type":"$$EventMessageWorkflow","id":"0caae752-5cd4-4de5-987c-d955b4acb96d","ts":"2025-08-08T12:20:44.536-04:00","eventName":"n8n.workflow.success","message":"n8n.workflow.success","payload":{"userId":"b47d0fb1-3e65-4518-89af-453857c6bc55","executionId":"221","success":true,"isManual":true,"workflowId":"ISDPRZkXm3miWmK7","workflowName":"My workflow"}}
{"__type":"$$EventMessageConfirm","confirm":"0caae752-5cd4-4de5-987c-d955b4acb96d","ts":"2025-08-08T12:20:44.536-04:00","source":{"id":"0","name":"eventBus"}}
{"__type":"$$EventMessageWorkflow","id":"b3f5d166-d461-413d-9494-0d0869fadfd0","ts":"2025-08-08T12:21:36.225-04:00","eventName":"n8n.workflow.started","message":"n8n.workflow.started","payload":{"executionId":"222","workflowId":"ISDPRZkXm3miWmK7","isManual":false,"workflowName":"My workflow"}}
{"__type":"$$EventMessageConfirm","confirm":"b3f5d166-d461-413d-9494-0d0869fadfd0","ts":"2025-08-08T12:21:36.225-04:00","source":{"id":"0","name":"eventBus"}}
{"__type":"$$EventMessageNode","id":"a5787c3e-b0d4-4a51-8c98-d1d113012a37","ts":"2025-08-08T12:21:36.226-04:00","eventName":"n8n.node.started","message":"n8n.node.started","payload":{"workflowId":"ISDPRZkXm3miWmK7","workflowName":"My workflow","executionId":"222","nodeType":"n8n-nodes-base.function","nodeName":"Filter Old Words","nodeId":"f007284a-e4a8-4c49-9bf8-36741f05fd6c"}}
{"__type":"$$EventMessageConfirm","confirm":"a5787c3e-b0d4-4a51-8c98-d1d113012a37","ts":"2025-08-08T12:21:36.226-04:00","source":{"id":"0","name":"eventBus"}}
{"__type":"$$EventMessageNode","id":"9c82a2e7-d358-48cd-92a1-87a3cbd780a6","ts":"2025-08-08T12:21:36.231-04:00","eventName":"n8n.node.finished","message":"n8n.node.finished","payload":{"workflowId":"ISDPRZkXm3miWmK7","workflowName":"My workflow","executionId":"222","nodeType":"n8n-nodes-base.function","nodeName":"Filter Old Words","nodeId":"f007284a-e4a8-4c49-9bf8-36741f05fd6c"}}
{"__type":"$$EventMessageConfirm","confirm":"9c82a2e7-d358-48cd-92a1-87a3cbd780a6","ts":"2025-08-08T12:21:36.231-04:00","source":{"id":"0","name":"eventBus"}}
{"__type":"$$EventMessageWorkflow","id":"befed838-a8f1-42fb-8591-21ab60074ba9","ts":"2025-08-08T12:21:36.233-04:00","eventName":"n8n.workflow.success","message":"n8n.workflow.success","payload":{"userId":"b47d0fb1-3e65-4518-89af-453857c6bc55","executionId":"222","success":true,"isManual":true,"workflowId":"ISDPRZkXm3miWmK7","workflowName":"My workflow"}}
{"__type":"$$EventMessageConfirm","confirm":"befed838-a8f1-42fb-8591-21ab60074ba9","ts":"2025-08-08T12:21:36.234-04:00","source":{"id":"0","name":"eventBus"}}
{"__type":"$$EventMessageWorkflow","id":"f6b65d5e-01de-41c7-8541-bae40c8c4a35","ts":"2025-08-08T12:21:42.847-04:00","eventName":"n8n.workflow.started","message":"n8n.workflow.started","payload":{"executionId":"223","workflowId":"ISDPRZkXm3miWmK7","isManual":false,"workflowName":"My workflow"}}
{"__type":"$$EventMessageConfirm","confirm":"f6b65d5e-01de-41c7-8541-bae40c8c4a35","ts":"2025-08-08T12:21:42.847-04:00","source":{"id":"0","name":"eventBus"}}
{"__type":"$$EventMessageNode","id":"697feac3-2062-4198-9ee2-d37559aa7816","ts":"2025-08-08T12:21:42.847-04:00","eventName":"n8n.node.started","message":"n8n.node.started","payload":{"workflowId":"ISDPRZkXm3miWmK7","workflowName":"My workflow","executionId":"223","nodeType":"n8n-nodes-base.cron","nodeName":"Start Daily Trigger","nodeId":"12db43fb-0c8d-4131-b365-066e88a50b54"}}
{"__type":"$$EventMessageConfirm","confirm":"697feac3-2062-4198-9ee2-d37559aa7816","ts":"2025-08-08T12:21:42.847-04:00","source":{"id":"0","name":"eventBus"}}
{"__type":"$$EventMessageNode","id":"11ba8bd9-a3ae-4b2c-80ac-4479af5bf261","ts":"2025-08-08T12:21:42.849-04:00","eventName":"n8n.node.finished","message":"n8n.node.finished","payload":{"workflowId":"ISDPRZkXm3miWmK7","workflowName":"My workflow","executionId":"223","nodeType":"n8n-nodes-base.cron","nodeName":"Start Daily Trigger","nodeId":"12db43fb-0c8d-4131-b365-066e88a50b54"}}
{"__type":"$$EventMessageConfirm","confirm":"11ba8bd9-a3ae-4b2c-80ac-4479af5bf261","ts":"2025-08-08T12:21:42.849-04:00","source":{"id":"0","name":"eventBus"}}
{"__type":"$$EventMessageNode","id":"8a837905-977f-4c9f-9eb7-5e317ea56b48","ts":"2025-08-08T12:21:42.849-04:00","eventName":"n8n.node.started","message":"n8n.node.started","payload":{"workflowId":"ISDPRZkXm3miWmK7","workflowName":"My workflow","executionId":"223","nodeType":"n8n-nodes-base.httpRequest","nodeName":"Get English Words","nodeId":"3d67fd4e-5d33-4268-b975-a0b877d66938"}}
{"__type":"$$EventMessageConfirm","confirm":"8a837905-977f-4c9f-9eb7-5e317ea56b48","ts":"2025-08-08T12:21:42.849-04:00","source":{"id":"0","name":"eventBus"}}
{"__type":"$$EventMessageNode","id":"2c35f49a-1233-478f-bc42-3867adfd2117","ts":"2025-08-08T12:21:50.989-04:00","eventName":"n8n.node.finished","message":"n8n.node.finished","payload":{"workflowId":"ISDPRZkXm3miWmK7","workflowName":"My workflow","executionId":"223","nodeType":"n8n-nodes-base.httpRequest","nodeName":"Get English Words","nodeId":"3d67fd4e-5d33-4268-b975-a0b877d66938"}}
{"__type":"$$EventMessageConfirm","confirm":"2c35f49a-1233-478f-bc42-3867adfd2117","ts":"2025-08-08T12:21:50.989-04:00","source":{"id":"0","name":"eventBus"}}
{"__type":"$$EventMessageNode","id":"1afc4105-48f1-4b23-8f8f-0686f409af94","ts":"2025-08-08T12:21:50.991-04:00","eventName":"n8n.node.started","message":"n8n.node.started","payload":{"workflowId":"ISDPRZkXm3miWmK7","workflowName":"My workflow","executionId":"223","nodeType":"n8n-nodes-base.function","nodeName":"Filter Old Words","nodeId":"f007284a-e4a8-4c49-9bf8-36741f05fd6c"}}
{"__type":"$$EventMessageConfirm","confirm":"1afc4105-48f1-4b23-8f8f-0686f409af94","ts":"2025-08-08T12:21:50.991-04:00","source":{"id":"0","name":"eventBus"}}
{"__type":"$$EventMessageNode","id":"7174b4c8-ef4b-4711-9de7-02f56060b240","ts":"2025-08-08T12:21:51.008-04:00","eventName":"n8n.node.finished","message":"n8n.node.finished","payload":{"workflowId":"ISDPRZkXm3miWmK7","workflowName":"My workflow","executionId":"223","nodeType":"n8n-nodes-base.function","nodeName":"Filter Old Words","nodeId":"f007284a-e4a8-4c49-9bf8-36741f05fd6c"}}
{"__type":"$$EventMessageConfirm","confirm":"7174b4c8-ef4b-4711-9de7-02f56060b240","ts":"2025-08-08T12:21:51.009-04:00","source":{"id":"0","name":"eventBus"}}
{"__type":"$$EventMessageNode","id":"75976984-972b-4e77-924c-7f8a46a31b8a","ts":"2025-08-08T12:21:51.012-04:00","eventName":"n8n.node.started","message":"n8n.node.started","payload":{"workflowId":"ISDPRZkXm3miWmK7","workflowName":"My workflow","executionId":"223","nodeType":"n8n-nodes-base.httpRequest","nodeName":"HTTP Request","nodeId":"2188b732-8449-4880-b62c-5f85b85792bd"}}
{"__type":"$$EventMessageConfirm","confirm":"75976984-972b-4e77-924c-7f8a46a31b8a","ts":"2025-08-08T12:21:51.012-04:00","source":{"id":"0","name":"eventBus"}}
{"__type":"$$EventMessageNode","id":"3fac14fb-8cd9-41f3-82b3-502f676efec7","ts":"2025-08-08T12:21:51.860-04:00","eventName":"n8n.node.finished","message":"n8n.node.finished","payload":{"workflowId":"ISDPRZkXm3miWmK7","workflowName":"My workflow","executionId":"223","nodeType":"n8n-nodes-base.httpRequest","nodeName":"HTTP Request","nodeId":"2188b732-8449-4880-b62c-5f85b85792bd"}}
{"__type":"$$EventMessageConfirm","confirm":"3fac14fb-8cd9-41f3-82b3-502f676efec7","ts":"2025-08-08T12:21:51.860-04:00","source":{"id":"0","name":"eventBus"}}
{"__type":"$$EventMessageWorkflow","id":"913673f5-7817-482b-b7c4-575b71103519","ts":"2025-08-08T12:21:51.861-04:00","eventName":"n8n.workflow.success","message":"n8n.workflow.success","payload":{"userId":"b47d0fb1-3e65-4518-89af-453857c6bc55","executionId":"223","success":true,"isManual":true,"workflowId":"ISDPRZkXm3miWmK7","workflowName":"My workflow"}}
{"__type":"$$EventMessageConfirm","confirm":"913673f5-7817-482b-b7c4-575b71103519","ts":"2025-08-08T12:21:51.861-04:00","source":{"id":"0","name":"eventBus"}}
{"__type":"$$EventMessageWorkflow","id":"60ec6653-edb7-4e5d-9226-a8f54902c6d4","ts":"2025-08-08T12:23:01.366-04:00","eventName":"n8n.workflow.started","message":"n8n.workflow.started","payload":{"executionId":"224","workflowId":"ISDPRZkXm3miWmK7","isManual":false,"workflowName":"My workflow"}}
{"__type":"$$EventMessageConfirm","confirm":"60ec6653-edb7-4e5d-9226-a8f54902c6d4","ts":"2025-08-08T12:23:01.366-04:00","source":{"id":"0","name":"eventBus"}}
{"__type":"$$EventMessageNode","id":"bce7f10a-1180-4f86-8e7a-941d726b827b","ts":"2025-08-08T12:23:01.367-04:00","eventName":"n8n.node.started","message":"n8n.node.started","payload":{"workflowId":"ISDPRZkXm3miWmK7","workflowName":"My workflow","executionId":"224","nodeType":"n8n-nodes-base.httpRequest","nodeName":"HTTP Request","nodeId":"2188b732-8449-4880-b62c-5f85b85792bd"}}
{"__type":"$$EventMessageConfirm","confirm":"bce7f10a-1180-4f86-8e7a-941d726b827b","ts":"2025-08-08T12:23:01.367-04:00","source":{"id":"0","name":"eventBus"}}
{"__type":"$$EventMessageNode","id":"b07a3246-6031-4dab-9f5c-84f5273a34f6","ts":"2025-08-08T12:23:02.004-04:00","eventName":"n8n.node.finished","message":"n8n.node.finished","payload":{"workflowId":"ISDPRZkXm3miWmK7","workflowName":"My workflow","executionId":"224","nodeType":"n8n-nodes-base.httpRequest","nodeName":"HTTP Request","nodeId":"2188b732-8449-4880-b62c-5f85b85792bd"}}
{"__type":"$$EventMessageConfirm","confirm":"b07a3246-6031-4dab-9f5c-84f5273a34f6","ts":"2025-08-08T12:23:02.004-04:00","source":{"id":"0","name":"eventBus"}}
{"__type":"$$EventMessageWorkflow","id":"b5aac005-923c-4e2c-aed9-e001b4e81151","ts":"2025-08-08T12:23:02.007-04:00","eventName":"n8n.workflow.success","message":"n8n.workflow.success","payload":{"userId":"b47d0fb1-3e65-4518-89af-453857c6bc55","executionId":"224","success":true,"isManual":true,"workflowId":"ISDPRZkXm3miWmK7","workflowName":"My workflow"}}
{"__type":"$$EventMessageConfirm","confirm":"b5aac005-923c-4e2c-aed9-e001b4e81151","ts":"2025-08-08T12:23:02.007-04:00","source":{"id":"0","name":"eventBus"}}
{"__type":"$$EventMessageAudit","id":"86e518f8-7d12-4158-a87e-aa27edb23dc0","ts":"2025-08-08T12:25:09.175-04:00","eventName":"n8n.audit.workflow.updated","message":"n8n.audit.workflow.updated","payload":{"userId":"b47d0fb1-3e65-4518-89af-453857c6bc55","_email":"i.jinnawat024@gmail.com","_firstName":"Jinnawat","_lastName":"inyim","globalRole":"global:owner","workflowId":"ISDPRZkXm3miWmK7","workflowName":"My workflow"}}
{"__type":"$$EventMessageConfirm","confirm":"86e518f8-7d12-4158-a87e-aa27edb23dc0","ts":"2025-08-08T12:25:09.175-04:00","source":{"id":"0","name":"eventBus"}}
{"__type":"$$EventMessageWorkflow","id":"fe3ffe49-9fc6-4c22-aea9-d6169b6cea91","ts":"2025-08-08T12:25:27.705-04:00","eventName":"n8n.workflow.started","message":"n8n.workflow.started","payload":{"executionId":"225","workflowId":"ISDPRZkXm3miWmK7","isManual":false,"workflowName":"My workflow"}}
{"__type":"$$EventMessageConfirm","confirm":"fe3ffe49-9fc6-4c22-aea9-d6169b6cea91","ts":"2025-08-08T12:25:27.706-04:00","source":{"id":"0","name":"eventBus"}}
{"__type":"$$EventMessageNode","id":"dbbee73b-a450-4a10-88f5-3f5b507cb879","ts":"2025-08-08T12:25:27.706-04:00","eventName":"n8n.node.started","message":"n8n.node.started","payload":{"workflowId":"ISDPRZkXm3miWmK7","workflowName":"My workflow","executionId":"225","nodeType":"n8n-nodes-base.cron","nodeName":"Start Daily Trigger","nodeId":"12db43fb-0c8d-4131-b365-066e88a50b54"}}
{"__type":"$$EventMessageConfirm","confirm":"dbbee73b-a450-4a10-88f5-3f5b507cb879","ts":"2025-08-08T12:25:27.706-04:00","source":{"id":"0","name":"eventBus"}}
{"__type":"$$EventMessageNode","id":"b6d311ef-abcb-4ad7-adf6-bc4729045451","ts":"2025-08-08T12:25:27.712-04:00","eventName":"n8n.node.finished","message":"n8n.node.finished","payload":{"workflowId":"ISDPRZkXm3miWmK7","workflowName":"My workflow","executionId":"225","nodeType":"n8n-nodes-base.cron","nodeName":"Start Daily Trigger","nodeId":"12db43fb-0c8d-4131-b365-066e88a50b54"}}
{"__type":"$$EventMessageConfirm","confirm":"b6d311ef-abcb-4ad7-adf6-bc4729045451","ts":"2025-08-08T12:25:27.712-04:00","source":{"id":"0","name":"eventBus"}}
{"__type":"$$EventMessageWorkflow","id":"36e1c6b3-ec88-463e-bb76-a35e6d8fc0a5","ts":"2025-08-08T12:25:27.713-04:00","eventName":"n8n.workflow.success","message":"n8n.workflow.success","payload":{"userId":"b47d0fb1-3e65-4518-89af-453857c6bc55","executionId":"225","success":true,"isManual":true,"workflowId":"ISDPRZkXm3miWmK7","workflowName":"My workflow"}}
{"__type":"$$EventMessageConfirm","confirm":"36e1c6b3-ec88-463e-bb76-a35e6d8fc0a5","ts":"2025-08-08T12:25:27.713-04:00","source":{"id":"0","name":"eventBus"}}
{"__type":"$$EventMessageWorkflow","id":"4e03d601-ad15-4a9e-9e3f-a8ad370e4b53","ts":"2025-08-08T12:25:31.217-04:00","eventName":"n8n.workflow.started","message":"n8n.workflow.started","payload":{"executionId":"226","workflowId":"ucmiLmCdrb6FRZtp","isManual":false,"workflowName":"Daily English Chanllenge"}}
{"__type":"$$EventMessageConfirm","confirm":"4e03d601-ad15-4a9e-9e3f-a8ad370e4b53","ts":"2025-08-08T12:25:31.217-04:00","source":{"id":"0","name":"eventBus"}}
{"__type":"$$EventMessageNode","id":"ed37199c-62e1-450b-b10b-18f06d547905","ts":"2025-08-08T12:25:31.217-04:00","eventName":"n8n.node.started","message":"n8n.node.started","payload":{"workflowId":"ucmiLmCdrb6FRZtp","workflowName":"Daily English Chanllenge","executionId":"226","nodeType":"n8n-nodes-base.scheduleTrigger","nodeName":"Schedule Trigger","nodeId":"b8cbe0d9-a14c-4dcb-a457-0fbc84e2f208"}}
{"__type":"$$EventMessageConfirm","confirm":"ed37199c-62e1-450b-b10b-18f06d547905","ts":"2025-08-08T12:25:31.217-04:00","source":{"id":"0","name":"eventBus"}}
{"__type":"$$EventMessageNode","id":"860a32d7-510e-40aa-b44c-bc502e443d1b","ts":"2025-08-08T12:25:31.218-04:00","eventName":"n8n.node.finished","message":"n8n.node.finished","payload":{"workflowId":"ucmiLmCdrb6FRZtp","workflowName":"Daily English Chanllenge","executionId":"226","nodeType":"n8n-nodes-base.scheduleTrigger","nodeName":"Schedule Trigger","nodeId":"b8cbe0d9-a14c-4dcb-a457-0fbc84e2f208"}}
{"__type":"$$EventMessageConfirm","confirm":"860a32d7-510e-40aa-b44c-bc502e443d1b","ts":"2025-08-08T12:25:31.218-04:00","source":{"id":"0","name":"eventBus"}}
{"__type":"$$EventMessageWorkflow","id":"0739fb9a-37fc-45c4-8be0-a9403d65efe4","ts":"2025-08-08T12:25:31.218-04:00","eventName":"n8n.workflow.success","message":"n8n.workflow.success","payload":{"executionId":"226","success":true,"isManual":false,"workflowId":"ucmiLmCdrb6FRZtp","workflowName":"Daily English Chanllenge"}}
{"__type":"$$EventMessageConfirm","confirm":"0739fb9a-37fc-45c4-8be0-a9403d65efe4","ts":"2025-08-08T12:25:31.218-04:00","source":{"id":"0","name":"eventBus"}}
{"__type":"$$EventMessageWorkflow","id":"62c2fba7-d066-4725-9d7f-34ad56ba898b","ts":"2025-08-08T12:26:17.867-04:00","eventName":"n8n.workflow.started","message":"n8n.workflow.started","payload":{"executionId":"227","workflowId":"ISDPRZkXm3miWmK7","isManual":false,"workflowName":"My workflow"}}
{"__type":"$$EventMessageConfirm","confirm":"62c2fba7-d066-4725-9d7f-34ad56ba898b","ts":"2025-08-08T12:26:17.867-04:00","source":{"id":"0","name":"eventBus"}}
{"__type":"$$EventMessageNode","id":"d1db71a6-9484-4912-8a0a-179db1a6020b","ts":"2025-08-08T12:26:17.868-04:00","eventName":"n8n.node.started","message":"n8n.node.started","payload":{"workflowId":"ISDPRZkXm3miWmK7","workflowName":"My workflow","executionId":"227","nodeType":"n8n-nodes-base.cron","nodeName":"Start Daily Trigger","nodeId":"12db43fb-0c8d-4131-b365-066e88a50b54"}}
{"__type":"$$EventMessageConfirm","confirm":"d1db71a6-9484-4912-8a0a-179db1a6020b","ts":"2025-08-08T12:26:17.868-04:00","source":{"id":"0","name":"eventBus"}}
{"__type":"$$EventMessageNode","id":"e118b061-e68f-4c62-af95-5e3403ec9e22","ts":"2025-08-08T12:26:17.873-04:00","eventName":"n8n.node.finished","message":"n8n.node.finished","payload":{"workflowId":"ISDPRZkXm3miWmK7","workflowName":"My workflow","executionId":"227","nodeType":"n8n-nodes-base.cron","nodeName":"Start Daily Trigger","nodeId":"12db43fb-0c8d-4131-b365-066e88a50b54"}}
{"__type":"$$EventMessageConfirm","confirm":"e118b061-e68f-4c62-af95-5e3403ec9e22","ts":"2025-08-08T12:26:17.873-04:00","source":{"id":"0","name":"eventBus"}}
{"__type":"$$EventMessageNode","id":"fe493a20-3953-44c0-9bbd-31ed10ea9928","ts":"2025-08-08T12:26:17.873-04:00","eventName":"n8n.node.started","message":"n8n.node.started","payload":{"workflowId":"ISDPRZkXm3miWmK7","workflowName":"My workflow","executionId":"227","nodeType":"n8n-nodes-base.httpRequest","nodeName":"Get English Words","nodeId":"3d67fd4e-5d33-4268-b975-a0b877d66938"}}
{"__type":"$$EventMessageConfirm","confirm":"fe493a20-3953-44c0-9bbd-31ed10ea9928","ts":"2025-08-08T12:26:17.873-04:00","source":{"id":"0","name":"eventBus"}}
{"__type":"$$EventMessageNode","id":"8aac28e7-64cb-426e-bafa-25f2900a70e6","ts":"2025-08-08T12:26:24.700-04:00","eventName":"n8n.node.finished","message":"n8n.node.finished","payload":{"workflowId":"ISDPRZkXm3miWmK7","workflowName":"My workflow","executionId":"227","nodeType":"n8n-nodes-base.httpRequest","nodeName":"Get English Words","nodeId":"3d67fd4e-5d33-4268-b975-a0b877d66938"}}
{"__type":"$$EventMessageConfirm","confirm":"8aac28e7-64cb-426e-bafa-25f2900a70e6","ts":"2025-08-08T12:26:24.701-04:00","source":{"id":"0","name":"eventBus"}}
{"__type":"$$EventMessageNode","id":"6e0e3fac-3c56-4604-a6ec-d4850ac8c7bf","ts":"2025-08-08T12:26:24.701-04:00","eventName":"n8n.node.started","message":"n8n.node.started","payload":{"workflowId":"ISDPRZkXm3miWmK7","workflowName":"My workflow","executionId":"227","nodeType":"n8n-nodes-base.function","nodeName":"Filter Old Words","nodeId":"f007284a-e4a8-4c49-9bf8-36741f05fd6c"}}
{"__type":"$$EventMessageConfirm","confirm":"6e0e3fac-3c56-4604-a6ec-d4850ac8c7bf","ts":"2025-08-08T12:26:24.701-04:00","source":{"id":"0","name":"eventBus"}}
{"__type":"$$EventMessageNode","id":"a26b307e-c4d9-4f41-b09d-28cd33f034ff","ts":"2025-08-08T12:26:24.709-04:00","eventName":"n8n.node.finished","message":"n8n.node.finished","payload":{"workflowId":"ISDPRZkXm3miWmK7","workflowName":"My workflow","executionId":"227","nodeType":"n8n-nodes-base.function","nodeName":"Filter Old Words","nodeId":"f007284a-e4a8-4c49-9bf8-36741f05fd6c"}}
{"__type":"$$EventMessageConfirm","confirm":"a26b307e-c4d9-4f41-b09d-28cd33f034ff","ts":"2025-08-08T12:26:24.710-04:00","source":{"id":"0","name":"eventBus"}}
{"__type":"$$EventMessageNode","id":"6bb22651-cb1f-4ee6-8cde-6cce6119efe9","ts":"2025-08-08T12:26:24.711-04:00","eventName":"n8n.node.started","message":"n8n.node.started","payload":{"workflowId":"ISDPRZkXm3miWmK7","workflowName":"My workflow","executionId":"227","nodeType":"n8n-nodes-base.httpRequest","nodeName":"HTTP Request","nodeId":"2188b732-8449-4880-b62c-5f85b85792bd"}}
{"__type":"$$EventMessageConfirm","confirm":"6bb22651-cb1f-4ee6-8cde-6cce6119efe9","ts":"2025-08-08T12:26:24.711-04:00","source":{"id":"0","name":"eventBus"}}
{"__type":"$$EventMessageNode","id":"b6dc1de8-9863-4120-a169-29ebb8ff4ad9","ts":"2025-08-08T12:26:25.697-04:00","eventName":"n8n.node.finished","message":"n8n.node.finished","payload":{"workflowId":"ISDPRZkXm3miWmK7","workflowName":"My workflow","executionId":"227","nodeType":"n8n-nodes-base.httpRequest","nodeName":"HTTP Request","nodeId":"2188b732-8449-4880-b62c-5f85b85792bd"}}
{"__type":"$$EventMessageConfirm","confirm":"b6dc1de8-9863-4120-a169-29ebb8ff4ad9","ts":"2025-08-08T12:26:25.697-04:00","source":{"id":"0","name":"eventBus"}}
{"__type":"$$EventMessageWorkflow","id":"5f9f1131-86b1-42c1-9d22-499130f6f34b","ts":"2025-08-08T12:26:25.699-04:00","eventName":"n8n.workflow.success","message":"n8n.workflow.success","payload":{"userId":"b47d0fb1-3e65-4518-89af-453857c6bc55","executionId":"227","success":true,"isManual":true,"workflowId":"ISDPRZkXm3miWmK7","workflowName":"My workflow"}}
{"__type":"$$EventMessageConfirm","confirm":"5f9f1131-86b1-42c1-9d22-499130f6f34b","ts":"2025-08-08T12:26:25.699-04:00","source":{"id":"0","name":"eventBus"}}
{"__type":"$$EventMessageWorkflow","id":"847c3500-6381-4515-8270-d6fd2004c3f1","ts":"2025-08-08T12:48:04.649-04:00","eventName":"n8n.workflow.started","message":"n8n.workflow.started","payload":{"executionId":"228","workflowId":"ucmiLmCdrb6FRZtp","isManual":false,"workflowName":"Daily English Chanllenge"}}
{"__type":"$$EventMessageConfirm","confirm":"847c3500-6381-4515-8270-d6fd2004c3f1","ts":"2025-08-08T12:48:04.649-04:00","source":{"id":"0","name":"eventBus"}}
{"__type":"$$EventMessageNode","id":"d1909d27-c73c-4480-9c2b-8f6b06153135","ts":"2025-08-08T12:48:04.649-04:00","eventName":"n8n.node.started","message":"n8n.node.started","payload":{"workflowId":"ucmiLmCdrb6FRZtp","workflowName":"Daily English Chanllenge","executionId":"228","nodeType":"n8n-nodes-base.scheduleTrigger","nodeName":"Schedule Trigger","nodeId":"b8cbe0d9-a14c-4dcb-a457-0fbc84e2f208"}}
{"__type":"$$EventMessageConfirm","confirm":"d1909d27-c73c-4480-9c2b-8f6b06153135","ts":"2025-08-08T12:48:04.649-04:00","source":{"id":"0","name":"eventBus"}}
{"__type":"$$EventMessageNode","id":"a2f9989f-4450-43d5-9172-2862d57d6f48","ts":"2025-08-08T12:48:04.649-04:00","eventName":"n8n.node.finished","message":"n8n.node.finished","payload":{"workflowId":"ucmiLmCdrb6FRZtp","workflowName":"Daily English Chanllenge","executionId":"228","nodeType":"n8n-nodes-base.scheduleTrigger","nodeName":"Schedule Trigger","nodeId":"b8cbe0d9-a14c-4dcb-a457-0fbc84e2f208"}}
{"__type":"$$EventMessageConfirm","confirm":"a2f9989f-4450-43d5-9172-2862d57d6f48","ts":"2025-08-08T12:48:04.649-04:00","source":{"id":"0","name":"eventBus"}}
{"__type":"$$EventMessageWorkflow","id":"1a9363bf-0615-4d3a-a3fb-32292863722d","ts":"2025-08-08T12:48:04.649-04:00","eventName":"n8n.workflow.success","message":"n8n.workflow.success","payload":{"executionId":"228","success":true,"isManual":false,"workflowId":"ucmiLmCdrb6FRZtp","workflowName":"Daily English Chanllenge"}}
{"__type":"$$EventMessageConfirm","confirm":"1a9363bf-0615-4d3a-a3fb-32292863722d","ts":"2025-08-08T12:48:04.649-04:00","source":{"id":"0","name":"eventBus"}}
{"__type":"$$EventMessageWorkflow","id":"15f5ca51-da02-45a0-b1fe-2b7dc6c4901e","ts":"2025-08-08T12:51:48.811-04:00","eventName":"n8n.workflow.started","message":"n8n.workflow.started","payload":{"executionId":"229","workflowId":"ucmiLmCdrb6FRZtp","isManual":false,"workflowName":"Daily English Chanllenge"}}
{"__type":"$$EventMessageConfirm","confirm":"15f5ca51-da02-45a0-b1fe-2b7dc6c4901e","ts":"2025-08-08T12:51:48.811-04:00","source":{"id":"0","name":"eventBus"}}
{"__type":"$$EventMessageNode","id":"f607864d-2a5c-4647-b0ac-5d15e4c8bb54","ts":"2025-08-08T12:51:48.811-04:00","eventName":"n8n.node.started","message":"n8n.node.started","payload":{"workflowId":"ucmiLmCdrb6FRZtp","workflowName":"Daily English Chanllenge","executionId":"229","nodeType":"n8n-nodes-base.scheduleTrigger","nodeName":"Schedule Trigger","nodeId":"b8cbe0d9-a14c-4dcb-a457-0fbc84e2f208"}}
{"__type":"$$EventMessageConfirm","confirm":"f607864d-2a5c-4647-b0ac-5d15e4c8bb54","ts":"2025-08-08T12:51:48.811-04:00","source":{"id":"0","name":"eventBus"}}
{"__type":"$$EventMessageNode","id":"227668a5-a7c7-40f6-b23a-fd0db16ef113","ts":"2025-08-08T12:51:48.811-04:00","eventName":"n8n.node.finished","message":"n8n.node.finished","payload":{"workflowId":"ucmiLmCdrb6FRZtp","workflowName":"Daily English Chanllenge","executionId":"229","nodeType":"n8n-nodes-base.scheduleTrigger","nodeName":"Schedule Trigger","nodeId":"b8cbe0d9-a14c-4dcb-a457-0fbc84e2f208"}}
{"__type":"$$EventMessageConfirm","confirm":"227668a5-a7c7-40f6-b23a-fd0db16ef113","ts":"2025-08-08T12:51:48.811-04:00","source":{"id":"0","name":"eventBus"}}
{"__type":"$$EventMessageWorkflow","id":"9a051ec9-be19-4f76-bfaa-e8a07add3d69","ts":"2025-08-08T12:51:48.812-04:00","eventName":"n8n.workflow.success","message":"n8n.workflow.success","payload":{"executionId":"229","success":true,"isManual":false,"workflowId":"ucmiLmCdrb6FRZtp","workflowName":"Daily English Chanllenge"}}
{"__type":"$$EventMessageConfirm","confirm":"9a051ec9-be19-4f76-bfaa-e8a07add3d69","ts":"2025-08-08T12:51:48.812-04:00","source":{"id":"0","name":"eventBus"}}
{"__type":"$$EventMessageWorkflow","id":"88efcd6e-9cfa-47cb-85c6-99c34a8c99ce","ts":"2025-08-08T12:56:47.946-04:00","eventName":"n8n.workflow.started","message":"n8n.workflow.started","payload":{"executionId":"230","workflowId":"ucmiLmCdrb6FRZtp","isManual":false,"workflowName":"Daily English Chanllenge"}}
{"__type":"$$EventMessageConfirm","confirm":"88efcd6e-9cfa-47cb-85c6-99c34a8c99ce","ts":"2025-08-08T12:56:47.947-04:00","source":{"id":"0","name":"eventBus"}}
{"__type":"$$EventMessageNode","id":"b306ed01-46c3-446c-af57-f43e3dead9a2","ts":"2025-08-08T12:56:47.947-04:00","eventName":"n8n.node.started","message":"n8n.node.started","payload":{"workflowId":"ucmiLmCdrb6FRZtp","workflowName":"Daily English Chanllenge","executionId":"230","nodeType":"n8n-nodes-base.scheduleTrigger","nodeName":"Schedule Trigger","nodeId":"b8cbe0d9-a14c-4dcb-a457-0fbc84e2f208"}}
{"__type":"$$EventMessageConfirm","confirm":"b306ed01-46c3-446c-af57-f43e3dead9a2","ts":"2025-08-08T12:56:47.947-04:00","source":{"id":"0","name":"eventBus"}}
{"__type":"$$EventMessageNode","id":"3a9aee37-71e8-4389-b65d-41bd532c0201","ts":"2025-08-08T12:56:47.947-04:00","eventName":"n8n.node.finished","message":"n8n.node.finished","payload":{"workflowId":"ucmiLmCdrb6FRZtp","workflowName":"Daily English Chanllenge","executionId":"230","nodeType":"n8n-nodes-base.scheduleTrigger","nodeName":"Schedule Trigger","nodeId":"b8cbe0d9-a14c-4dcb-a457-0fbc84e2f208"}}
{"__type":"$$EventMessageConfirm","confirm":"3a9aee37-71e8-4389-b65d-41bd532c0201","ts":"2025-08-08T12:56:47.947-04:00","source":{"id":"0","name":"eventBus"}}
{"__type":"$$EventMessageWorkflow","id":"8e4335c6-dbdd-4572-915e-9f0f2bd32f44","ts":"2025-08-08T12:56:47.947-04:00","eventName":"n8n.workflow.success","message":"n8n.workflow.success","payload":{"executionId":"230","success":true,"isManual":false,"workflowId":"ucmiLmCdrb6FRZtp","workflowName":"Daily English Chanllenge"}}
{"__type":"$$EventMessageConfirm","confirm":"8e4335c6-dbdd-4572-915e-9f0f2bd32f44","ts":"2025-08-08T12:56:47.947-04:00","source":{"id":"0","name":"eventBus"}}
{"__type":"$$EventMessageWorkflow","id":"7b431ae5-f313-4cbb-a94d-c77e36f8bb1b","ts":"2025-08-08T13:03:05.699-04:00","eventName":"n8n.workflow.started","message":"n8n.workflow.started","payload":{"executionId":"231","workflowId":"ucmiLmCdrb6FRZtp","isManual":false,"workflowName":"Daily English Chanllenge"}}
{"__type":"$$EventMessageConfirm","confirm":"7b431ae5-f313-4cbb-a94d-c77e36f8bb1b","ts":"2025-08-08T13:03:05.700-04:00","source":{"id":"0","name":"eventBus"}}
{"__type":"$$EventMessageNode","id":"d534a826-8df7-4ee8-9f2d-8ec34201d812","ts":"2025-08-08T13:03:05.700-04:00","eventName":"n8n.node.started","message":"n8n.node.started","payload":{"workflowId":"ucmiLmCdrb6FRZtp","workflowName":"Daily English Chanllenge","executionId":"231","nodeType":"n8n-nodes-base.scheduleTrigger","nodeName":"Schedule Trigger","nodeId":"b8cbe0d9-a14c-4dcb-a457-0fbc84e2f208"}}
{"__type":"$$EventMessageConfirm","confirm":"d534a826-8df7-4ee8-9f2d-8ec34201d812","ts":"2025-08-08T13:03:05.700-04:00","source":{"id":"0","name":"eventBus"}}
{"__type":"$$EventMessageNode","id":"7ed37550-5f5e-400c-8292-fbebe2494b30","ts":"2025-08-08T13:03:05.701-04:00","eventName":"n8n.node.finished","message":"n8n.node.finished","payload":{"workflowId":"ucmiLmCdrb6FRZtp","workflowName":"Daily English Chanllenge","executionId":"231","nodeType":"n8n-nodes-base.scheduleTrigger","nodeName":"Schedule Trigger","nodeId":"b8cbe0d9-a14c-4dcb-a457-0fbc84e2f208"}}
{"__type":"$$EventMessageConfirm","confirm":"7ed37550-5f5e-400c-8292-fbebe2494b30","ts":"2025-08-08T13:03:05.701-04:00","source":{"id":"0","name":"eventBus"}}
{"__type":"$$EventMessageWorkflow","id":"a9c958e8-9734-4ac3-bfc8-741fdc5651d1","ts":"2025-08-08T13:03:05.701-04:00","eventName":"n8n.workflow.success","message":"n8n.workflow.success","payload":{"executionId":"231","success":true,"isManual":false,"workflowId":"ucmiLmCdrb6FRZtp","workflowName":"Daily English Chanllenge"}}
{"__type":"$$EventMessageConfirm","confirm":"a9c958e8-9734-4ac3-bfc8-741fdc5651d1","ts":"2025-08-08T13:03:05.701-04:00","source":{"id":"0","name":"eventBus"}}
{"__type":"$$EventMessageWorkflow","id":"30c57d13-87b0-473d-bddf-465c78d60add","ts":"2025-08-08T13:06:46.746-04:00","eventName":"n8n.workflow.started","message":"n8n.workflow.started","payload":{"executionId":"232","workflowId":"ucmiLmCdrb6FRZtp","isManual":false,"workflowName":"Daily English Chanllenge"}}
{"__type":"$$EventMessageConfirm","confirm":"30c57d13-87b0-473d-bddf-465c78d60add","ts":"2025-08-08T13:06:46.746-04:00","source":{"id":"0","name":"eventBus"}}
{"__type":"$$EventMessageNode","id":"1bec4fa4-9dc5-4b8e-843b-74a04eaec685","ts":"2025-08-08T13:06:46.746-04:00","eventName":"n8n.node.started","message":"n8n.node.started","payload":{"workflowId":"ucmiLmCdrb6FRZtp","workflowName":"Daily English Chanllenge","executionId":"232","nodeType":"n8n-nodes-base.scheduleTrigger","nodeName":"Schedule Trigger","nodeId":"b8cbe0d9-a14c-4dcb-a457-0fbc84e2f208"}}
{"__type":"$$EventMessageConfirm","confirm":"1bec4fa4-9dc5-4b8e-843b-74a04eaec685","ts":"2025-08-08T13:06:46.746-04:00","source":{"id":"0","name":"eventBus"}}
{"__type":"$$EventMessageNode","id":"66de6287-aef8-4731-83fa-2cd56f11a23b","ts":"2025-08-08T13:06:46.746-04:00","eventName":"n8n.node.finished","message":"n8n.node.finished","payload":{"workflowId":"ucmiLmCdrb6FRZtp","workflowName":"Daily English Chanllenge","executionId":"232","nodeType":"n8n-nodes-base.scheduleTrigger","nodeName":"Schedule Trigger","nodeId":"b8cbe0d9-a14c-4dcb-a457-0fbc84e2f208"}}
{"__type":"$$EventMessageConfirm","confirm":"66de6287-aef8-4731-83fa-2cd56f11a23b","ts":"2025-08-08T13:06:46.746-04:00","source":{"id":"0","name":"eventBus"}}
{"__type":"$$EventMessageWorkflow","id":"1d9ccaae-6598-4053-9b98-0cb33c421416","ts":"2025-08-08T13:06:46.746-04:00","eventName":"n8n.workflow.success","message":"n8n.workflow.success","payload":{"executionId":"232","success":true,"isManual":false,"workflowId":"ucmiLmCdrb6FRZtp","workflowName":"Daily English Chanllenge"}}
{"__type":"$$EventMessageConfirm","confirm":"1d9ccaae-6598-4053-9b98-0cb33c421416","ts":"2025-08-08T13:06:46.746-04:00","source":{"id":"0","name":"eventBus"}}
{"__type":"$$EventMessageWorkflow","id":"82d67764-f6d4-47e8-8bf0-07c9cb2785dc","ts":"2025-08-08T13:11:48.863-04:00","eventName":"n8n.workflow.started","message":"n8n.workflow.started","payload":{"executionId":"233","workflowId":"ucmiLmCdrb6FRZtp","isManual":false,"workflowName":"Daily English Chanllenge"}}
{"__type":"$$EventMessageConfirm","confirm":"82d67764-f6d4-47e8-8bf0-07c9cb2785dc","ts":"2025-08-08T13:11:48.863-04:00","source":{"id":"0","name":"eventBus"}}
{"__type":"$$EventMessageNode","id":"9fe28bd0-20b1-4aa7-ae2f-d9089ade04da","ts":"2025-08-08T13:11:48.863-04:00","eventName":"n8n.node.started","message":"n8n.node.started","payload":{"workflowId":"ucmiLmCdrb6FRZtp","workflowName":"Daily English Chanllenge","executionId":"233","nodeType":"n8n-nodes-base.scheduleTrigger","nodeName":"Schedule Trigger","nodeId":"b8cbe0d9-a14c-4dcb-a457-0fbc84e2f208"}}
{"__type":"$$EventMessageConfirm","confirm":"9fe28bd0-20b1-4aa7-ae2f-d9089ade04da","ts":"2025-08-08T13:11:48.863-04:00","source":{"id":"0","name":"eventBus"}}
{"__type":"$$EventMessageNode","id":"6bb81fcf-5baa-4068-a67a-5e87bbd416ce","ts":"2025-08-08T13:11:48.863-04:00","eventName":"n8n.node.finished","message":"n8n.node.finished","payload":{"workflowId":"ucmiLmCdrb6FRZtp","workflowName":"Daily English Chanllenge","executionId":"233","nodeType":"n8n-nodes-base.scheduleTrigger","nodeName":"Schedule Trigger","nodeId":"b8cbe0d9-a14c-4dcb-a457-0fbc84e2f208"}}
{"__type":"$$EventMessageConfirm","confirm":"6bb81fcf-5baa-4068-a67a-5e87bbd416ce","ts":"2025-08-08T13:11:48.863-04:00","source":{"id":"0","name":"eventBus"}}
{"__type":"$$EventMessageWorkflow","id":"1089604e-91f0-4bf7-920d-0a4581bf11b9","ts":"2025-08-08T13:11:48.863-04:00","eventName":"n8n.workflow.success","message":"n8n.workflow.success","payload":{"executionId":"233","success":true,"isManual":false,"workflowId":"ucmiLmCdrb6FRZtp","workflowName":"Daily English Chanllenge"}}
{"__type":"$$EventMessageConfirm","confirm":"1089604e-91f0-4bf7-920d-0a4581bf11b9","ts":"2025-08-08T13:11:48.863-04:00","source":{"id":"0","name":"eventBus"}}
{"__type":"$$EventMessageWorkflow","id":"b7ee6144-a3f3-4251-a828-63adcf3216aa","ts":"2025-08-08T13:18:05.864-04:00","eventName":"n8n.workflow.started","message":"n8n.workflow.started","payload":{"executionId":"234","workflowId":"ucmiLmCdrb6FRZtp","isManual":false,"workflowName":"Daily English Chanllenge"}}
{"__type":"$$EventMessageConfirm","confirm":"b7ee6144-a3f3-4251-a828-63adcf3216aa","ts":"2025-08-08T13:18:05.865-04:00","source":{"id":"0","name":"eventBus"}}
{"__type":"$$EventMessageNode","id":"11134307-c6c3-4f31-8abd-3db172517945","ts":"2025-08-08T13:18:05.867-04:00","eventName":"n8n.node.started","message":"n8n.node.started","payload":{"workflowId":"ucmiLmCdrb6FRZtp","workflowName":"Daily English Chanllenge","executionId":"234","nodeType":"n8n-nodes-base.scheduleTrigger","nodeName":"Schedule Trigger","nodeId":"b8cbe0d9-a14c-4dcb-a457-0fbc84e2f208"}}
{"__type":"$$EventMessageConfirm","confirm":"11134307-c6c3-4f31-8abd-3db172517945","ts":"2025-08-08T13:18:05.867-04:00","source":{"id":"0","name":"eventBus"}}
{"__type":"$$EventMessageNode","id":"51012b66-23a9-4809-9aea-e87037c36cfb","ts":"2025-08-08T13:18:05.867-04:00","eventName":"n8n.node.finished","message":"n8n.node.finished","payload":{"workflowId":"ucmiLmCdrb6FRZtp","workflowName":"Daily English Chanllenge","executionId":"234","nodeType":"n8n-nodes-base.scheduleTrigger","nodeName":"Schedule Trigger","nodeId":"b8cbe0d9-a14c-4dcb-a457-0fbc84e2f208"}}
{"__type":"$$EventMessageConfirm","confirm":"51012b66-23a9-4809-9aea-e87037c36cfb","ts":"2025-08-08T13:18:05.867-04:00","source":{"id":"0","name":"eventBus"}}
{"__type":"$$EventMessageWorkflow","id":"0dba3b0b-aef2-44ec-8b46-84a2bfd85464","ts":"2025-08-08T13:18:05.868-04:00","eventName":"n8n.workflow.success","message":"n8n.workflow.success","payload":{"executionId":"234","success":true,"isManual":false,"workflowId":"ucmiLmCdrb6FRZtp","workflowName":"Daily English Chanllenge"}}
{"__type":"$$EventMessageConfirm","confirm":"0dba3b0b-aef2-44ec-8b46-84a2bfd85464","ts":"2025-08-08T13:18:05.868-04:00","source":{"id":"0","name":"eventBus"}}
{"__type":"$$EventMessageWorkflow","id":"054b8b4c-aa81-4291-a673-b7566fbddba2","ts":"2025-08-08T13:21:47.945-04:00","eventName":"n8n.workflow.started","message":"n8n.workflow.started","payload":{"executionId":"235","workflowId":"ucmiLmCdrb6FRZtp","isManual":false,"workflowName":"Daily English Chanllenge"}}
{"__type":"$$EventMessageConfirm","confirm":"054b8b4c-aa81-4291-a673-b7566fbddba2","ts":"2025-08-08T13:21:47.945-04:00","source":{"id":"0","name":"eventBus"}}
{"__type":"$$EventMessageNode","id":"63a23c9a-9d07-4409-8a29-f5dc845c585b","ts":"2025-08-08T13:21:47.945-04:00","eventName":"n8n.node.started","message":"n8n.node.started","payload":{"workflowId":"ucmiLmCdrb6FRZtp","workflowName":"Daily English Chanllenge","executionId":"235","nodeType":"n8n-nodes-base.scheduleTrigger","nodeName":"Schedule Trigger","nodeId":"b8cbe0d9-a14c-4dcb-a457-0fbc84e2f208"}}
{"__type":"$$EventMessageConfirm","confirm":"63a23c9a-9d07-4409-8a29-f5dc845c585b","ts":"2025-08-08T13:21:47.945-04:00","source":{"id":"0","name":"eventBus"}}
{"__type":"$$EventMessageNode","id":"6cdd68e2-ca6f-4e12-93a5-d1215344cf36","ts":"2025-08-08T13:21:47.945-04:00","eventName":"n8n.node.finished","message":"n8n.node.finished","payload":{"workflowId":"ucmiLmCdrb6FRZtp","workflowName":"Daily English Chanllenge","executionId":"235","nodeType":"n8n-nodes-base.scheduleTrigger","nodeName":"Schedule Trigger","nodeId":"b8cbe0d9-a14c-4dcb-a457-0fbc84e2f208"}}
{"__type":"$$EventMessageConfirm","confirm":"6cdd68e2-ca6f-4e12-93a5-d1215344cf36","ts":"2025-08-08T13:21:47.945-04:00","source":{"id":"0","name":"eventBus"}}
{"__type":"$$EventMessageWorkflow","id":"9e75249d-78be-405c-8ac4-0f449f7c3c0b","ts":"2025-08-08T13:21:47.945-04:00","eventName":"n8n.workflow.success","message":"n8n.workflow.success","payload":{"executionId":"235","success":true,"isManual":false,"workflowId":"ucmiLmCdrb6FRZtp","workflowName":"Daily English Chanllenge"}}
{"__type":"$$EventMessageConfirm","confirm":"9e75249d-78be-405c-8ac4-0f449f7c3c0b","ts":"2025-08-08T13:21:47.945-04:00","source":{"id":"0","name":"eventBus"}}
{"__type":"$$EventMessageWorkflow","id":"4261f368-e7fc-4c01-b9e5-13405122c492","ts":"2025-08-08T13:26:46.788-04:00","eventName":"n8n.workflow.started","message":"n8n.workflow.started","payload":{"executionId":"236","workflowId":"ucmiLmCdrb6FRZtp","isManual":false,"workflowName":"Daily English Chanllenge"}}
{"__type":"$$EventMessageConfirm","confirm":"4261f368-e7fc-4c01-b9e5-13405122c492","ts":"2025-08-08T13:26:46.788-04:00","source":{"id":"0","name":"eventBus"}}
{"__type":"$$EventMessageNode","id":"46ec1123-a694-4836-961e-a8a638971f2b","ts":"2025-08-08T13:26:46.788-04:00","eventName":"n8n.node.started","message":"n8n.node.started","payload":{"workflowId":"ucmiLmCdrb6FRZtp","workflowName":"Daily English Chanllenge","executionId":"236","nodeType":"n8n-nodes-base.scheduleTrigger","nodeName":"Schedule Trigger","nodeId":"b8cbe0d9-a14c-4dcb-a457-0fbc84e2f208"}}
{"__type":"$$EventMessageConfirm","confirm":"46ec1123-a694-4836-961e-a8a638971f2b","ts":"2025-08-08T13:26:46.788-04:00","source":{"id":"0","name":"eventBus"}}
{"__type":"$$EventMessageNode","id":"5d34e6bc-535f-4830-85c8-08628a7d4864","ts":"2025-08-08T13:26:46.788-04:00","eventName":"n8n.node.finished","message":"n8n.node.finished","payload":{"workflowId":"ucmiLmCdrb6FRZtp","workflowName":"Daily English Chanllenge","executionId":"236","nodeType":"n8n-nodes-base.scheduleTrigger","nodeName":"Schedule Trigger","nodeId":"b8cbe0d9-a14c-4dcb-a457-0fbc84e2f208"}}
{"__type":"$$EventMessageConfirm","confirm":"5d34e6bc-535f-4830-85c8-08628a7d4864","ts":"2025-08-08T13:26:46.788-04:00","source":{"id":"0","name":"eventBus"}}
{"__type":"$$EventMessageWorkflow","id":"7cb3c9b0-35f5-43cc-8daa-9b3bb70ec394","ts":"2025-08-08T13:26:46.788-04:00","eventName":"n8n.workflow.success","message":"n8n.workflow.success","payload":{"executionId":"236","success":true,"isManual":false,"workflowId":"ucmiLmCdrb6FRZtp","workflowName":"Daily English Chanllenge"}}
{"__type":"$$EventMessageConfirm","confirm":"7cb3c9b0-35f5-43cc-8daa-9b3bb70ec394","ts":"2025-08-08T13:26:46.788-04:00","source":{"id":"0","name":"eventBus"}}
{"__type":"$$EventMessageWorkflow","id":"5b018d6b-1b4c-43a0-a492-de3697ac5a0e","ts":"2025-08-08T13:33:06.579-04:00","eventName":"n8n.workflow.started","message":"n8n.workflow.started","payload":{"executionId":"237","workflowId":"ucmiLmCdrb6FRZtp","isManual":false,"workflowName":"Daily English Chanllenge"}}
{"__type":"$$EventMessageConfirm","confirm":"5b018d6b-1b4c-43a0-a492-de3697ac5a0e","ts":"2025-08-08T13:33:06.580-04:00","source":{"id":"0","name":"eventBus"}}
{"__type":"$$EventMessageNode","id":"6b080ba0-7e06-43bf-ba7c-90028368f50b","ts":"2025-08-08T13:33:06.580-04:00","eventName":"n8n.node.started","message":"n8n.node.started","payload":{"workflowId":"ucmiLmCdrb6FRZtp","workflowName":"Daily English Chanllenge","executionId":"237","nodeType":"n8n-nodes-base.scheduleTrigger","nodeName":"Schedule Trigger","nodeId":"b8cbe0d9-a14c-4dcb-a457-0fbc84e2f208"}}
{"__type":"$$EventMessageConfirm","confirm":"6b080ba0-7e06-43bf-ba7c-90028368f50b","ts":"2025-08-08T13:33:06.580-04:00","source":{"id":"0","name":"eventBus"}}
{"__type":"$$EventMessageNode","id":"73dd0eb5-8de3-44e4-b529-9645429da518","ts":"2025-08-08T13:33:06.580-04:00","eventName":"n8n.node.finished","message":"n8n.node.finished","payload":{"workflowId":"ucmiLmCdrb6FRZtp","workflowName":"Daily English Chanllenge","executionId":"237","nodeType":"n8n-nodes-base.scheduleTrigger","nodeName":"Schedule Trigger","nodeId":"b8cbe0d9-a14c-4dcb-a457-0fbc84e2f208"}}
{"__type":"$$EventMessageConfirm","confirm":"73dd0eb5-8de3-44e4-b529-9645429da518","ts":"2025-08-08T13:33:06.580-04:00","source":{"id":"0","name":"eventBus"}}
{"__type":"$$EventMessageWorkflow","id":"8fd7ccd0-f9c4-48c1-82a0-91e05aef67a7","ts":"2025-08-08T13:33:06.580-04:00","eventName":"n8n.workflow.success","message":"n8n.workflow.success","payload":{"executionId":"237","success":true,"isManual":false,"workflowId":"ucmiLmCdrb6FRZtp","workflowName":"Daily English Chanllenge"}}
{"__type":"$$EventMessageConfirm","confirm":"8fd7ccd0-f9c4-48c1-82a0-91e05aef67a7","ts":"2025-08-08T13:33:06.580-04:00","source":{"id":"0","name":"eventBus"}}
{"__type":"$$EventMessageWorkflow","id":"6fe7c385-c676-48cc-bb45-611a4294f9a1","ts":"2025-08-08T13:36:47.688-04:00","eventName":"n8n.workflow.started","message":"n8n.workflow.started","payload":{"executionId":"238","workflowId":"ucmiLmCdrb6FRZtp","isManual":false,"workflowName":"Daily English Chanllenge"}}
{"__type":"$$EventMessageConfirm","confirm":"6fe7c385-c676-48cc-bb45-611a4294f9a1","ts":"2025-08-08T13:36:47.688-04:00","source":{"id":"0","name":"eventBus"}}
{"__type":"$$EventMessageNode","id":"c904d9ef-d88c-42a8-b91f-a412fd540364","ts":"2025-08-08T13:36:47.688-04:00","eventName":"n8n.node.started","message":"n8n.node.started","payload":{"workflowId":"ucmiLmCdrb6FRZtp","workflowName":"Daily English Chanllenge","executionId":"238","nodeType":"n8n-nodes-base.scheduleTrigger","nodeName":"Schedule Trigger","nodeId":"b8cbe0d9-a14c-4dcb-a457-0fbc84e2f208"}}
{"__type":"$$EventMessageConfirm","confirm":"c904d9ef-d88c-42a8-b91f-a412fd540364","ts":"2025-08-08T13:36:47.688-04:00","source":{"id":"0","name":"eventBus"}}
{"__type":"$$EventMessageNode","id":"cbfd1b10-e346-4f5a-a93a-4b6997c103ca","ts":"2025-08-08T13:36:47.688-04:00","eventName":"n8n.node.finished","message":"n8n.node.finished","payload":{"workflowId":"ucmiLmCdrb6FRZtp","workflowName":"Daily English Chanllenge","executionId":"238","nodeType":"n8n-nodes-base.scheduleTrigger","nodeName":"Schedule Trigger","nodeId":"b8cbe0d9-a14c-4dcb-a457-0fbc84e2f208"}}
{"__type":"$$EventMessageConfirm","confirm":"cbfd1b10-e346-4f5a-a93a-4b6997c103ca","ts":"2025-08-08T13:36:47.688-04:00","source":{"id":"0","name":"eventBus"}}
{"__type":"$$EventMessageWorkflow","id":"204a3080-c390-4e67-92dc-7080ea919bc3","ts":"2025-08-08T13:36:47.688-04:00","eventName":"n8n.workflow.success","message":"n8n.workflow.success","payload":{"executionId":"238","success":true,"isManual":false,"workflowId":"ucmiLmCdrb6FRZtp","workflowName":"Daily English Chanllenge"}}
{"__type":"$$EventMessageConfirm","confirm":"204a3080-c390-4e67-92dc-7080ea919bc3","ts":"2025-08-08T13:36:47.688-04:00","source":{"id":"0","name":"eventBus"}}
{"__type":"$$EventMessageWorkflow","id":"8572993b-9106-4927-a6b8-06b7a30735ad","ts":"2025-08-08T13:41:49.136-04:00","eventName":"n8n.workflow.started","message":"n8n.workflow.started","payload":{"executionId":"239","workflowId":"ucmiLmCdrb6FRZtp","isManual":false,"workflowName":"Daily English Chanllenge"}}
{"__type":"$$EventMessageConfirm","confirm":"8572993b-9106-4927-a6b8-06b7a30735ad","ts":"2025-08-08T13:41:49.136-04:00","source":{"id":"0","name":"eventBus"}}
{"__type":"$$EventMessageNode","id":"1bf1eae7-8c77-4a5b-ae46-1b17d2b6bcda","ts":"2025-08-08T13:41:49.136-04:00","eventName":"n8n.node.started","message":"n8n.node.started","payload":{"workflowId":"ucmiLmCdrb6FRZtp","workflowName":"Daily English Chanllenge","executionId":"239","nodeType":"n8n-nodes-base.scheduleTrigger","nodeName":"Schedule Trigger","nodeId":"b8cbe0d9-a14c-4dcb-a457-0fbc84e2f208"}}
{"__type":"$$EventMessageConfirm","confirm":"1bf1eae7-8c77-4a5b-ae46-1b17d2b6bcda","ts":"2025-08-08T13:41:49.136-04:00","source":{"id":"0","name":"eventBus"}}
{"__type":"$$EventMessageNode","id":"3efb62d3-9aa2-45af-a727-a01f97c18ace","ts":"2025-08-08T13:41:49.137-04:00","eventName":"n8n.node.finished","message":"n8n.node.finished","payload":{"workflowId":"ucmiLmCdrb6FRZtp","workflowName":"Daily English Chanllenge","executionId":"239","nodeType":"n8n-nodes-base.scheduleTrigger","nodeName":"Schedule Trigger","nodeId":"b8cbe0d9-a14c-4dcb-a457-0fbc84e2f208"}}
{"__type":"$$EventMessageConfirm","confirm":"3efb62d3-9aa2-45af-a727-a01f97c18ace","ts":"2025-08-08T13:41:49.137-04:00","source":{"id":"0","name":"eventBus"}}
{"__type":"$$EventMessageWorkflow","id":"f99de462-5a03-4c0a-9686-ad8e858f2b86","ts":"2025-08-08T13:41:49.137-04:00","eventName":"n8n.workflow.success","message":"n8n.workflow.success","payload":{"executionId":"239","success":true,"isManual":false,"workflowId":"ucmiLmCdrb6FRZtp","workflowName":"Daily English Chanllenge"}}
{"__type":"$$EventMessageConfirm","confirm":"f99de462-5a03-4c0a-9686-ad8e858f2b86","ts":"2025-08-08T13:41:49.137-04:00","source":{"id":"0","name":"eventBus"}}
{"__type":"$$EventMessageWorkflow","id":"2cb04d85-84c6-4201-912b-ea635fd33be0","ts":"2025-08-08T13:48:03.340-04:00","eventName":"n8n.workflow.started","message":"n8n.workflow.started","payload":{"executionId":"240","workflowId":"ucmiLmCdrb6FRZtp","isManual":false,"workflowName":"Daily English Chanllenge"}}
{"__type":"$$EventMessageConfirm","confirm":"2cb04d85-84c6-4201-912b-ea635fd33be0","ts":"2025-08-08T13:48:03.340-04:00","source":{"id":"0","name":"eventBus"}}
{"__type":"$$EventMessageNode","id":"fa509666-3bea-4a91-af08-1c8d3b3da15e","ts":"2025-08-08T13:48:03.340-04:00","eventName":"n8n.node.started","message":"n8n.node.started","payload":{"workflowId":"ucmiLmCdrb6FRZtp","workflowName":"Daily English Chanllenge","executionId":"240","nodeType":"n8n-nodes-base.scheduleTrigger","nodeName":"Schedule Trigger","nodeId":"b8cbe0d9-a14c-4dcb-a457-0fbc84e2f208"}}
{"__type":"$$EventMessageConfirm","confirm":"fa509666-3bea-4a91-af08-1c8d3b3da15e","ts":"2025-08-08T13:48:03.340-04:00","source":{"id":"0","name":"eventBus"}}
{"__type":"$$EventMessageNode","id":"334643e4-41ea-46fc-b2e7-fc996ab093d9","ts":"2025-08-08T13:48:03.340-04:00","eventName":"n8n.node.finished","message":"n8n.node.finished","payload":{"workflowId":"ucmiLmCdrb6FRZtp","workflowName":"Daily English Chanllenge","executionId":"240","nodeType":"n8n-nodes-base.scheduleTrigger","nodeName":"Schedule Trigger","nodeId":"b8cbe0d9-a14c-4dcb-a457-0fbc84e2f208"}}
{"__type":"$$EventMessageConfirm","confirm":"334643e4-41ea-46fc-b2e7-fc996ab093d9","ts":"2025-08-08T13:48:03.340-04:00","source":{"id":"0","name":"eventBus"}}
{"__type":"$$EventMessageWorkflow","id":"fc11db2e-e332-4f3b-8d3f-02db4e0a023c","ts":"2025-08-08T13:48:03.340-04:00","eventName":"n8n.workflow.success","message":"n8n.workflow.success","payload":{"executionId":"240","success":true,"isManual":false,"workflowId":"ucmiLmCdrb6FRZtp","workflowName":"Daily English Chanllenge"}}
{"__type":"$$EventMessageConfirm","confirm":"fc11db2e-e332-4f3b-8d3f-02db4e0a023c","ts":"2025-08-08T13:48:03.340-04:00","source":{"id":"0","name":"eventBus"}}
{"__type":"$$EventMessageWorkflow","id":"922218f5-1087-44b6-934a-8175086f0e20","ts":"2025-08-08T13:51:48.087-04:00","eventName":"n8n.workflow.started","message":"n8n.workflow.started","payload":{"executionId":"241","workflowId":"ucmiLmCdrb6FRZtp","isManual":false,"workflowName":"Daily English Chanllenge"}}
{"__type":"$$EventMessageConfirm","confirm":"922218f5-1087-44b6-934a-8175086f0e20","ts":"2025-08-08T13:51:48.087-04:00","source":{"id":"0","name":"eventBus"}}
{"__type":"$$EventMessageNode","id":"afbe7b80-cd63-4400-9898-6960be42b38c","ts":"2025-08-08T13:51:48.087-04:00","eventName":"n8n.node.started","message":"n8n.node.started","payload":{"workflowId":"ucmiLmCdrb6FRZtp","workflowName":"Daily English Chanllenge","executionId":"241","nodeType":"n8n-nodes-base.scheduleTrigger","nodeName":"Schedule Trigger","nodeId":"b8cbe0d9-a14c-4dcb-a457-0fbc84e2f208"}}
{"__type":"$$EventMessageConfirm","confirm":"afbe7b80-cd63-4400-9898-6960be42b38c","ts":"2025-08-08T13:51:48.088-04:00","source":{"id":"0","name":"eventBus"}}
{"__type":"$$EventMessageNode","id":"178efbdc-75b5-4519-b312-5bccdeeb4e54","ts":"2025-08-08T13:51:48.088-04:00","eventName":"n8n.node.finished","message":"n8n.node.finished","payload":{"workflowId":"ucmiLmCdrb6FRZtp","workflowName":"Daily English Chanllenge","executionId":"241","nodeType":"n8n-nodes-base.scheduleTrigger","nodeName":"Schedule Trigger","nodeId":"b8cbe0d9-a14c-4dcb-a457-0fbc84e2f208"}}
{"__type":"$$EventMessageConfirm","confirm":"178efbdc-75b5-4519-b312-5bccdeeb4e54","ts":"2025-08-08T13:51:48.088-04:00","source":{"id":"0","name":"eventBus"}}
{"__type":"$$EventMessageWorkflow","id":"8cfa1974-6f6c-40a1-90b0-e9fdd265c4da","ts":"2025-08-08T13:51:48.088-04:00","eventName":"n8n.workflow.success","message":"n8n.workflow.success","payload":{"executionId":"241","success":true,"isManual":false,"workflowId":"ucmiLmCdrb6FRZtp","workflowName":"Daily English Chanllenge"}}
{"__type":"$$EventMessageConfirm","confirm":"8cfa1974-6f6c-40a1-90b0-e9fdd265c4da","ts":"2025-08-08T13:51:48.088-04:00","source":{"id":"0","name":"eventBus"}}
{"__type":"$$EventMessageWorkflow","id":"fb4957bc-0db7-4ebd-af56-cdff59a11555","ts":"2025-08-08T13:56:48.906-04:00","eventName":"n8n.workflow.started","message":"n8n.workflow.started","payload":{"executionId":"242","workflowId":"ucmiLmCdrb6FRZtp","isManual":false,"workflowName":"Daily English Chanllenge"}}
{"__type":"$$EventMessageConfirm","confirm":"fb4957bc-0db7-4ebd-af56-cdff59a11555","ts":"2025-08-08T13:56:48.906-04:00","source":{"id":"0","name":"eventBus"}}
{"__type":"$$EventMessageNode","id":"508b4fe8-9a2d-457b-8dbc-1e5ab2300a42","ts":"2025-08-08T13:56:48.906-04:00","eventName":"n8n.node.started","message":"n8n.node.started","payload":{"workflowId":"ucmiLmCdrb6FRZtp","workflowName":"Daily English Chanllenge","executionId":"242","nodeType":"n8n-nodes-base.scheduleTrigger","nodeName":"Schedule Trigger","nodeId":"b8cbe0d9-a14c-4dcb-a457-0fbc84e2f208"}}
{"__type":"$$EventMessageConfirm","confirm":"508b4fe8-9a2d-457b-8dbc-1e5ab2300a42","ts":"2025-08-08T13:56:48.906-04:00","source":{"id":"0","name":"eventBus"}}
{"__type":"$$EventMessageNode","id":"fe69b98e-91e2-400f-b6dc-45c126cf47ea","ts":"2025-08-08T13:56:48.906-04:00","eventName":"n8n.node.finished","message":"n8n.node.finished","payload":{"workflowId":"ucmiLmCdrb6FRZtp","workflowName":"Daily English Chanllenge","executionId":"242","nodeType":"n8n-nodes-base.scheduleTrigger","nodeName":"Schedule Trigger","nodeId":"b8cbe0d9-a14c-4dcb-a457-0fbc84e2f208"}}
{"__type":"$$EventMessageConfirm","confirm":"fe69b98e-91e2-400f-b6dc-45c126cf47ea","ts":"2025-08-08T13:56:48.906-04:00","source":{"id":"0","name":"eventBus"}}
{"__type":"$$EventMessageWorkflow","id":"89953aaf-0861-4712-8c46-0cca4db6613d","ts":"2025-08-08T13:56:48.906-04:00","eventName":"n8n.workflow.success","message":"n8n.workflow.success","payload":{"executionId":"242","success":true,"isManual":false,"workflowId":"ucmiLmCdrb6FRZtp","workflowName":"Daily English Chanllenge"}}
{"__type":"$$EventMessageConfirm","confirm":"89953aaf-0861-4712-8c46-0cca4db6613d","ts":"2025-08-08T13:56:48.906-04:00","source":{"id":"0","name":"eventBus"}}
{"__type":"$$EventMessageWorkflow","id":"53c83c7f-2f25-4fc3-865b-2526074b3198","ts":"2025-08-08T14:03:06.479-04:00","eventName":"n8n.workflow.started","message":"n8n.workflow.started","payload":{"executionId":"243","workflowId":"ucmiLmCdrb6FRZtp","isManual":false,"workflowName":"Daily English Chanllenge"}}
{"__type":"$$EventMessageConfirm","confirm":"53c83c7f-2f25-4fc3-865b-2526074b3198","ts":"2025-08-08T14:03:06.479-04:00","source":{"id":"0","name":"eventBus"}}
{"__type":"$$EventMessageNode","id":"cdbdff21-3ee1-438d-a687-587599c805a7","ts":"2025-08-08T14:03:06.479-04:00","eventName":"n8n.node.started","message":"n8n.node.started","payload":{"workflowId":"ucmiLmCdrb6FRZtp","workflowName":"Daily English Chanllenge","executionId":"243","nodeType":"n8n-nodes-base.scheduleTrigger","nodeName":"Schedule Trigger","nodeId":"b8cbe0d9-a14c-4dcb-a457-0fbc84e2f208"}}
{"__type":"$$EventMessageConfirm","confirm":"cdbdff21-3ee1-438d-a687-587599c805a7","ts":"2025-08-08T14:03:06.479-04:00","source":{"id":"0","name":"eventBus"}}
{"__type":"$$EventMessageNode","id":"f59515f1-ee5d-4df6-921d-f8663f4ac5a1","ts":"2025-08-08T14:03:06.480-04:00","eventName":"n8n.node.finished","message":"n8n.node.finished","payload":{"workflowId":"ucmiLmCdrb6FRZtp","workflowName":"Daily English Chanllenge","executionId":"243","nodeType":"n8n-nodes-base.scheduleTrigger","nodeName":"Schedule Trigger","nodeId":"b8cbe0d9-a14c-4dcb-a457-0fbc84e2f208"}}
{"__type":"$$EventMessageConfirm","confirm":"f59515f1-ee5d-4df6-921d-f8663f4ac5a1","ts":"2025-08-08T14:03:06.480-04:00","source":{"id":"0","name":"eventBus"}}
{"__type":"$$EventMessageWorkflow","id":"c58783a2-c060-4be4-8c9b-9a9e5fcb408b","ts":"2025-08-08T14:03:06.480-04:00","eventName":"n8n.workflow.success","message":"n8n.workflow.success","payload":{"executionId":"243","success":true,"isManual":false,"workflowId":"ucmiLmCdrb6FRZtp","workflowName":"Daily English Chanllenge"}}
{"__type":"$$EventMessageConfirm","confirm":"c58783a2-c060-4be4-8c9b-9a9e5fcb408b","ts":"2025-08-08T14:03:06.480-04:00","source":{"id":"0","name":"eventBus"}}
{"__type":"$$EventMessageWorkflow","id":"6ce6738c-c0d0-4541-9514-4f7a685f69e9","ts":"2025-08-08T14:06:47.804-04:00","eventName":"n8n.workflow.started","message":"n8n.workflow.started","payload":{"executionId":"244","workflowId":"ucmiLmCdrb6FRZtp","isManual":false,"workflowName":"Daily English Chanllenge"}}
{"__type":"$$EventMessageConfirm","confirm":"6ce6738c-c0d0-4541-9514-4f7a685f69e9","ts":"2025-08-08T14:06:47.804-04:00","source":{"id":"0","name":"eventBus"}}
{"__type":"$$EventMessageNode","id":"36f8b31c-f34d-4659-bc17-8f9e9eb3a38f","ts":"2025-08-08T14:06:47.804-04:00","eventName":"n8n.node.started","message":"n8n.node.started","payload":{"workflowId":"ucmiLmCdrb6FRZtp","workflowName":"Daily English Chanllenge","executionId":"244","nodeType":"n8n-nodes-base.scheduleTrigger","nodeName":"Schedule Trigger","nodeId":"b8cbe0d9-a14c-4dcb-a457-0fbc84e2f208"}}
{"__type":"$$EventMessageConfirm","confirm":"36f8b31c-f34d-4659-bc17-8f9e9eb3a38f","ts":"2025-08-08T14:06:47.804-04:00","source":{"id":"0","name":"eventBus"}}
{"__type":"$$EventMessageNode","id":"2cddbd09-14ca-49a5-b150-18e170b39d7e","ts":"2025-08-08T14:06:47.804-04:00","eventName":"n8n.node.finished","message":"n8n.node.finished","payload":{"workflowId":"ucmiLmCdrb6FRZtp","workflowName":"Daily English Chanllenge","executionId":"244","nodeType":"n8n-nodes-base.scheduleTrigger","nodeName":"Schedule Trigger","nodeId":"b8cbe0d9-a14c-4dcb-a457-0fbc84e2f208"}}
{"__type":"$$EventMessageConfirm","confirm":"2cddbd09-14ca-49a5-b150-18e170b39d7e","ts":"2025-08-08T14:06:47.804-04:00","source":{"id":"0","name":"eventBus"}}
{"__type":"$$EventMessageWorkflow","id":"1f084dfe-4b08-4fb1-9b54-37525c8ef25b","ts":"2025-08-08T14:06:47.804-04:00","eventName":"n8n.workflow.success","message":"n8n.workflow.success","payload":{"executionId":"244","success":true,"isManual":false,"workflowId":"ucmiLmCdrb6FRZtp","workflowName":"Daily English Chanllenge"}}
{"__type":"$$EventMessageConfirm","confirm":"1f084dfe-4b08-4fb1-9b54-37525c8ef25b","ts":"2025-08-08T14:06:47.804-04:00","source":{"id":"0","name":"eventBus"}}
{"__type":"$$EventMessageWorkflow","id":"0a5b35bb-abb9-4432-b83e-220fe80e56f7","ts":"2025-08-08T14:11:48.824-04:00","eventName":"n8n.workflow.started","message":"n8n.workflow.started","payload":{"executionId":"245","workflowId":"ucmiLmCdrb6FRZtp","isManual":false,"workflowName":"Daily English Chanllenge"}}
{"__type":"$$EventMessageConfirm","confirm":"0a5b35bb-abb9-4432-b83e-220fe80e56f7","ts":"2025-08-08T14:11:48.824-04:00","source":{"id":"0","name":"eventBus"}}
{"__type":"$$EventMessageNode","id":"b6d3c02b-9033-48cf-a234-b575a168ebe3","ts":"2025-08-08T14:11:48.824-04:00","eventName":"n8n.node.started","message":"n8n.node.started","payload":{"workflowId":"ucmiLmCdrb6FRZtp","workflowName":"Daily English Chanllenge","executionId":"245","nodeType":"n8n-nodes-base.scheduleTrigger","nodeName":"Schedule Trigger","nodeId":"b8cbe0d9-a14c-4dcb-a457-0fbc84e2f208"}}
{"__type":"$$EventMessageConfirm","confirm":"b6d3c02b-9033-48cf-a234-b575a168ebe3","ts":"2025-08-08T14:11:48.824-04:00","source":{"id":"0","name":"eventBus"}}
{"__type":"$$EventMessageNode","id":"e15eacc4-83f5-45dd-b9cb-7496d653f5dc","ts":"2025-08-08T14:11:48.824-04:00","eventName":"n8n.node.finished","message":"n8n.node.finished","payload":{"workflowId":"ucmiLmCdrb6FRZtp","workflowName":"Daily English Chanllenge","executionId":"245","nodeType":"n8n-nodes-base.scheduleTrigger","nodeName":"Schedule Trigger","nodeId":"b8cbe0d9-a14c-4dcb-a457-0fbc84e2f208"}}
{"__type":"$$EventMessageConfirm","confirm":"e15eacc4-83f5-45dd-b9cb-7496d653f5dc","ts":"2025-08-08T14:11:48.824-04:00","source":{"id":"0","name":"eventBus"}}
{"__type":"$$EventMessageWorkflow","id":"0b6eb3ae-2c1d-4cb0-97b6-f7549af59238","ts":"2025-08-08T14:11:48.824-04:00","eventName":"n8n.workflow.success","message":"n8n.workflow.success","payload":{"executionId":"245","success":true,"isManual":false,"workflowId":"ucmiLmCdrb6FRZtp","workflowName":"Daily English Chanllenge"}}
{"__type":"$$EventMessageConfirm","confirm":"0b6eb3ae-2c1d-4cb0-97b6-f7549af59238","ts":"2025-08-08T14:11:48.824-04:00","source":{"id":"0","name":"eventBus"}}
{"__type":"$$EventMessageWorkflow","id":"e5514106-b398-4557-ab44-4948308dd960","ts":"2025-08-08T14:18:04.558-04:00","eventName":"n8n.workflow.started","message":"n8n.workflow.started","payload":{"executionId":"246","workflowId":"ucmiLmCdrb6FRZtp","isManual":false,"workflowName":"Daily English Chanllenge"}}
{"__type":"$$EventMessageConfirm","confirm":"e5514106-b398-4557-ab44-4948308dd960","ts":"2025-08-08T14:18:04.559-04:00","source":{"id":"0","name":"eventBus"}}
{"__type":"$$EventMessageNode","id":"a02d42ef-ff45-4a7b-a8ca-762b2f7dffd3","ts":"2025-08-08T14:18:04.559-04:00","eventName":"n8n.node.started","message":"n8n.node.started","payload":{"workflowId":"ucmiLmCdrb6FRZtp","workflowName":"Daily English Chanllenge","executionId":"246","nodeType":"n8n-nodes-base.scheduleTrigger","nodeName":"Schedule Trigger","nodeId":"b8cbe0d9-a14c-4dcb-a457-0fbc84e2f208"}}
{"__type":"$$EventMessageConfirm","confirm":"a02d42ef-ff45-4a7b-a8ca-762b2f7dffd3","ts":"2025-08-08T14:18:04.559-04:00","source":{"id":"0","name":"eventBus"}}
{"__type":"$$EventMessageNode","id":"1c903ad3-5a54-4157-bb8f-4a6c9b7dce1a","ts":"2025-08-08T14:18:04.559-04:00","eventName":"n8n.node.finished","message":"n8n.node.finished","payload":{"workflowId":"ucmiLmCdrb6FRZtp","workflowName":"Daily English Chanllenge","executionId":"246","nodeType":"n8n-nodes-base.scheduleTrigger","nodeName":"Schedule Trigger","nodeId":"b8cbe0d9-a14c-4dcb-a457-0fbc84e2f208"}}
{"__type":"$$EventMessageConfirm","confirm":"1c903ad3-5a54-4157-bb8f-4a6c9b7dce1a","ts":"2025-08-08T14:18:04.559-04:00","source":{"id":"0","name":"eventBus"}}
{"__type":"$$EventMessageWorkflow","id":"8d8221a9-42e6-4ff6-ab43-c7911b0c4469","ts":"2025-08-08T14:18:04.559-04:00","eventName":"n8n.workflow.success","message":"n8n.workflow.success","payload":{"executionId":"246","success":true,"isManual":false,"workflowId":"ucmiLmCdrb6FRZtp","workflowName":"Daily English Chanllenge"}}
{"__type":"$$EventMessageConfirm","confirm":"8d8221a9-42e6-4ff6-ab43-c7911b0c4469","ts":"2025-08-08T14:18:04.559-04:00","source":{"id":"0","name":"eventBus"}}
{"__type":"$$EventMessageWorkflow","id":"05a3688f-9fc5-41f0-a105-47629180ecde","ts":"2025-08-08T14:21:48.842-04:00","eventName":"n8n.workflow.started","message":"n8n.workflow.started","payload":{"executionId":"247","workflowId":"ucmiLmCdrb6FRZtp","isManual":false,"workflowName":"Daily English Chanllenge"}}
{"__type":"$$EventMessageConfirm","confirm":"05a3688f-9fc5-41f0-a105-47629180ecde","ts":"2025-08-08T14:21:48.842-04:00","source":{"id":"0","name":"eventBus"}}
{"__type":"$$EventMessageNode","id":"efe839a3-3f9c-435f-8883-8bbab190449f","ts":"2025-08-08T14:21:48.842-04:00","eventName":"n8n.node.started","message":"n8n.node.started","payload":{"workflowId":"ucmiLmCdrb6FRZtp","workflowName":"Daily English Chanllenge","executionId":"247","nodeType":"n8n-nodes-base.scheduleTrigger","nodeName":"Schedule Trigger","nodeId":"b8cbe0d9-a14c-4dcb-a457-0fbc84e2f208"}}
{"__type":"$$EventMessageConfirm","confirm":"efe839a3-3f9c-435f-8883-8bbab190449f","ts":"2025-08-08T14:21:48.842-04:00","source":{"id":"0","name":"eventBus"}}
{"__type":"$$EventMessageNode","id":"74b89ed2-d76c-4b15-8149-8e686dcd9455","ts":"2025-08-08T14:21:48.842-04:00","eventName":"n8n.node.finished","message":"n8n.node.finished","payload":{"workflowId":"ucmiLmCdrb6FRZtp","workflowName":"Daily English Chanllenge","executionId":"247","nodeType":"n8n-nodes-base.scheduleTrigger","nodeName":"Schedule Trigger","nodeId":"b8cbe0d9-a14c-4dcb-a457-0fbc84e2f208"}}
{"__type":"$$EventMessageConfirm","confirm":"74b89ed2-d76c-4b15-8149-8e686dcd9455","ts":"2025-08-08T14:21:48.842-04:00","source":{"id":"0","name":"eventBus"}}
{"__type":"$$EventMessageWorkflow","id":"b96177f1-bdc7-4f7e-8e1c-3a88e711940e","ts":"2025-08-08T14:21:48.842-04:00","eventName":"n8n.workflow.success","message":"n8n.workflow.success","payload":{"executionId":"247","success":true,"isManual":false,"workflowId":"ucmiLmCdrb6FRZtp","workflowName":"Daily English Chanllenge"}}
{"__type":"$$EventMessageConfirm","confirm":"b96177f1-bdc7-4f7e-8e1c-3a88e711940e","ts":"2025-08-08T14:21:48.842-04:00","source":{"id":"0","name":"eventBus"}}
{"__type":"$$EventMessageWorkflow","id":"6abdee66-be8e-46d6-9190-4ddb1c425a51","ts":"2025-08-08T14:26:47.724-04:00","eventName":"n8n.workflow.started","message":"n8n.workflow.started","payload":{"executionId":"248","workflowId":"ucmiLmCdrb6FRZtp","isManual":false,"workflowName":"Daily English Chanllenge"}}
{"__type":"$$EventMessageConfirm","confirm":"6abdee66-be8e-46d6-9190-4ddb1c425a51","ts":"2025-08-08T14:26:47.724-04:00","source":{"id":"0","name":"eventBus"}}
{"__type":"$$EventMessageNode","id":"b149d4ad-ea55-429a-8b7f-7fded2bed4e8","ts":"2025-08-08T14:26:47.724-04:00","eventName":"n8n.node.started","message":"n8n.node.started","payload":{"workflowId":"ucmiLmCdrb6FRZtp","workflowName":"Daily English Chanllenge","executionId":"248","nodeType":"n8n-nodes-base.scheduleTrigger","nodeName":"Schedule Trigger","nodeId":"b8cbe0d9-a14c-4dcb-a457-0fbc84e2f208"}}
{"__type":"$$EventMessageConfirm","confirm":"b149d4ad-ea55-429a-8b7f-7fded2bed4e8","ts":"2025-08-08T14:26:47.724-04:00","source":{"id":"0","name":"eventBus"}}
{"__type":"$$EventMessageNode","id":"fe9fac35-8606-485e-8bed-d4e093d73d78","ts":"2025-08-08T14:26:47.724-04:00","eventName":"n8n.node.finished","message":"n8n.node.finished","payload":{"workflowId":"ucmiLmCdrb6FRZtp","workflowName":"Daily English Chanllenge","executionId":"248","nodeType":"n8n-nodes-base.scheduleTrigger","nodeName":"Schedule Trigger","nodeId":"b8cbe0d9-a14c-4dcb-a457-0fbc84e2f208"}}
{"__type":"$$EventMessageConfirm","confirm":"fe9fac35-8606-485e-8bed-d4e093d73d78","ts":"2025-08-08T14:26:47.724-04:00","source":{"id":"0","name":"eventBus"}}
{"__type":"$$EventMessageWorkflow","id":"3825902b-f0b6-42af-991a-62975cad88b8","ts":"2025-08-08T14:26:47.724-04:00","eventName":"n8n.workflow.success","message":"n8n.workflow.success","payload":{"executionId":"248","success":true,"isManual":false,"workflowId":"ucmiLmCdrb6FRZtp","workflowName":"Daily English Chanllenge"}}
{"__type":"$$EventMessageConfirm","confirm":"3825902b-f0b6-42af-991a-62975cad88b8","ts":"2025-08-08T14:26:47.725-04:00","source":{"id":"0","name":"eventBus"}}
{"__type":"$$EventMessageWorkflow","id":"92053d05-ded8-4e47-9db0-6635b6ebc485","ts":"2025-08-08T14:33:05.908-04:00","eventName":"n8n.workflow.started","message":"n8n.workflow.started","payload":{"executionId":"249","workflowId":"ucmiLmCdrb6FRZtp","isManual":false,"workflowName":"Daily English Chanllenge"}}
{"__type":"$$EventMessageConfirm","confirm":"92053d05-ded8-4e47-9db0-6635b6ebc485","ts":"2025-08-08T14:33:05.908-04:00","source":{"id":"0","name":"eventBus"}}
{"__type":"$$EventMessageNode","id":"e371f9d2-066a-4c50-aa47-b5ecc21b0e2f","ts":"2025-08-08T14:33:05.908-04:00","eventName":"n8n.node.started","message":"n8n.node.started","payload":{"workflowId":"ucmiLmCdrb6FRZtp","workflowName":"Daily English Chanllenge","executionId":"249","nodeType":"n8n-nodes-base.scheduleTrigger","nodeName":"Schedule Trigger","nodeId":"b8cbe0d9-a14c-4dcb-a457-0fbc84e2f208"}}
{"__type":"$$EventMessageConfirm","confirm":"e371f9d2-066a-4c50-aa47-b5ecc21b0e2f","ts":"2025-08-08T14:33:05.908-04:00","source":{"id":"0","name":"eventBus"}}
{"__type":"$$EventMessageNode","id":"c6203a05-fffb-4c54-8bda-38be9d290a72","ts":"2025-08-08T14:33:05.908-04:00","eventName":"n8n.node.finished","message":"n8n.node.finished","payload":{"workflowId":"ucmiLmCdrb6FRZtp","workflowName":"Daily English Chanllenge","executionId":"249","nodeType":"n8n-nodes-base.scheduleTrigger","nodeName":"Schedule Trigger","nodeId":"b8cbe0d9-a14c-4dcb-a457-0fbc84e2f208"}}
{"__type":"$$EventMessageConfirm","confirm":"c6203a05-fffb-4c54-8bda-38be9d290a72","ts":"2025-08-08T14:33:05.908-04:00","source":{"id":"0","name":"eventBus"}}
{"__type":"$$EventMessageWorkflow","id":"c3bb0398-48e5-4853-9502-60552b114f5e","ts":"2025-08-08T14:33:05.908-04:00","eventName":"n8n.workflow.success","message":"n8n.workflow.success","payload":{"executionId":"249","success":true,"isManual":false,"workflowId":"ucmiLmCdrb6FRZtp","workflowName":"Daily English Chanllenge"}}
{"__type":"$$EventMessageConfirm","confirm":"c3bb0398-48e5-4853-9502-60552b114f5e","ts":"2025-08-08T14:33:05.908-04:00","source":{"id":"0","name":"eventBus"}}
{"__type":"$$EventMessageWorkflow","id":"2a9d16da-3bbf-43d4-abd0-19ce291b6d8b","ts":"2025-08-08T14:36:47.997-04:00","eventName":"n8n.workflow.started","message":"n8n.workflow.started","payload":{"executionId":"250","workflowId":"ucmiLmCdrb6FRZtp","isManual":false,"workflowName":"Daily English Chanllenge"}}
{"__type":"$$EventMessageConfirm","confirm":"2a9d16da-3bbf-43d4-abd0-19ce291b6d8b","ts":"2025-08-08T14:36:47.998-04:00","source":{"id":"0","name":"eventBus"}}
{"__type":"$$EventMessageNode","id":"0869627d-7dc0-47ef-ab52-920719dbe5b0","ts":"2025-08-08T14:36:47.998-04:00","eventName":"n8n.node.started","message":"n8n.node.started","payload":{"workflowId":"ucmiLmCdrb6FRZtp","workflowName":"Daily English Chanllenge","executionId":"250","nodeType":"n8n-nodes-base.scheduleTrigger","nodeName":"Schedule Trigger","nodeId":"b8cbe0d9-a14c-4dcb-a457-0fbc84e2f208"}}
{"__type":"$$EventMessageConfirm","confirm":"0869627d-7dc0-47ef-ab52-920719dbe5b0","ts":"2025-08-08T14:36:47.998-04:00","source":{"id":"0","name":"eventBus"}}
{"__type":"$$EventMessageNode","id":"d8e343b7-49a3-43ec-8e2a-a76c2c874f36","ts":"2025-08-08T14:36:47.998-04:00","eventName":"n8n.node.finished","message":"n8n.node.finished","payload":{"workflowId":"ucmiLmCdrb6FRZtp","workflowName":"Daily English Chanllenge","executionId":"250","nodeType":"n8n-nodes-base.scheduleTrigger","nodeName":"Schedule Trigger","nodeId":"b8cbe0d9-a14c-4dcb-a457-0fbc84e2f208"}}
{"__type":"$$EventMessageConfirm","confirm":"d8e343b7-49a3-43ec-8e2a-a76c2c874f36","ts":"2025-08-08T14:36:47.998-04:00","source":{"id":"0","name":"eventBus"}}
{"__type":"$$EventMessageWorkflow","id":"a353ade2-43d4-46e3-ba41-232a2c02b16a","ts":"2025-08-08T14:36:47.998-04:00","eventName":"n8n.workflow.success","message":"n8n.workflow.success","payload":{"executionId":"250","success":true,"isManual":false,"workflowId":"ucmiLmCdrb6FRZtp","workflowName":"Daily English Chanllenge"}}
{"__type":"$$EventMessageConfirm","confirm":"a353ade2-43d4-46e3-ba41-232a2c02b16a","ts":"2025-08-08T14:36:47.998-04:00","source":{"id":"0","name":"eventBus"}}
{"__type":"$$EventMessageWorkflow","id":"1fbf40e0-050d-44bb-a2a2-8bffe2854a28","ts":"2025-08-08T14:41:47.877-04:00","eventName":"n8n.workflow.started","message":"n8n.workflow.started","payload":{"executionId":"251","workflowId":"ucmiLmCdrb6FRZtp","isManual":false,"workflowName":"Daily English Chanllenge"}}
{"__type":"$$EventMessageConfirm","confirm":"1fbf40e0-050d-44bb-a2a2-8bffe2854a28","ts":"2025-08-08T14:41:47.877-04:00","source":{"id":"0","name":"eventBus"}}
{"__type":"$$EventMessageNode","id":"8d15faad-1d82-485a-af81-fb500ae6d39c","ts":"2025-08-08T14:41:47.877-04:00","eventName":"n8n.node.started","message":"n8n.node.started","payload":{"workflowId":"ucmiLmCdrb6FRZtp","workflowName":"Daily English Chanllenge","executionId":"251","nodeType":"n8n-nodes-base.scheduleTrigger","nodeName":"Schedule Trigger","nodeId":"b8cbe0d9-a14c-4dcb-a457-0fbc84e2f208"}}
{"__type":"$$EventMessageConfirm","confirm":"8d15faad-1d82-485a-af81-fb500ae6d39c","ts":"2025-08-08T14:41:47.877-04:00","source":{"id":"0","name":"eventBus"}}
{"__type":"$$EventMessageNode","id":"904d35aa-37ae-4d9f-b627-b6c7d0ff8d06","ts":"2025-08-08T14:41:47.878-04:00","eventName":"n8n.node.finished","message":"n8n.node.finished","payload":{"workflowId":"ucmiLmCdrb6FRZtp","workflowName":"Daily English Chanllenge","executionId":"251","nodeType":"n8n-nodes-base.scheduleTrigger","nodeName":"Schedule Trigger","nodeId":"b8cbe0d9-a14c-4dcb-a457-0fbc84e2f208"}}
{"__type":"$$EventMessageConfirm","confirm":"904d35aa-37ae-4d9f-b627-b6c7d0ff8d06","ts":"2025-08-08T14:41:47.878-04:00","source":{"id":"0","name":"eventBus"}}
{"__type":"$$EventMessageWorkflow","id":"5966cb1f-3b5d-4351-9764-912c5eac6883","ts":"2025-08-08T14:41:47.878-04:00","eventName":"n8n.workflow.success","message":"n8n.workflow.success","payload":{"executionId":"251","success":true,"isManual":false,"workflowId":"ucmiLmCdrb6FRZtp","workflowName":"Daily English Chanllenge"}}
{"__type":"$$EventMessageConfirm","confirm":"5966cb1f-3b5d-4351-9764-912c5eac6883","ts":"2025-08-08T14:41:47.878-04:00","source":{"id":"0","name":"eventBus"}}
{"__type":"$$EventMessageWorkflow","id":"a5ff5ee1-0ad6-4554-bf34-f4744974b6c5","ts":"2025-08-08T14:48:04.174-04:00","eventName":"n8n.workflow.started","message":"n8n.workflow.started","payload":{"executionId":"252","workflowId":"ucmiLmCdrb6FRZtp","isManual":false,"workflowName":"Daily English Chanllenge"}}
{"__type":"$$EventMessageConfirm","confirm":"a5ff5ee1-0ad6-4554-bf34-f4744974b6c5","ts":"2025-08-08T14:48:04.174-04:00","source":{"id":"0","name":"eventBus"}}
{"__type":"$$EventMessageNode","id":"914a381a-9c93-44fc-8cb6-ef4a30292f11","ts":"2025-08-08T14:48:04.174-04:00","eventName":"n8n.node.started","message":"n8n.node.started","payload":{"workflowId":"ucmiLmCdrb6FRZtp","workflowName":"Daily English Chanllenge","executionId":"252","nodeType":"n8n-nodes-base.scheduleTrigger","nodeName":"Schedule Trigger","nodeId":"b8cbe0d9-a14c-4dcb-a457-0fbc84e2f208"}}
{"__type":"$$EventMessageConfirm","confirm":"914a381a-9c93-44fc-8cb6-ef4a30292f11","ts":"2025-08-08T14:48:04.174-04:00","source":{"id":"0","name":"eventBus"}}
{"__type":"$$EventMessageNode","id":"42f6bfc3-6f61-41c2-a02a-f0d0b563c4a3","ts":"2025-08-08T14:48:04.174-04:00","eventName":"n8n.node.finished","message":"n8n.node.finished","payload":{"workflowId":"ucmiLmCdrb6FRZtp","workflowName":"Daily English Chanllenge","executionId":"252","nodeType":"n8n-nodes-base.scheduleTrigger","nodeName":"Schedule Trigger","nodeId":"b8cbe0d9-a14c-4dcb-a457-0fbc84e2f208"}}
{"__type":"$$EventMessageConfirm","confirm":"42f6bfc3-6f61-41c2-a02a-f0d0b563c4a3","ts":"2025-08-08T14:48:04.175-04:00","source":{"id":"0","name":"eventBus"}}
{"__type":"$$EventMessageWorkflow","id":"6db16770-c0a1-4469-9c65-ff5ca1e46c64","ts":"2025-08-08T14:48:04.175-04:00","eventName":"n8n.workflow.success","message":"n8n.workflow.success","payload":{"executionId":"252","success":true,"isManual":false,"workflowId":"ucmiLmCdrb6FRZtp","workflowName":"Daily English Chanllenge"}}
{"__type":"$$EventMessageConfirm","confirm":"6db16770-c0a1-4469-9c65-ff5ca1e46c64","ts":"2025-08-08T14:48:04.175-04:00","source":{"id":"0","name":"eventBus"}}
{"__type":"$$EventMessageWorkflow","id":"23c7ac77-dccc-4cad-aa88-8d0c507e9e4c","ts":"2025-08-08T14:51:47.145-04:00","eventName":"n8n.workflow.started","message":"n8n.workflow.started","payload":{"executionId":"253","workflowId":"ucmiLmCdrb6FRZtp","isManual":false,"workflowName":"Daily English Chanllenge"}}
{"__type":"$$EventMessageConfirm","confirm":"23c7ac77-dccc-4cad-aa88-8d0c507e9e4c","ts":"2025-08-08T14:51:47.145-04:00","source":{"id":"0","name":"eventBus"}}
{"__type":"$$EventMessageNode","id":"3c40fda4-31af-46c5-8809-6704ee00e391","ts":"2025-08-08T14:51:47.145-04:00","eventName":"n8n.node.started","message":"n8n.node.started","payload":{"workflowId":"ucmiLmCdrb6FRZtp","workflowName":"Daily English Chanllenge","executionId":"253","nodeType":"n8n-nodes-base.scheduleTrigger","nodeName":"Schedule Trigger","nodeId":"b8cbe0d9-a14c-4dcb-a457-0fbc84e2f208"}}
{"__type":"$$EventMessageConfirm","confirm":"3c40fda4-31af-46c5-8809-6704ee00e391","ts":"2025-08-08T14:51:47.145-04:00","source":{"id":"0","name":"eventBus"}}
{"__type":"$$EventMessageNode","id":"f49566ec-88b1-40f9-9533-c7267a5e31c8","ts":"2025-08-08T14:51:47.146-04:00","eventName":"n8n.node.finished","message":"n8n.node.finished","payload":{"workflowId":"ucmiLmCdrb6FRZtp","workflowName":"Daily English Chanllenge","executionId":"253","nodeType":"n8n-nodes-base.scheduleTrigger","nodeName":"Schedule Trigger","nodeId":"b8cbe0d9-a14c-4dcb-a457-0fbc84e2f208"}}
{"__type":"$$EventMessageConfirm","confirm":"f49566ec-88b1-40f9-9533-c7267a5e31c8","ts":"2025-08-08T14:51:47.146-04:00","source":{"id":"0","name":"eventBus"}}
{"__type":"$$EventMessageWorkflow","id":"8856ae1c-c88d-4fad-97d3-50c0db652433","ts":"2025-08-08T14:51:47.146-04:00","eventName":"n8n.workflow.success","message":"n8n.workflow.success","payload":{"executionId":"253","success":true,"isManual":false,"workflowId":"ucmiLmCdrb6FRZtp","workflowName":"Daily English Chanllenge"}}
{"__type":"$$EventMessageConfirm","confirm":"8856ae1c-c88d-4fad-97d3-50c0db652433","ts":"2025-08-08T14:51:47.146-04:00","source":{"id":"0","name":"eventBus"}}
{"__type":"$$EventMessageWorkflow","id":"0d3bd083-2778-435a-bd36-8b582c7099bf","ts":"2025-08-08T14:56:48.710-04:00","eventName":"n8n.workflow.started","message":"n8n.workflow.started","payload":{"executionId":"254","workflowId":"ucmiLmCdrb6FRZtp","isManual":false,"workflowName":"Daily English Chanllenge"}}
{"__type":"$$EventMessageConfirm","confirm":"0d3bd083-2778-435a-bd36-8b582c7099bf","ts":"2025-08-08T14:56:48.710-04:00","source":{"id":"0","name":"eventBus"}}
{"__type":"$$EventMessageNode","id":"fc00f485-a417-4c9f-aafc-fc181285d29f","ts":"2025-08-08T14:56:48.710-04:00","eventName":"n8n.node.started","message":"n8n.node.started","payload":{"workflowId":"ucmiLmCdrb6FRZtp","workflowName":"Daily English Chanllenge","executionId":"254","nodeType":"n8n-nodes-base.scheduleTrigger","nodeName":"Schedule Trigger","nodeId":"b8cbe0d9-a14c-4dcb-a457-0fbc84e2f208"}}
{"__type":"$$EventMessageConfirm","confirm":"fc00f485-a417-4c9f-aafc-fc181285d29f","ts":"2025-08-08T14:56:48.710-04:00","source":{"id":"0","name":"eventBus"}}
{"__type":"$$EventMessageNode","id":"ff072afd-7387-426f-8339-593de78cb4f9","ts":"2025-08-08T14:56:48.710-04:00","eventName":"n8n.node.finished","message":"n8n.node.finished","payload":{"workflowId":"ucmiLmCdrb6FRZtp","workflowName":"Daily English Chanllenge","executionId":"254","nodeType":"n8n-nodes-base.scheduleTrigger","nodeName":"Schedule Trigger","nodeId":"b8cbe0d9-a14c-4dcb-a457-0fbc84e2f208"}}
{"__type":"$$EventMessageConfirm","confirm":"ff072afd-7387-426f-8339-593de78cb4f9","ts":"2025-08-08T14:56:48.710-04:00","source":{"id":"0","name":"eventBus"}}
{"__type":"$$EventMessageWorkflow","id":"51b945cc-d13a-49a1-b724-032b762ee676","ts":"2025-08-08T14:56:48.710-04:00","eventName":"n8n.workflow.success","message":"n8n.workflow.success","payload":{"executionId":"254","success":true,"isManual":false,"workflowId":"ucmiLmCdrb6FRZtp","workflowName":"Daily English Chanllenge"}}
{"__type":"$$EventMessageConfirm","confirm":"51b945cc-d13a-49a1-b724-032b762ee676","ts":"2025-08-08T14:56:48.710-04:00","source":{"id":"0","name":"eventBus"}}
{"__type":"$$EventMessageWorkflow","id":"ae6d2377-95a3-4b88-8466-30061447a3be","ts":"2025-08-08T15:03:04.549-04:00","eventName":"n8n.workflow.started","message":"n8n.workflow.started","payload":{"executionId":"255","workflowId":"ucmiLmCdrb6FRZtp","isManual":false,"workflowName":"Daily English Chanllenge"}}
{"__type":"$$EventMessageConfirm","confirm":"ae6d2377-95a3-4b88-8466-30061447a3be","ts":"2025-08-08T15:03:04.550-04:00","source":{"id":"0","name":"eventBus"}}
{"__type":"$$EventMessageNode","id":"69dce3aa-840c-40da-ba1a-0a85269dd02b","ts":"2025-08-08T15:03:04.550-04:00","eventName":"n8n.node.started","message":"n8n.node.started","payload":{"workflowId":"ucmiLmCdrb6FRZtp","workflowName":"Daily English Chanllenge","executionId":"255","nodeType":"n8n-nodes-base.scheduleTrigger","nodeName":"Schedule Trigger","nodeId":"b8cbe0d9-a14c-4dcb-a457-0fbc84e2f208"}}
{"__type":"$$EventMessageConfirm","confirm":"69dce3aa-840c-40da-ba1a-0a85269dd02b","ts":"2025-08-08T15:03:04.550-04:00","source":{"id":"0","name":"eventBus"}}
{"__type":"$$EventMessageNode","id":"5ad3cdc8-7b0c-4dd1-84de-9977baddb01e","ts":"2025-08-08T15:03:04.550-04:00","eventName":"n8n.node.finished","message":"n8n.node.finished","payload":{"workflowId":"ucmiLmCdrb6FRZtp","workflowName":"Daily English Chanllenge","executionId":"255","nodeType":"n8n-nodes-base.scheduleTrigger","nodeName":"Schedule Trigger","nodeId":"b8cbe0d9-a14c-4dcb-a457-0fbc84e2f208"}}
{"__type":"$$EventMessageConfirm","confirm":"5ad3cdc8-7b0c-4dd1-84de-9977baddb01e","ts":"2025-08-08T15:03:04.550-04:00","source":{"id":"0","name":"eventBus"}}
{"__type":"$$EventMessageWorkflow","id":"fa91d201-7e23-49ed-b079-d4e21984c64c","ts":"2025-08-08T15:03:04.550-04:00","eventName":"n8n.workflow.success","message":"n8n.workflow.success","payload":{"executionId":"255","success":true,"isManual":false,"workflowId":"ucmiLmCdrb6FRZtp","workflowName":"Daily English Chanllenge"}}
{"__type":"$$EventMessageConfirm","confirm":"fa91d201-7e23-49ed-b079-d4e21984c64c","ts":"2025-08-08T15:03:04.550-04:00","source":{"id":"0","name":"eventBus"}}
{"__type":"$$EventMessageWorkflow","id":"e37781a3-3af4-4dac-b871-7ddc146c302b","ts":"2025-08-08T15:06:48.714-04:00","eventName":"n8n.workflow.started","message":"n8n.workflow.started","payload":{"executionId":"256","workflowId":"ucmiLmCdrb6FRZtp","isManual":false,"workflowName":"Daily English Chanllenge"}}
{"__type":"$$EventMessageConfirm","confirm":"e37781a3-3af4-4dac-b871-7ddc146c302b","ts":"2025-08-08T15:06:48.714-04:00","source":{"id":"0","name":"eventBus"}}
{"__type":"$$EventMessageNode","id":"39034ead-540c-412d-8330-2607c046abef","ts":"2025-08-08T15:06:48.714-04:00","eventName":"n8n.node.started","message":"n8n.node.started","payload":{"workflowId":"ucmiLmCdrb6FRZtp","workflowName":"Daily English Chanllenge","executionId":"256","nodeType":"n8n-nodes-base.scheduleTrigger","nodeName":"Schedule Trigger","nodeId":"b8cbe0d9-a14c-4dcb-a457-0fbc84e2f208"}}
{"__type":"$$EventMessageConfirm","confirm":"39034ead-540c-412d-8330-2607c046abef","ts":"2025-08-08T15:06:48.714-04:00","source":{"id":"0","name":"eventBus"}}
{"__type":"$$EventMessageNode","id":"d03b3f63-ad6f-47eb-a23a-fec89acfa71e","ts":"2025-08-08T15:06:48.715-04:00","eventName":"n8n.node.finished","message":"n8n.node.finished","payload":{"workflowId":"ucmiLmCdrb6FRZtp","workflowName":"Daily English Chanllenge","executionId":"256","nodeType":"n8n-nodes-base.scheduleTrigger","nodeName":"Schedule Trigger","nodeId":"b8cbe0d9-a14c-4dcb-a457-0fbc84e2f208"}}
{"__type":"$$EventMessageConfirm","confirm":"d03b3f63-ad6f-47eb-a23a-fec89acfa71e","ts":"2025-08-08T15:06:48.715-04:00","source":{"id":"0","name":"eventBus"}}
{"__type":"$$EventMessageWorkflow","id":"64186fa7-9831-46a7-94c4-e6c4602fe250","ts":"2025-08-08T15:06:48.715-04:00","eventName":"n8n.workflow.success","message":"n8n.workflow.success","payload":{"executionId":"256","success":true,"isManual":false,"workflowId":"ucmiLmCdrb6FRZtp","workflowName":"Daily English Chanllenge"}}
{"__type":"$$EventMessageConfirm","confirm":"64186fa7-9831-46a7-94c4-e6c4602fe250","ts":"2025-08-08T15:06:48.715-04:00","source":{"id":"0","name":"eventBus"}}
{"__type":"$$EventMessageWorkflow","id":"e154c3d2-b448-449e-848e-69d66d94ea3f","ts":"2025-08-08T15:11:48.188-04:00","eventName":"n8n.workflow.started","message":"n8n.workflow.started","payload":{"executionId":"257","workflowId":"ucmiLmCdrb6FRZtp","isManual":false,"workflowName":"Daily English Chanllenge"}}
{"__type":"$$EventMessageConfirm","confirm":"e154c3d2-b448-449e-848e-69d66d94ea3f","ts":"2025-08-08T15:11:48.189-04:00","source":{"id":"0","name":"eventBus"}}
{"__type":"$$EventMessageNode","id":"4cbf7894-2f21-4cf6-a559-7d9a01f063c2","ts":"2025-08-08T15:11:48.189-04:00","eventName":"n8n.node.started","message":"n8n.node.started","payload":{"workflowId":"ucmiLmCdrb6FRZtp","workflowName":"Daily English Chanllenge","executionId":"257","nodeType":"n8n-nodes-base.scheduleTrigger","nodeName":"Schedule Trigger","nodeId":"b8cbe0d9-a14c-4dcb-a457-0fbc84e2f208"}}
{"__type":"$$EventMessageConfirm","confirm":"4cbf7894-2f21-4cf6-a559-7d9a01f063c2","ts":"2025-08-08T15:11:48.189-04:00","source":{"id":"0","name":"eventBus"}}
{"__type":"$$EventMessageNode","id":"2461a4d0-37c4-42f0-bffe-8037390c060e","ts":"2025-08-08T15:11:48.189-04:00","eventName":"n8n.node.finished","message":"n8n.node.finished","payload":{"workflowId":"ucmiLmCdrb6FRZtp","workflowName":"Daily English Chanllenge","executionId":"257","nodeType":"n8n-nodes-base.scheduleTrigger","nodeName":"Schedule Trigger","nodeId":"b8cbe0d9-a14c-4dcb-a457-0fbc84e2f208"}}
{"__type":"$$EventMessageConfirm","confirm":"2461a4d0-37c4-42f0-bffe-8037390c060e","ts":"2025-08-08T15:11:48.189-04:00","source":{"id":"0","name":"eventBus"}}
{"__type":"$$EventMessageWorkflow","id":"16516f55-071d-4aeb-8f0e-141087dd4810","ts":"2025-08-08T15:11:48.189-04:00","eventName":"n8n.workflow.success","message":"n8n.workflow.success","payload":{"executionId":"257","success":true,"isManual":false,"workflowId":"ucmiLmCdrb6FRZtp","workflowName":"Daily English Chanllenge"}}
{"__type":"$$EventMessageConfirm","confirm":"16516f55-071d-4aeb-8f0e-141087dd4810","ts":"2025-08-08T15:11:48.189-04:00","source":{"id":"0","name":"eventBus"}}
{"__type":"$$EventMessageWorkflow","id":"b472cdc5-1da7-4020-8820-f209c74e9d30","ts":"2025-08-08T15:18:05.421-04:00","eventName":"n8n.workflow.started","message":"n8n.workflow.started","payload":{"executionId":"258","workflowId":"ucmiLmCdrb6FRZtp","isManual":false,"workflowName":"Daily English Chanllenge"}}
{"__type":"$$EventMessageConfirm","confirm":"b472cdc5-1da7-4020-8820-f209c74e9d30","ts":"2025-08-08T15:18:05.421-04:00","source":{"id":"0","name":"eventBus"}}
{"__type":"$$EventMessageNode","id":"1c8f99e5-c457-4eba-9a8e-8d1cbe2459e5","ts":"2025-08-08T15:18:05.421-04:00","eventName":"n8n.node.started","message":"n8n.node.started","payload":{"workflowId":"ucmiLmCdrb6FRZtp","workflowName":"Daily English Chanllenge","executionId":"258","nodeType":"n8n-nodes-base.scheduleTrigger","nodeName":"Schedule Trigger","nodeId":"b8cbe0d9-a14c-4dcb-a457-0fbc84e2f208"}}
{"__type":"$$EventMessageConfirm","confirm":"1c8f99e5-c457-4eba-9a8e-8d1cbe2459e5","ts":"2025-08-08T15:18:05.421-04:00","source":{"id":"0","name":"eventBus"}}
{"__type":"$$EventMessageNode","id":"3d05a655-bcec-4015-8b4b-4c49efd7ebc6","ts":"2025-08-08T15:18:05.421-04:00","eventName":"n8n.node.finished","message":"n8n.node.finished","payload":{"workflowId":"ucmiLmCdrb6FRZtp","workflowName":"Daily English Chanllenge","executionId":"258","nodeType":"n8n-nodes-base.scheduleTrigger","nodeName":"Schedule Trigger","nodeId":"b8cbe0d9-a14c-4dcb-a457-0fbc84e2f208"}}
{"__type":"$$EventMessageConfirm","confirm":"3d05a655-bcec-4015-8b4b-4c49efd7ebc6","ts":"2025-08-08T15:18:05.421-04:00","source":{"id":"0","name":"eventBus"}}
{"__type":"$$EventMessageWorkflow","id":"13e99181-edac-47c7-a4fe-73211b2820af","ts":"2025-08-08T15:18:05.421-04:00","eventName":"n8n.workflow.success","message":"n8n.workflow.success","payload":{"executionId":"258","success":true,"isManual":false,"workflowId":"ucmiLmCdrb6FRZtp","workflowName":"Daily English Chanllenge"}}
{"__type":"$$EventMessageConfirm","confirm":"13e99181-edac-47c7-a4fe-73211b2820af","ts":"2025-08-08T15:18:05.422-04:00","source":{"id":"0","name":"eventBus"}}
{"__type":"$$EventMessageWorkflow","id":"e8fa98c6-7402-48c6-85be-ab8b1476e194","ts":"2025-08-08T15:21:48.850-04:00","eventName":"n8n.workflow.started","message":"n8n.workflow.started","payload":{"executionId":"259","workflowId":"ucmiLmCdrb6FRZtp","isManual":false,"workflowName":"Daily English Chanllenge"}}
{"__type":"$$EventMessageConfirm","confirm":"e8fa98c6-7402-48c6-85be-ab8b1476e194","ts":"2025-08-08T15:21:48.850-04:00","source":{"id":"0","name":"eventBus"}}
{"__type":"$$EventMessageNode","id":"232038a8-40a7-485e-8865-278c67361806","ts":"2025-08-08T15:21:48.850-04:00","eventName":"n8n.node.started","message":"n8n.node.started","payload":{"workflowId":"ucmiLmCdrb6FRZtp","workflowName":"Daily English Chanllenge","executionId":"259","nodeType":"n8n-nodes-base.scheduleTrigger","nodeName":"Schedule Trigger","nodeId":"b8cbe0d9-a14c-4dcb-a457-0fbc84e2f208"}}
{"__type":"$$EventMessageConfirm","confirm":"232038a8-40a7-485e-8865-278c67361806","ts":"2025-08-08T15:21:48.851-04:00","source":{"id":"0","name":"eventBus"}}
{"__type":"$$EventMessageNode","id":"32dadf25-f0a7-412e-b9f0-2447cbe4ab3c","ts":"2025-08-08T15:21:48.851-04:00","eventName":"n8n.node.finished","message":"n8n.node.finished","payload":{"workflowId":"ucmiLmCdrb6FRZtp","workflowName":"Daily English Chanllenge","executionId":"259","nodeType":"n8n-nodes-base.scheduleTrigger","nodeName":"Schedule Trigger","nodeId":"b8cbe0d9-a14c-4dcb-a457-0fbc84e2f208"}}
{"__type":"$$EventMessageConfirm","confirm":"32dadf25-f0a7-412e-b9f0-2447cbe4ab3c","ts":"2025-08-08T15:21:48.851-04:00","source":{"id":"0","name":"eventBus"}}
{"__type":"$$EventMessageWorkflow","id":"7feabacb-1da0-48d3-ae9f-fc27e1992b5f","ts":"2025-08-08T15:21:48.851-04:00","eventName":"n8n.workflow.success","message":"n8n.workflow.success","payload":{"executionId":"259","success":true,"isManual":false,"workflowId":"ucmiLmCdrb6FRZtp","workflowName":"Daily English Chanllenge"}}
{"__type":"$$EventMessageConfirm","confirm":"7feabacb-1da0-48d3-ae9f-fc27e1992b5f","ts":"2025-08-08T15:21:48.851-04:00","source":{"id":"0","name":"eventBus"}}
{"__type":"$$EventMessageWorkflow","id":"bfcc515d-518d-4ac0-8ceb-4d46d5aa64ac","ts":"2025-08-08T15:26:46.962-04:00","eventName":"n8n.workflow.started","message":"n8n.workflow.started","payload":{"executionId":"260","workflowId":"ucmiLmCdrb6FRZtp","isManual":false,"workflowName":"Daily English Chanllenge"}}
{"__type":"$$EventMessageConfirm","confirm":"bfcc515d-518d-4ac0-8ceb-4d46d5aa64ac","ts":"2025-08-08T15:26:46.962-04:00","source":{"id":"0","name":"eventBus"}}
{"__type":"$$EventMessageNode","id":"564016c2-265e-4ed3-8d64-417113934703","ts":"2025-08-08T15:26:46.963-04:00","eventName":"n8n.node.started","message":"n8n.node.started","payload":{"workflowId":"ucmiLmCdrb6FRZtp","workflowName":"Daily English Chanllenge","executionId":"260","nodeType":"n8n-nodes-base.scheduleTrigger","nodeName":"Schedule Trigger","nodeId":"b8cbe0d9-a14c-4dcb-a457-0fbc84e2f208"}}
{"__type":"$$EventMessageConfirm","confirm":"564016c2-265e-4ed3-8d64-417113934703","ts":"2025-08-08T15:26:46.963-04:00","source":{"id":"0","name":"eventBus"}}
{"__type":"$$EventMessageNode","id":"f0923cc0-6d58-4f29-9e66-8db402f1f507","ts":"2025-08-08T15:26:46.963-04:00","eventName":"n8n.node.finished","message":"n8n.node.finished","payload":{"workflowId":"ucmiLmCdrb6FRZtp","workflowName":"Daily English Chanllenge","executionId":"260","nodeType":"n8n-nodes-base.scheduleTrigger","nodeName":"Schedule Trigger","nodeId":"b8cbe0d9-a14c-4dcb-a457-0fbc84e2f208"}}
{"__type":"$$EventMessageConfirm","confirm":"f0923cc0-6d58-4f29-9e66-8db402f1f507","ts":"2025-08-08T15:26:46.963-04:00","source":{"id":"0","name":"eventBus"}}
{"__type":"$$EventMessageWorkflow","id":"d47cd6b3-969b-4abf-9348-415abc6acf8c","ts":"2025-08-08T15:26:46.963-04:00","eventName":"n8n.workflow.success","message":"n8n.workflow.success","payload":{"executionId":"260","success":true,"isManual":false,"workflowId":"ucmiLmCdrb6FRZtp","workflowName":"Daily English Chanllenge"}}
{"__type":"$$EventMessageConfirm","confirm":"d47cd6b3-969b-4abf-9348-415abc6acf8c","ts":"2025-08-08T15:26:46.963-04:00","source":{"id":"0","name":"eventBus"}}
{"__type":"$$EventMessageWorkflow","id":"9d707eef-4059-4653-b463-ea7026342287","ts":"2025-08-08T15:33:05.704-04:00","eventName":"n8n.workflow.started","message":"n8n.workflow.started","payload":{"executionId":"261","workflowId":"ucmiLmCdrb6FRZtp","isManual":false,"workflowName":"Daily English Chanllenge"}}
{"__type":"$$EventMessageConfirm","confirm":"9d707eef-4059-4653-b463-ea7026342287","ts":"2025-08-08T15:33:05.704-04:00","source":{"id":"0","name":"eventBus"}}
{"__type":"$$EventMessageNode","id":"3ae6cf51-1e2c-40e7-b2a4-fd0c26f93159","ts":"2025-08-08T15:33:05.704-04:00","eventName":"n8n.node.started","message":"n8n.node.started","payload":{"workflowId":"ucmiLmCdrb6FRZtp","workflowName":"Daily English Chanllenge","executionId":"261","nodeType":"n8n-nodes-base.scheduleTrigger","nodeName":"Schedule Trigger","nodeId":"b8cbe0d9-a14c-4dcb-a457-0fbc84e2f208"}}
{"__type":"$$EventMessageConfirm","confirm":"3ae6cf51-1e2c-40e7-b2a4-fd0c26f93159","ts":"2025-08-08T15:33:05.704-04:00","source":{"id":"0","name":"eventBus"}}
{"__type":"$$EventMessageNode","id":"7474c9bf-69ec-4759-910a-6eabd025fb61","ts":"2025-08-08T15:33:05.704-04:00","eventName":"n8n.node.finished","message":"n8n.node.finished","payload":{"workflowId":"ucmiLmCdrb6FRZtp","workflowName":"Daily English Chanllenge","executionId":"261","nodeType":"n8n-nodes-base.scheduleTrigger","nodeName":"Schedule Trigger","nodeId":"b8cbe0d9-a14c-4dcb-a457-0fbc84e2f208"}}
{"__type":"$$EventMessageConfirm","confirm":"7474c9bf-69ec-4759-910a-6eabd025fb61","ts":"2025-08-08T15:33:05.704-04:00","source":{"id":"0","name":"eventBus"}}
{"__type":"$$EventMessageWorkflow","id":"49aaffd3-3311-4dea-a233-3c3668888de3","ts":"2025-08-08T15:33:05.704-04:00","eventName":"n8n.workflow.success","message":"n8n.workflow.success","payload":{"executionId":"261","success":true,"isManual":false,"workflowId":"ucmiLmCdrb6FRZtp","workflowName":"Daily English Chanllenge"}}
{"__type":"$$EventMessageConfirm","confirm":"49aaffd3-3311-4dea-a233-3c3668888de3","ts":"2025-08-08T15:33:05.705-04:00","source":{"id":"0","name":"eventBus"}}
{"__type":"$$EventMessageWorkflow","id":"29817b7a-b379-44f3-9d6f-1aaa08809970","ts":"2025-08-08T15:36:47.770-04:00","eventName":"n8n.workflow.started","message":"n8n.workflow.started","payload":{"executionId":"262","workflowId":"ucmiLmCdrb6FRZtp","isManual":false,"workflowName":"Daily English Chanllenge"}}
{"__type":"$$EventMessageConfirm","confirm":"29817b7a-b379-44f3-9d6f-1aaa08809970","ts":"2025-08-08T15:36:47.770-04:00","source":{"id":"0","name":"eventBus"}}
{"__type":"$$EventMessageNode","id":"3a162d6d-2330-464c-803e-d9da903eceed","ts":"2025-08-08T15:36:47.770-04:00","eventName":"n8n.node.started","message":"n8n.node.started","payload":{"workflowId":"ucmiLmCdrb6FRZtp","workflowName":"Daily English Chanllenge","executionId":"262","nodeType":"n8n-nodes-base.scheduleTrigger","nodeName":"Schedule Trigger","nodeId":"b8cbe0d9-a14c-4dcb-a457-0fbc84e2f208"}}
{"__type":"$$EventMessageConfirm","confirm":"3a162d6d-2330-464c-803e-d9da903eceed","ts":"2025-08-08T15:36:47.770-04:00","source":{"id":"0","name":"eventBus"}}
{"__type":"$$EventMessageNode","id":"da8bdd8d-990a-4863-9b1c-b74e6f373f01","ts":"2025-08-08T15:36:47.770-04:00","eventName":"n8n.node.finished","message":"n8n.node.finished","payload":{"workflowId":"ucmiLmCdrb6FRZtp","workflowName":"Daily English Chanllenge","executionId":"262","nodeType":"n8n-nodes-base.scheduleTrigger","nodeName":"Schedule Trigger","nodeId":"b8cbe0d9-a14c-4dcb-a457-0fbc84e2f208"}}
{"__type":"$$EventMessageConfirm","confirm":"da8bdd8d-990a-4863-9b1c-b74e6f373f01","ts":"2025-08-08T15:36:47.770-04:00","source":{"id":"0","name":"eventBus"}}
{"__type":"$$EventMessageWorkflow","id":"a6f0d7e2-c7a8-4c6d-a409-e19a2d594779","ts":"2025-08-08T15:36:47.770-04:00","eventName":"n8n.workflow.success","message":"n8n.workflow.success","payload":{"executionId":"262","success":true,"isManual":false,"workflowId":"ucmiLmCdrb6FRZtp","workflowName":"Daily English Chanllenge"}}
{"__type":"$$EventMessageConfirm","confirm":"a6f0d7e2-c7a8-4c6d-a409-e19a2d594779","ts":"2025-08-08T15:36:47.770-04:00","source":{"id":"0","name":"eventBus"}}
{"__type":"$$EventMessageWorkflow","id":"62cd21e4-6c5b-47d0-8283-06c396ade4ec","ts":"2025-08-08T15:41:47.944-04:00","eventName":"n8n.workflow.started","message":"n8n.workflow.started","payload":{"executionId":"263","workflowId":"ucmiLmCdrb6FRZtp","isManual":false,"workflowName":"Daily English Chanllenge"}}
{"__type":"$$EventMessageConfirm","confirm":"62cd21e4-6c5b-47d0-8283-06c396ade4ec","ts":"2025-08-08T15:41:47.945-04:00","source":{"id":"0","name":"eventBus"}}
{"__type":"$$EventMessageNode","id":"445ac00d-2cd1-4bd9-a166-45275108353b","ts":"2025-08-08T15:41:47.945-04:00","eventName":"n8n.node.started","message":"n8n.node.started","payload":{"workflowId":"ucmiLmCdrb6FRZtp","workflowName":"Daily English Chanllenge","executionId":"263","nodeType":"n8n-nodes-base.scheduleTrigger","nodeName":"Schedule Trigger","nodeId":"b8cbe0d9-a14c-4dcb-a457-0fbc84e2f208"}}
{"__type":"$$EventMessageConfirm","confirm":"445ac00d-2cd1-4bd9-a166-45275108353b","ts":"2025-08-08T15:41:47.945-04:00","source":{"id":"0","name":"eventBus"}}
{"__type":"$$EventMessageNode","id":"df196919-e56f-4557-9cee-c4326c997bdc","ts":"2025-08-08T15:41:47.945-04:00","eventName":"n8n.node.finished","message":"n8n.node.finished","payload":{"workflowId":"ucmiLmCdrb6FRZtp","workflowName":"Daily English Chanllenge","executionId":"263","nodeType":"n8n-nodes-base.scheduleTrigger","nodeName":"Schedule Trigger","nodeId":"b8cbe0d9-a14c-4dcb-a457-0fbc84e2f208"}}
{"__type":"$$EventMessageConfirm","confirm":"df196919-e56f-4557-9cee-c4326c997bdc","ts":"2025-08-08T15:41:47.945-04:00","source":{"id":"0","name":"eventBus"}}
{"__type":"$$EventMessageWorkflow","id":"16d57781-7836-4708-9ebe-26a6fbc7ee17","ts":"2025-08-08T15:41:47.945-04:00","eventName":"n8n.workflow.success","message":"n8n.workflow.success","payload":{"executionId":"263","success":true,"isManual":false,"workflowId":"ucmiLmCdrb6FRZtp","workflowName":"Daily English Chanllenge"}}
{"__type":"$$EventMessageConfirm","confirm":"16d57781-7836-4708-9ebe-26a6fbc7ee17","ts":"2025-08-08T15:41:47.945-04:00","source":{"id":"0","name":"eventBus"}}
{"__type":"$$EventMessageWorkflow","id":"2038230e-17c3-4e00-a999-147e6d13eda2","ts":"2025-08-08T15:48:05.653-04:00","eventName":"n8n.workflow.started","message":"n8n.workflow.started","payload":{"executionId":"264","workflowId":"ucmiLmCdrb6FRZtp","isManual":false,"workflowName":"Daily English Chanllenge"}}
{"__type":"$$EventMessageConfirm","confirm":"2038230e-17c3-4e00-a999-147e6d13eda2","ts":"2025-08-08T15:48:05.654-04:00","source":{"id":"0","name":"eventBus"}}
{"__type":"$$EventMessageNode","id":"f848cfcd-5d30-47b8-85ef-d4fb2a669cc6","ts":"2025-08-08T15:48:05.654-04:00","eventName":"n8n.node.started","message":"n8n.node.started","payload":{"workflowId":"ucmiLmCdrb6FRZtp","workflowName":"Daily English Chanllenge","executionId":"264","nodeType":"n8n-nodes-base.scheduleTrigger","nodeName":"Schedule Trigger","nodeId":"b8cbe0d9-a14c-4dcb-a457-0fbc84e2f208"}}
{"__type":"$$EventMessageConfirm","confirm":"f848cfcd-5d30-47b8-85ef-d4fb2a669cc6","ts":"2025-08-08T15:48:05.654-04:00","source":{"id":"0","name":"eventBus"}}
{"__type":"$$EventMessageNode","id":"cf440dc7-cbbd-4e5b-ad28-4f1d2c373bd7","ts":"2025-08-08T15:48:05.654-04:00","eventName":"n8n.node.finished","message":"n8n.node.finished","payload":{"workflowId":"ucmiLmCdrb6FRZtp","workflowName":"Daily English Chanllenge","executionId":"264","nodeType":"n8n-nodes-base.scheduleTrigger","nodeName":"Schedule Trigger","nodeId":"b8cbe0d9-a14c-4dcb-a457-0fbc84e2f208"}}
{"__type":"$$EventMessageConfirm","confirm":"cf440dc7-cbbd-4e5b-ad28-4f1d2c373bd7","ts":"2025-08-08T15:48:05.654-04:00","source":{"id":"0","name":"eventBus"}}
{"__type":"$$EventMessageWorkflow","id":"19ac22c7-0db2-4733-b046-ad5ab10ac1c4","ts":"2025-08-08T15:48:05.654-04:00","eventName":"n8n.workflow.success","message":"n8n.workflow.success","payload":{"executionId":"264","success":true,"isManual":false,"workflowId":"ucmiLmCdrb6FRZtp","workflowName":"Daily English Chanllenge"}}
{"__type":"$$EventMessageConfirm","confirm":"19ac22c7-0db2-4733-b046-ad5ab10ac1c4","ts":"2025-08-08T15:48:05.654-04:00","source":{"id":"0","name":"eventBus"}}
{"__type":"$$EventMessageWorkflow","id":"88a58007-3629-487e-81ed-54537fd7feac","ts":"2025-08-08T15:51:47.954-04:00","eventName":"n8n.workflow.started","message":"n8n.workflow.started","payload":{"executionId":"265","workflowId":"ucmiLmCdrb6FRZtp","isManual":false,"workflowName":"Daily English Chanllenge"}}
{"__type":"$$EventMessageConfirm","confirm":"88a58007-3629-487e-81ed-54537fd7feac","ts":"2025-08-08T15:51:47.954-04:00","source":{"id":"0","name":"eventBus"}}
{"__type":"$$EventMessageNode","id":"26fc0f92-55b4-497f-99bc-44a524456788","ts":"2025-08-08T15:51:47.955-04:00","eventName":"n8n.node.started","message":"n8n.node.started","payload":{"workflowId":"ucmiLmCdrb6FRZtp","workflowName":"Daily English Chanllenge","executionId":"265","nodeType":"n8n-nodes-base.scheduleTrigger","nodeName":"Schedule Trigger","nodeId":"b8cbe0d9-a14c-4dcb-a457-0fbc84e2f208"}}
{"__type":"$$EventMessageConfirm","confirm":"26fc0f92-55b4-497f-99bc-44a524456788","ts":"2025-08-08T15:51:47.955-04:00","source":{"id":"0","name":"eventBus"}}
{"__type":"$$EventMessageNode","id":"4e557d91-a212-46e5-abd3-c416dd17acf1","ts":"2025-08-08T15:51:47.955-04:00","eventName":"n8n.node.finished","message":"n8n.node.finished","payload":{"workflowId":"ucmiLmCdrb6FRZtp","workflowName":"Daily English Chanllenge","executionId":"265","nodeType":"n8n-nodes-base.scheduleTrigger","nodeName":"Schedule Trigger","nodeId":"b8cbe0d9-a14c-4dcb-a457-0fbc84e2f208"}}
{"__type":"$$EventMessageConfirm","confirm":"4e557d91-a212-46e5-abd3-c416dd17acf1","ts":"2025-08-08T15:51:47.955-04:00","source":{"id":"0","name":"eventBus"}}
{"__type":"$$EventMessageWorkflow","id":"97f15494-2cb8-434f-8418-01334516e293","ts":"2025-08-08T15:51:47.955-04:00","eventName":"n8n.workflow.success","message":"n8n.workflow.success","payload":{"executionId":"265","success":true,"isManual":false,"workflowId":"ucmiLmCdrb6FRZtp","workflowName":"Daily English Chanllenge"}}
{"__type":"$$EventMessageConfirm","confirm":"97f15494-2cb8-434f-8418-01334516e293","ts":"2025-08-08T15:51:47.955-04:00","source":{"id":"0","name":"eventBus"}}
{"__type":"$$EventMessageWorkflow","id":"33e01af4-9454-48d2-8474-977a5e560f21","ts":"2025-08-08T15:56:48.993-04:00","eventName":"n8n.workflow.started","message":"n8n.workflow.started","payload":{"executionId":"266","workflowId":"ucmiLmCdrb6FRZtp","isManual":false,"workflowName":"Daily English Chanllenge"}}
{"__type":"$$EventMessageConfirm","confirm":"33e01af4-9454-48d2-8474-977a5e560f21","ts":"2025-08-08T15:56:48.993-04:00","source":{"id":"0","name":"eventBus"}}
{"__type":"$$EventMessageNode","id":"d55cf1d9-091b-4f4b-a179-8e29eba8fa1c","ts":"2025-08-08T15:56:48.993-04:00","eventName":"n8n.node.started","message":"n8n.node.started","payload":{"workflowId":"ucmiLmCdrb6FRZtp","workflowName":"Daily English Chanllenge","executionId":"266","nodeType":"n8n-nodes-base.scheduleTrigger","nodeName":"Schedule Trigger","nodeId":"b8cbe0d9-a14c-4dcb-a457-0fbc84e2f208"}}
{"__type":"$$EventMessageConfirm","confirm":"d55cf1d9-091b-4f4b-a179-8e29eba8fa1c","ts":"2025-08-08T15:56:48.993-04:00","source":{"id":"0","name":"eventBus"}}
{"__type":"$$EventMessageNode","id":"c03b0742-36b5-480e-be25-6d9ead46e742","ts":"2025-08-08T15:56:48.993-04:00","eventName":"n8n.node.finished","message":"n8n.node.finished","payload":{"workflowId":"ucmiLmCdrb6FRZtp","workflowName":"Daily English Chanllenge","executionId":"266","nodeType":"n8n-nodes-base.scheduleTrigger","nodeName":"Schedule Trigger","nodeId":"b8cbe0d9-a14c-4dcb-a457-0fbc84e2f208"}}
{"__type":"$$EventMessageConfirm","confirm":"c03b0742-36b5-480e-be25-6d9ead46e742","ts":"2025-08-08T15:56:48.993-04:00","source":{"id":"0","name":"eventBus"}}
{"__type":"$$EventMessageWorkflow","id":"b8321264-6185-495e-8a14-42876ab78846","ts":"2025-08-08T15:56:48.993-04:00","eventName":"n8n.workflow.success","message":"n8n.workflow.success","payload":{"executionId":"266","success":true,"isManual":false,"workflowId":"ucmiLmCdrb6FRZtp","workflowName":"Daily English Chanllenge"}}
{"__type":"$$EventMessageConfirm","confirm":"b8321264-6185-495e-8a14-42876ab78846","ts":"2025-08-08T15:56:48.993-04:00","source":{"id":"0","name":"eventBus"}}
{"__type":"$$EventMessageWorkflow","id":"3257fbe9-e5ef-4e95-a613-d7267d57fbe0","ts":"2025-08-08T16:03:04.445-04:00","eventName":"n8n.workflow.started","message":"n8n.workflow.started","payload":{"executionId":"267","workflowId":"ucmiLmCdrb6FRZtp","isManual":false,"workflowName":"Daily English Chanllenge"}}
{"__type":"$$EventMessageConfirm","confirm":"3257fbe9-e5ef-4e95-a613-d7267d57fbe0","ts":"2025-08-08T16:03:04.445-04:00","source":{"id":"0","name":"eventBus"}}
{"__type":"$$EventMessageNode","id":"732b9e39-b2f7-4581-830f-e16d01b08aab","ts":"2025-08-08T16:03:04.445-04:00","eventName":"n8n.node.started","message":"n8n.node.started","payload":{"workflowId":"ucmiLmCdrb6FRZtp","workflowName":"Daily English Chanllenge","executionId":"267","nodeType":"n8n-nodes-base.scheduleTrigger","nodeName":"Schedule Trigger","nodeId":"b8cbe0d9-a14c-4dcb-a457-0fbc84e2f208"}}
{"__type":"$$EventMessageConfirm","confirm":"732b9e39-b2f7-4581-830f-e16d01b08aab","ts":"2025-08-08T16:03:04.446-04:00","source":{"id":"0","name":"eventBus"}}
{"__type":"$$EventMessageNode","id":"329360e3-f4e1-4072-83d6-c971f252eb4b","ts":"2025-08-08T16:03:04.446-04:00","eventName":"n8n.node.finished","message":"n8n.node.finished","payload":{"workflowId":"ucmiLmCdrb6FRZtp","workflowName":"Daily English Chanllenge","executionId":"267","nodeType":"n8n-nodes-base.scheduleTrigger","nodeName":"Schedule Trigger","nodeId":"b8cbe0d9-a14c-4dcb-a457-0fbc84e2f208"}}
{"__type":"$$EventMessageConfirm","confirm":"329360e3-f4e1-4072-83d6-c971f252eb4b","ts":"2025-08-08T16:03:04.446-04:00","source":{"id":"0","name":"eventBus"}}
{"__type":"$$EventMessageWorkflow","id":"1553a52b-332a-4015-a004-393059ed1921","ts":"2025-08-08T16:03:04.446-04:00","eventName":"n8n.workflow.success","message":"n8n.workflow.success","payload":{"executionId":"267","success":true,"isManual":false,"workflowId":"ucmiLmCdrb6FRZtp","workflowName":"Daily English Chanllenge"}}
{"__type":"$$EventMessageConfirm","confirm":"1553a52b-332a-4015-a004-393059ed1921","ts":"2025-08-08T16:03:04.446-04:00","source":{"id":"0","name":"eventBus"}}
{"__type":"$$EventMessageWorkflow","id":"84665f3d-4627-4bb3-86c7-60ca4ad4f6eb","ts":"2025-08-08T16:06:47.958-04:00","eventName":"n8n.workflow.started","message":"n8n.workflow.started","payload":{"executionId":"268","workflowId":"ucmiLmCdrb6FRZtp","isManual":false,"workflowName":"Daily English Chanllenge"}}
{"__type":"$$EventMessageConfirm","confirm":"84665f3d-4627-4bb3-86c7-60ca4ad4f6eb","ts":"2025-08-08T16:06:47.959-04:00","source":{"id":"0","name":"eventBus"}}
{"__type":"$$EventMessageNode","id":"53223799-d37e-4d36-b466-6dac8aa65fa7","ts":"2025-08-08T16:06:47.959-04:00","eventName":"n8n.node.started","message":"n8n.node.started","payload":{"workflowId":"ucmiLmCdrb6FRZtp","workflowName":"Daily English Chanllenge","executionId":"268","nodeType":"n8n-nodes-base.scheduleTrigger","nodeName":"Schedule Trigger","nodeId":"b8cbe0d9-a14c-4dcb-a457-0fbc84e2f208"}}
{"__type":"$$EventMessageConfirm","confirm":"53223799-d37e-4d36-b466-6dac8aa65fa7","ts":"2025-08-08T16:06:47.959-04:00","source":{"id":"0","name":"eventBus"}}
{"__type":"$$EventMessageNode","id":"1a338871-9cde-4345-990b-77dc6bf9924f","ts":"2025-08-08T16:06:47.959-04:00","eventName":"n8n.node.finished","message":"n8n.node.finished","payload":{"workflowId":"ucmiLmCdrb6FRZtp","workflowName":"Daily English Chanllenge","executionId":"268","nodeType":"n8n-nodes-base.scheduleTrigger","nodeName":"Schedule Trigger","nodeId":"b8cbe0d9-a14c-4dcb-a457-0fbc84e2f208"}}
{"__type":"$$EventMessageConfirm","confirm":"1a338871-9cde-4345-990b-77dc6bf9924f","ts":"2025-08-08T16:06:47.959-04:00","source":{"id":"0","name":"eventBus"}}
{"__type":"$$EventMessageWorkflow","id":"28fadf04-d495-4da8-9b0e-5a5759ef34f5","ts":"2025-08-08T16:06:47.959-04:00","eventName":"n8n.workflow.success","message":"n8n.workflow.success","payload":{"executionId":"268","success":true,"isManual":false,"workflowId":"ucmiLmCdrb6FRZtp","workflowName":"Daily English Chanllenge"}}
{"__type":"$$EventMessageConfirm","confirm":"28fadf04-d495-4da8-9b0e-5a5759ef34f5","ts":"2025-08-08T16:06:47.959-04:00","source":{"id":"0","name":"eventBus"}}
{"__type":"$$EventMessageWorkflow","id":"e2a53622-5364-44be-8ed8-9230a66a1a25","ts":"2025-08-08T16:11:48.773-04:00","eventName":"n8n.workflow.started","message":"n8n.workflow.started","payload":{"executionId":"269","workflowId":"ucmiLmCdrb6FRZtp","isManual":false,"workflowName":"Daily English Chanllenge"}}
{"__type":"$$EventMessageConfirm","confirm":"e2a53622-5364-44be-8ed8-9230a66a1a25","ts":"2025-08-08T16:11:48.773-04:00","source":{"id":"0","name":"eventBus"}}
{"__type":"$$EventMessageNode","id":"0387d761-5abb-441f-ada9-c643bef23834","ts":"2025-08-08T16:11:48.773-04:00","eventName":"n8n.node.started","message":"n8n.node.started","payload":{"workflowId":"ucmiLmCdrb6FRZtp","workflowName":"Daily English Chanllenge","executionId":"269","nodeType":"n8n-nodes-base.scheduleTrigger","nodeName":"Schedule Trigger","nodeId":"b8cbe0d9-a14c-4dcb-a457-0fbc84e2f208"}}
{"__type":"$$EventMessageConfirm","confirm":"0387d761-5abb-441f-ada9-c643bef23834","ts":"2025-08-08T16:11:48.773-04:00","source":{"id":"0","name":"eventBus"}}
{"__type":"$$EventMessageNode","id":"e1994b1b-d3cb-4689-9fbd-cf7d5fb5cf93","ts":"2025-08-08T16:11:48.773-04:00","eventName":"n8n.node.finished","message":"n8n.node.finished","payload":{"workflowId":"ucmiLmCdrb6FRZtp","workflowName":"Daily English Chanllenge","executionId":"269","nodeType":"n8n-nodes-base.scheduleTrigger","nodeName":"Schedule Trigger","nodeId":"b8cbe0d9-a14c-4dcb-a457-0fbc84e2f208"}}
{"__type":"$$EventMessageConfirm","confirm":"e1994b1b-d3cb-4689-9fbd-cf7d5fb5cf93","ts":"2025-08-08T16:11:48.773-04:00","source":{"id":"0","name":"eventBus"}}
{"__type":"$$EventMessageWorkflow","id":"499a0cd5-15de-446a-a20f-3b5985e1971b","ts":"2025-08-08T16:11:48.773-04:00","eventName":"n8n.workflow.success","message":"n8n.workflow.success","payload":{"executionId":"269","success":true,"isManual":false,"workflowId":"ucmiLmCdrb6FRZtp","workflowName":"Daily English Chanllenge"}}
{"__type":"$$EventMessageConfirm","confirm":"499a0cd5-15de-446a-a20f-3b5985e1971b","ts":"2025-08-08T16:11:48.773-04:00","source":{"id":"0","name":"eventBus"}}
{"__type":"$$EventMessageWorkflow","id":"cbb9062a-03e0-4393-ba53-69ef15218b21","ts":"2025-08-08T16:18:05.776-04:00","eventName":"n8n.workflow.started","message":"n8n.workflow.started","payload":{"executionId":"270","workflowId":"ucmiLmCdrb6FRZtp","isManual":false,"workflowName":"Daily English Chanllenge"}}
{"__type":"$$EventMessageConfirm","confirm":"cbb9062a-03e0-4393-ba53-69ef15218b21","ts":"2025-08-08T16:18:05.776-04:00","source":{"id":"0","name":"eventBus"}}
{"__type":"$$EventMessageNode","id":"ba967869-0128-4276-874b-660f9dc71c51","ts":"2025-08-08T16:18:05.776-04:00","eventName":"n8n.node.started","message":"n8n.node.started","payload":{"workflowId":"ucmiLmCdrb6FRZtp","workflowName":"Daily English Chanllenge","executionId":"270","nodeType":"n8n-nodes-base.scheduleTrigger","nodeName":"Schedule Trigger","nodeId":"b8cbe0d9-a14c-4dcb-a457-0fbc84e2f208"}}
{"__type":"$$EventMessageConfirm","confirm":"ba967869-0128-4276-874b-660f9dc71c51","ts":"2025-08-08T16:18:05.776-04:00","source":{"id":"0","name":"eventBus"}}
{"__type":"$$EventMessageNode","id":"9dd100c7-b730-48e0-894f-6530c2b81819","ts":"2025-08-08T16:18:05.776-04:00","eventName":"n8n.node.finished","message":"n8n.node.finished","payload":{"workflowId":"ucmiLmCdrb6FRZtp","workflowName":"Daily English Chanllenge","executionId":"270","nodeType":"n8n-nodes-base.scheduleTrigger","nodeName":"Schedule Trigger","nodeId":"b8cbe0d9-a14c-4dcb-a457-0fbc84e2f208"}}
{"__type":"$$EventMessageConfirm","confirm":"9dd100c7-b730-48e0-894f-6530c2b81819","ts":"2025-08-08T16:18:05.776-04:00","source":{"id":"0","name":"eventBus"}}
{"__type":"$$EventMessageWorkflow","id":"08885dbf-ec68-4ea7-a317-e5b7657c013e","ts":"2025-08-08T16:18:05.776-04:00","eventName":"n8n.workflow.success","message":"n8n.workflow.success","payload":{"executionId":"270","success":true,"isManual":false,"workflowId":"ucmiLmCdrb6FRZtp","workflowName":"Daily English Chanllenge"}}
{"__type":"$$EventMessageConfirm","confirm":"08885dbf-ec68-4ea7-a317-e5b7657c013e","ts":"2025-08-08T16:18:05.776-04:00","source":{"id":"0","name":"eventBus"}}
{"__type":"$$EventMessageWorkflow","id":"489950ee-9dd6-438e-bf7c-9e3605c40096","ts":"2025-08-08T16:21:48.658-04:00","eventName":"n8n.workflow.started","message":"n8n.workflow.started","payload":{"executionId":"271","workflowId":"ucmiLmCdrb6FRZtp","isManual":false,"workflowName":"Daily English Chanllenge"}}
{"__type":"$$EventMessageConfirm","confirm":"489950ee-9dd6-438e-bf7c-9e3605c40096","ts":"2025-08-08T16:21:48.658-04:00","source":{"id":"0","name":"eventBus"}}
{"__type":"$$EventMessageNode","id":"5cdd669e-bd47-4a7a-aca8-7a623781f798","ts":"2025-08-08T16:21:48.658-04:00","eventName":"n8n.node.started","message":"n8n.node.started","payload":{"workflowId":"ucmiLmCdrb6FRZtp","workflowName":"Daily English Chanllenge","executionId":"271","nodeType":"n8n-nodes-base.scheduleTrigger","nodeName":"Schedule Trigger","nodeId":"b8cbe0d9-a14c-4dcb-a457-0fbc84e2f208"}}
{"__type":"$$EventMessageConfirm","confirm":"5cdd669e-bd47-4a7a-aca8-7a623781f798","ts":"2025-08-08T16:21:48.658-04:00","source":{"id":"0","name":"eventBus"}}
{"__type":"$$EventMessageNode","id":"48f6d722-c1ee-4b71-b51c-073c04c88c7f","ts":"2025-08-08T16:21:48.658-04:00","eventName":"n8n.node.finished","message":"n8n.node.finished","payload":{"workflowId":"ucmiLmCdrb6FRZtp","workflowName":"Daily English Chanllenge","executionId":"271","nodeType":"n8n-nodes-base.scheduleTrigger","nodeName":"Schedule Trigger","nodeId":"b8cbe0d9-a14c-4dcb-a457-0fbc84e2f208"}}
{"__type":"$$EventMessageConfirm","confirm":"48f6d722-c1ee-4b71-b51c-073c04c88c7f","ts":"2025-08-08T16:21:48.658-04:00","source":{"id":"0","name":"eventBus"}}
{"__type":"$$EventMessageWorkflow","id":"e0f42459-7fd2-40d3-a7ff-2fade32d7b6f","ts":"2025-08-08T16:21:48.658-04:00","eventName":"n8n.workflow.success","message":"n8n.workflow.success","payload":{"executionId":"271","success":true,"isManual":false,"workflowId":"ucmiLmCdrb6FRZtp","workflowName":"Daily English Chanllenge"}}
{"__type":"$$EventMessageConfirm","confirm":"e0f42459-7fd2-40d3-a7ff-2fade32d7b6f","ts":"2025-08-08T16:21:48.658-04:00","source":{"id":"0","name":"eventBus"}}
{"__type":"$$EventMessageWorkflow","id":"736537e6-c399-41da-be13-2e279f892489","ts":"2025-08-08T16:26:47.193-04:00","eventName":"n8n.workflow.started","message":"n8n.workflow.started","payload":{"executionId":"272","workflowId":"ucmiLmCdrb6FRZtp","isManual":false,"workflowName":"Daily English Chanllenge"}}
{"__type":"$$EventMessageConfirm","confirm":"736537e6-c399-41da-be13-2e279f892489","ts":"2025-08-08T16:26:47.193-04:00","source":{"id":"0","name":"eventBus"}}
{"__type":"$$EventMessageNode","id":"5f51cf00-e837-47cd-bde4-8ae8c089da0a","ts":"2025-08-08T16:26:47.193-04:00","eventName":"n8n.node.started","message":"n8n.node.started","payload":{"workflowId":"ucmiLmCdrb6FRZtp","workflowName":"Daily English Chanllenge","executionId":"272","nodeType":"n8n-nodes-base.scheduleTrigger","nodeName":"Schedule Trigger","nodeId":"b8cbe0d9-a14c-4dcb-a457-0fbc84e2f208"}}
{"__type":"$$EventMessageConfirm","confirm":"5f51cf00-e837-47cd-bde4-8ae8c089da0a","ts":"2025-08-08T16:26:47.193-04:00","source":{"id":"0","name":"eventBus"}}
{"__type":"$$EventMessageNode","id":"10a74ecf-042f-4916-a669-254fa3549f40","ts":"2025-08-08T16:26:47.194-04:00","eventName":"n8n.node.finished","message":"n8n.node.finished","payload":{"workflowId":"ucmiLmCdrb6FRZtp","workflowName":"Daily English Chanllenge","executionId":"272","nodeType":"n8n-nodes-base.scheduleTrigger","nodeName":"Schedule Trigger","nodeId":"b8cbe0d9-a14c-4dcb-a457-0fbc84e2f208"}}
{"__type":"$$EventMessageConfirm","confirm":"10a74ecf-042f-4916-a669-254fa3549f40","ts":"2025-08-08T16:26:47.194-04:00","source":{"id":"0","name":"eventBus"}}
{"__type":"$$EventMessageWorkflow","id":"85336498-7b0d-4808-a76c-a843a1bd3bb6","ts":"2025-08-08T16:26:47.194-04:00","eventName":"n8n.workflow.success","message":"n8n.workflow.success","payload":{"executionId":"272","success":true,"isManual":false,"workflowId":"ucmiLmCdrb6FRZtp","workflowName":"Daily English Chanllenge"}}
{"__type":"$$EventMessageConfirm","confirm":"85336498-7b0d-4808-a76c-a843a1bd3bb6","ts":"2025-08-08T16:26:47.194-04:00","source":{"id":"0","name":"eventBus"}}
{"__type":"$$EventMessageWorkflow","id":"a8ff2ce5-af01-4b9b-b313-4d659b8da5b6","ts":"2025-08-08T16:33:04.802-04:00","eventName":"n8n.workflow.started","message":"n8n.workflow.started","payload":{"executionId":"273","workflowId":"ucmiLmCdrb6FRZtp","isManual":false,"workflowName":"Daily English Chanllenge"}}
{"__type":"$$EventMessageConfirm","confirm":"a8ff2ce5-af01-4b9b-b313-4d659b8da5b6","ts":"2025-08-08T16:33:04.802-04:00","source":{"id":"0","name":"eventBus"}}
{"__type":"$$EventMessageNode","id":"203a4915-0877-4986-a566-f798e9aec6fd","ts":"2025-08-08T16:33:04.802-04:00","eventName":"n8n.node.started","message":"n8n.node.started","payload":{"workflowId":"ucmiLmCdrb6FRZtp","workflowName":"Daily English Chanllenge","executionId":"273","nodeType":"n8n-nodes-base.scheduleTrigger","nodeName":"Schedule Trigger","nodeId":"b8cbe0d9-a14c-4dcb-a457-0fbc84e2f208"}}
{"__type":"$$EventMessageConfirm","confirm":"203a4915-0877-4986-a566-f798e9aec6fd","ts":"2025-08-08T16:33:04.802-04:00","source":{"id":"0","name":"eventBus"}}
{"__type":"$$EventMessageNode","id":"3da5a6be-deb9-41af-a113-e9de5a64e37f","ts":"2025-08-08T16:33:04.802-04:00","eventName":"n8n.node.finished","message":"n8n.node.finished","payload":{"workflowId":"ucmiLmCdrb6FRZtp","workflowName":"Daily English Chanllenge","executionId":"273","nodeType":"n8n-nodes-base.scheduleTrigger","nodeName":"Schedule Trigger","nodeId":"b8cbe0d9-a14c-4dcb-a457-0fbc84e2f208"}}
{"__type":"$$EventMessageConfirm","confirm":"3da5a6be-deb9-41af-a113-e9de5a64e37f","ts":"2025-08-08T16:33:04.802-04:00","source":{"id":"0","name":"eventBus"}}
{"__type":"$$EventMessageWorkflow","id":"a0498ad9-c22b-413f-b310-5c8ac7d3e01f","ts":"2025-08-08T16:33:04.802-04:00","eventName":"n8n.workflow.success","message":"n8n.workflow.success","payload":{"executionId":"273","success":true,"isManual":false,"workflowId":"ucmiLmCdrb6FRZtp","workflowName":"Daily English Chanllenge"}}
{"__type":"$$EventMessageConfirm","confirm":"a0498ad9-c22b-413f-b310-5c8ac7d3e01f","ts":"2025-08-08T16:33:04.802-04:00","source":{"id":"0","name":"eventBus"}}
{"__type":"$$EventMessageWorkflow","id":"9fda2ca4-a092-404c-92d6-30066b99a936","ts":"2025-08-08T16:36:47.901-04:00","eventName":"n8n.workflow.started","message":"n8n.workflow.started","payload":{"executionId":"274","workflowId":"ucmiLmCdrb6FRZtp","isManual":false,"workflowName":"Daily English Chanllenge"}}
{"__type":"$$EventMessageConfirm","confirm":"9fda2ca4-a092-404c-92d6-30066b99a936","ts":"2025-08-08T16:36:47.901-04:00","source":{"id":"0","name":"eventBus"}}
{"__type":"$$EventMessageNode","id":"2a2833e2-509e-4fbc-925e-62eae0e89197","ts":"2025-08-08T16:36:47.902-04:00","eventName":"n8n.node.started","message":"n8n.node.started","payload":{"workflowId":"ucmiLmCdrb6FRZtp","workflowName":"Daily English Chanllenge","executionId":"274","nodeType":"n8n-nodes-base.scheduleTrigger","nodeName":"Schedule Trigger","nodeId":"b8cbe0d9-a14c-4dcb-a457-0fbc84e2f208"}}
{"__type":"$$EventMessageConfirm","confirm":"2a2833e2-509e-4fbc-925e-62eae0e89197","ts":"2025-08-08T16:36:47.902-04:00","source":{"id":"0","name":"eventBus"}}
{"__type":"$$EventMessageNode","id":"38ae375f-67a5-46eb-8100-6e437d0252be","ts":"2025-08-08T16:36:47.902-04:00","eventName":"n8n.node.finished","message":"n8n.node.finished","payload":{"workflowId":"ucmiLmCdrb6FRZtp","workflowName":"Daily English Chanllenge","executionId":"274","nodeType":"n8n-nodes-base.scheduleTrigger","nodeName":"Schedule Trigger","nodeId":"b8cbe0d9-a14c-4dcb-a457-0fbc84e2f208"}}
{"__type":"$$EventMessageConfirm","confirm":"38ae375f-67a5-46eb-8100-6e437d0252be","ts":"2025-08-08T16:36:47.902-04:00","source":{"id":"0","name":"eventBus"}}
{"__type":"$$EventMessageWorkflow","id":"0d837b0f-7e1c-498e-b3e0-35bf6daea9b8","ts":"2025-08-08T16:36:47.902-04:00","eventName":"n8n.workflow.success","message":"n8n.workflow.success","payload":{"executionId":"274","success":true,"isManual":false,"workflowId":"ucmiLmCdrb6FRZtp","workflowName":"Daily English Chanllenge"}}
{"__type":"$$EventMessageConfirm","confirm":"0d837b0f-7e1c-498e-b3e0-35bf6daea9b8","ts":"2025-08-08T16:36:47.902-04:00","source":{"id":"0","name":"eventBus"}}
{"__type":"$$EventMessageWorkflow","id":"a6cc6b91-532a-43f1-866d-0f7dc3db3a3b","ts":"2025-08-08T16:41:47.615-04:00","eventName":"n8n.workflow.started","message":"n8n.workflow.started","payload":{"executionId":"275","workflowId":"ucmiLmCdrb6FRZtp","isManual":false,"workflowName":"Daily English Chanllenge"}}
{"__type":"$$EventMessageConfirm","confirm":"a6cc6b91-532a-43f1-866d-0f7dc3db3a3b","ts":"2025-08-08T16:41:47.615-04:00","source":{"id":"0","name":"eventBus"}}
{"__type":"$$EventMessageNode","id":"7636124b-934a-4640-b7ef-8fc69a4c271b","ts":"2025-08-08T16:41:47.615-04:00","eventName":"n8n.node.started","message":"n8n.node.started","payload":{"workflowId":"ucmiLmCdrb6FRZtp","workflowName":"Daily English Chanllenge","executionId":"275","nodeType":"n8n-nodes-base.scheduleTrigger","nodeName":"Schedule Trigger","nodeId":"b8cbe0d9-a14c-4dcb-a457-0fbc84e2f208"}}
{"__type":"$$EventMessageConfirm","confirm":"7636124b-934a-4640-b7ef-8fc69a4c271b","ts":"2025-08-08T16:41:47.615-04:00","source":{"id":"0","name":"eventBus"}}
{"__type":"$$EventMessageNode","id":"f3b6426a-e6f7-45e1-b758-1a89b59ee08b","ts":"2025-08-08T16:41:47.615-04:00","eventName":"n8n.node.finished","message":"n8n.node.finished","payload":{"workflowId":"ucmiLmCdrb6FRZtp","workflowName":"Daily English Chanllenge","executionId":"275","nodeType":"n8n-nodes-base.scheduleTrigger","nodeName":"Schedule Trigger","nodeId":"b8cbe0d9-a14c-4dcb-a457-0fbc84e2f208"}}
{"__type":"$$EventMessageConfirm","confirm":"f3b6426a-e6f7-45e1-b758-1a89b59ee08b","ts":"2025-08-08T16:41:47.615-04:00","source":{"id":"0","name":"eventBus"}}
{"__type":"$$EventMessageWorkflow","id":"cb4e4e0c-b450-4f37-963b-9098e1157551","ts":"2025-08-08T16:41:47.615-04:00","eventName":"n8n.workflow.success","message":"n8n.workflow.success","payload":{"executionId":"275","success":true,"isManual":false,"workflowId":"ucmiLmCdrb6FRZtp","workflowName":"Daily English Chanllenge"}}
{"__type":"$$EventMessageConfirm","confirm":"cb4e4e0c-b450-4f37-963b-9098e1157551","ts":"2025-08-08T16:41:47.615-04:00","source":{"id":"0","name":"eventBus"}}
{"__type":"$$EventMessageWorkflow","id":"4a07b837-31f3-4226-b8b7-74b2d8829136","ts":"2025-08-08T16:48:04.837-04:00","eventName":"n8n.workflow.started","message":"n8n.workflow.started","payload":{"executionId":"276","workflowId":"ucmiLmCdrb6FRZtp","isManual":false,"workflowName":"Daily English Chanllenge"}}
{"__type":"$$EventMessageConfirm","confirm":"4a07b837-31f3-4226-b8b7-74b2d8829136","ts":"2025-08-08T16:48:04.838-04:00","source":{"id":"0","name":"eventBus"}}
{"__type":"$$EventMessageNode","id":"9b51093a-6e06-4d0d-9913-80b4ed82b5d6","ts":"2025-08-08T16:48:04.838-04:00","eventName":"n8n.node.started","message":"n8n.node.started","payload":{"workflowId":"ucmiLmCdrb6FRZtp","workflowName":"Daily English Chanllenge","executionId":"276","nodeType":"n8n-nodes-base.scheduleTrigger","nodeName":"Schedule Trigger","nodeId":"b8cbe0d9-a14c-4dcb-a457-0fbc84e2f208"}}
{"__type":"$$EventMessageConfirm","confirm":"9b51093a-6e06-4d0d-9913-80b4ed82b5d6","ts":"2025-08-08T16:48:04.838-04:00","source":{"id":"0","name":"eventBus"}}
{"__type":"$$EventMessageNode","id":"58590892-b33a-4af5-a42c-4778bc0de72b","ts":"2025-08-08T16:48:04.838-04:00","eventName":"n8n.node.finished","message":"n8n.node.finished","payload":{"workflowId":"ucmiLmCdrb6FRZtp","workflowName":"Daily English Chanllenge","executionId":"276","nodeType":"n8n-nodes-base.scheduleTrigger","nodeName":"Schedule Trigger","nodeId":"b8cbe0d9-a14c-4dcb-a457-0fbc84e2f208"}}
{"__type":"$$EventMessageConfirm","confirm":"58590892-b33a-4af5-a42c-4778bc0de72b","ts":"2025-08-08T16:48:04.838-04:00","source":{"id":"0","name":"eventBus"}}
{"__type":"$$EventMessageWorkflow","id":"8f7ac52d-81ed-49d3-895b-7903d6a9ae05","ts":"2025-08-08T16:48:04.838-04:00","eventName":"n8n.workflow.success","message":"n8n.workflow.success","payload":{"executionId":"276","success":true,"isManual":false,"workflowId":"ucmiLmCdrb6FRZtp","workflowName":"Daily English Chanllenge"}}
{"__type":"$$EventMessageConfirm","confirm":"8f7ac52d-81ed-49d3-895b-7903d6a9ae05","ts":"2025-08-08T16:48:04.838-04:00","source":{"id":"0","name":"eventBus"}}
{"__type":"$$EventMessageWorkflow","id":"90525131-4dc7-441f-8ecc-4311f31a32a9","ts":"2025-08-08T16:51:49.221-04:00","eventName":"n8n.workflow.started","message":"n8n.workflow.started","payload":{"executionId":"277","workflowId":"ucmiLmCdrb6FRZtp","isManual":false,"workflowName":"Daily English Chanllenge"}}
{"__type":"$$EventMessageConfirm","confirm":"90525131-4dc7-441f-8ecc-4311f31a32a9","ts":"2025-08-08T16:51:49.221-04:00","source":{"id":"0","name":"eventBus"}}
{"__type":"$$EventMessageNode","id":"2153c621-8a6f-4d4f-adce-19178f4e8652","ts":"2025-08-08T16:51:49.221-04:00","eventName":"n8n.node.started","message":"n8n.node.started","payload":{"workflowId":"ucmiLmCdrb6FRZtp","workflowName":"Daily English Chanllenge","executionId":"277","nodeType":"n8n-nodes-base.scheduleTrigger","nodeName":"Schedule Trigger","nodeId":"b8cbe0d9-a14c-4dcb-a457-0fbc84e2f208"}}
{"__type":"$$EventMessageConfirm","confirm":"2153c621-8a6f-4d4f-adce-19178f4e8652","ts":"2025-08-08T16:51:49.221-04:00","source":{"id":"0","name":"eventBus"}}
{"__type":"$$EventMessageNode","id":"e4195cf1-8cde-4fe2-a8b5-624e6aacbf68","ts":"2025-08-08T16:51:49.221-04:00","eventName":"n8n.node.finished","message":"n8n.node.finished","payload":{"workflowId":"ucmiLmCdrb6FRZtp","workflowName":"Daily English Chanllenge","executionId":"277","nodeType":"n8n-nodes-base.scheduleTrigger","nodeName":"Schedule Trigger","nodeId":"b8cbe0d9-a14c-4dcb-a457-0fbc84e2f208"}}
{"__type":"$$EventMessageConfirm","confirm":"e4195cf1-8cde-4fe2-a8b5-624e6aacbf68","ts":"2025-08-08T16:51:49.221-04:00","source":{"id":"0","name":"eventBus"}}
{"__type":"$$EventMessageWorkflow","id":"a4bfec1a-d98b-4698-8e13-7005d8cf20b3","ts":"2025-08-08T16:51:49.221-04:00","eventName":"n8n.workflow.success","message":"n8n.workflow.success","payload":{"executionId":"277","success":true,"isManual":false,"workflowId":"ucmiLmCdrb6FRZtp","workflowName":"Daily English Chanllenge"}}
{"__type":"$$EventMessageConfirm","confirm":"a4bfec1a-d98b-4698-8e13-7005d8cf20b3","ts":"2025-08-08T16:51:49.221-04:00","source":{"id":"0","name":"eventBus"}}
{"__type":"$$EventMessageWorkflow","id":"b9813638-3298-4da4-a727-e3be353921dc","ts":"2025-08-08T16:56:49.024-04:00","eventName":"n8n.workflow.started","message":"n8n.workflow.started","payload":{"executionId":"278","workflowId":"ucmiLmCdrb6FRZtp","isManual":false,"workflowName":"Daily English Chanllenge"}}
{"__type":"$$EventMessageConfirm","confirm":"b9813638-3298-4da4-a727-e3be353921dc","ts":"2025-08-08T16:56:49.024-04:00","source":{"id":"0","name":"eventBus"}}
{"__type":"$$EventMessageNode","id":"96be078b-d372-4e28-8baa-6a3b6bd11207","ts":"2025-08-08T16:56:49.024-04:00","eventName":"n8n.node.started","message":"n8n.node.started","payload":{"workflowId":"ucmiLmCdrb6FRZtp","workflowName":"Daily English Chanllenge","executionId":"278","nodeType":"n8n-nodes-base.scheduleTrigger","nodeName":"Schedule Trigger","nodeId":"b8cbe0d9-a14c-4dcb-a457-0fbc84e2f208"}}
{"__type":"$$EventMessageConfirm","confirm":"96be078b-d372-4e28-8baa-6a3b6bd11207","ts":"2025-08-08T16:56:49.024-04:00","source":{"id":"0","name":"eventBus"}}
{"__type":"$$EventMessageNode","id":"12319fa3-dcad-4761-a6a9-41edad86cd23","ts":"2025-08-08T16:56:49.024-04:00","eventName":"n8n.node.finished","message":"n8n.node.finished","payload":{"workflowId":"ucmiLmCdrb6FRZtp","workflowName":"Daily English Chanllenge","executionId":"278","nodeType":"n8n-nodes-base.scheduleTrigger","nodeName":"Schedule Trigger","nodeId":"b8cbe0d9-a14c-4dcb-a457-0fbc84e2f208"}}
{"__type":"$$EventMessageConfirm","confirm":"12319fa3-dcad-4761-a6a9-41edad86cd23","ts":"2025-08-08T16:56:49.024-04:00","source":{"id":"0","name":"eventBus"}}
{"__type":"$$EventMessageWorkflow","id":"4b913ea4-95be-40fb-9089-3aeb7af04b6c","ts":"2025-08-08T16:56:49.024-04:00","eventName":"n8n.workflow.success","message":"n8n.workflow.success","payload":{"executionId":"278","success":true,"isManual":false,"workflowId":"ucmiLmCdrb6FRZtp","workflowName":"Daily English Chanllenge"}}
{"__type":"$$EventMessageConfirm","confirm":"4b913ea4-95be-40fb-9089-3aeb7af04b6c","ts":"2025-08-08T16:56:49.024-04:00","source":{"id":"0","name":"eventBus"}}
{"__type":"$$EventMessageWorkflow","id":"45b44b68-b58b-4a81-ac94-91f50365e8e6","ts":"2025-08-08T17:03:05.856-04:00","eventName":"n8n.workflow.started","message":"n8n.workflow.started","payload":{"executionId":"279","workflowId":"ucmiLmCdrb6FRZtp","isManual":false,"workflowName":"Daily English Chanllenge"}}
{"__type":"$$EventMessageConfirm","confirm":"45b44b68-b58b-4a81-ac94-91f50365e8e6","ts":"2025-08-08T17:03:05.856-04:00","source":{"id":"0","name":"eventBus"}}
{"__type":"$$EventMessageNode","id":"ad99e4c6-0c69-4be5-9364-88db9c9b53f4","ts":"2025-08-08T17:03:05.856-04:00","eventName":"n8n.node.started","message":"n8n.node.started","payload":{"workflowId":"ucmiLmCdrb6FRZtp","workflowName":"Daily English Chanllenge","executionId":"279","nodeType":"n8n-nodes-base.scheduleTrigger","nodeName":"Schedule Trigger","nodeId":"b8cbe0d9-a14c-4dcb-a457-0fbc84e2f208"}}
{"__type":"$$EventMessageConfirm","confirm":"ad99e4c6-0c69-4be5-9364-88db9c9b53f4","ts":"2025-08-08T17:03:05.856-04:00","source":{"id":"0","name":"eventBus"}}
{"__type":"$$EventMessageNode","id":"563610b5-c648-43a0-8b96-62018f1da647","ts":"2025-08-08T17:03:05.856-04:00","eventName":"n8n.node.finished","message":"n8n.node.finished","payload":{"workflowId":"ucmiLmCdrb6FRZtp","workflowName":"Daily English Chanllenge","executionId":"279","nodeType":"n8n-nodes-base.scheduleTrigger","nodeName":"Schedule Trigger","nodeId":"b8cbe0d9-a14c-4dcb-a457-0fbc84e2f208"}}
{"__type":"$$EventMessageConfirm","confirm":"563610b5-c648-43a0-8b96-62018f1da647","ts":"2025-08-08T17:03:05.856-04:00","source":{"id":"0","name":"eventBus"}}
{"__type":"$$EventMessageWorkflow","id":"2e78d299-dd58-450b-ab7a-898e96f7a91f","ts":"2025-08-08T17:03:05.856-04:00","eventName":"n8n.workflow.success","message":"n8n.workflow.success","payload":{"executionId":"279","success":true,"isManual":false,"workflowId":"ucmiLmCdrb6FRZtp","workflowName":"Daily English Chanllenge"}}
{"__type":"$$EventMessageConfirm","confirm":"2e78d299-dd58-450b-ab7a-898e96f7a91f","ts":"2025-08-08T17:03:05.856-04:00","source":{"id":"0","name":"eventBus"}}
{"__type":"$$EventMessageWorkflow","id":"2ab12ddd-6a07-4ac5-af7d-7b6dda7749da","ts":"2025-08-08T17:06:48.089-04:00","eventName":"n8n.workflow.started","message":"n8n.workflow.started","payload":{"executionId":"280","workflowId":"ucmiLmCdrb6FRZtp","isManual":false,"workflowName":"Daily English Chanllenge"}}
{"__type":"$$EventMessageConfirm","confirm":"2ab12ddd-6a07-4ac5-af7d-7b6dda7749da","ts":"2025-08-08T17:06:48.089-04:00","source":{"id":"0","name":"eventBus"}}
{"__type":"$$EventMessageNode","id":"e9142439-f0fe-4e34-9e68-45d5a480a076","ts":"2025-08-08T17:06:48.089-04:00","eventName":"n8n.node.started","message":"n8n.node.started","payload":{"workflowId":"ucmiLmCdrb6FRZtp","workflowName":"Daily English Chanllenge","executionId":"280","nodeType":"n8n-nodes-base.scheduleTrigger","nodeName":"Schedule Trigger","nodeId":"b8cbe0d9-a14c-4dcb-a457-0fbc84e2f208"}}
{"__type":"$$EventMessageConfirm","confirm":"e9142439-f0fe-4e34-9e68-45d5a480a076","ts":"2025-08-08T17:06:48.089-04:00","source":{"id":"0","name":"eventBus"}}
{"__type":"$$EventMessageNode","id":"39454e86-4b1a-44ff-b3c6-88255ab54415","ts":"2025-08-08T17:06:48.089-04:00","eventName":"n8n.node.finished","message":"n8n.node.finished","payload":{"workflowId":"ucmiLmCdrb6FRZtp","workflowName":"Daily English Chanllenge","executionId":"280","nodeType":"n8n-nodes-base.scheduleTrigger","nodeName":"Schedule Trigger","nodeId":"b8cbe0d9-a14c-4dcb-a457-0fbc84e2f208"}}
{"__type":"$$EventMessageConfirm","confirm":"39454e86-4b1a-44ff-b3c6-88255ab54415","ts":"2025-08-08T17:06:48.089-04:00","source":{"id":"0","name":"eventBus"}}
{"__type":"$$EventMessageWorkflow","id":"1c9e1137-915d-4012-a640-4ab87e07c948","ts":"2025-08-08T17:06:48.089-04:00","eventName":"n8n.workflow.success","message":"n8n.workflow.success","payload":{"executionId":"280","success":true,"isManual":false,"workflowId":"ucmiLmCdrb6FRZtp","workflowName":"Daily English Chanllenge"}}
{"__type":"$$EventMessageConfirm","confirm":"1c9e1137-915d-4012-a640-4ab87e07c948","ts":"2025-08-08T17:06:48.089-04:00","source":{"id":"0","name":"eventBus"}}
{"__type":"$$EventMessageWorkflow","id":"910a8506-70a1-4db2-aa52-224ef3bebc67","ts":"2025-08-08T17:11:48.693-04:00","eventName":"n8n.workflow.started","message":"n8n.workflow.started","payload":{"executionId":"281","workflowId":"ucmiLmCdrb6FRZtp","isManual":false,"workflowName":"Daily English Chanllenge"}}
{"__type":"$$EventMessageConfirm","confirm":"910a8506-70a1-4db2-aa52-224ef3bebc67","ts":"2025-08-08T17:11:48.693-04:00","source":{"id":"0","name":"eventBus"}}
{"__type":"$$EventMessageNode","id":"35027a0c-9099-4986-a543-2370b0cf07d6","ts":"2025-08-08T17:11:48.693-04:00","eventName":"n8n.node.started","message":"n8n.node.started","payload":{"workflowId":"ucmiLmCdrb6FRZtp","workflowName":"Daily English Chanllenge","executionId":"281","nodeType":"n8n-nodes-base.scheduleTrigger","nodeName":"Schedule Trigger","nodeId":"b8cbe0d9-a14c-4dcb-a457-0fbc84e2f208"}}
{"__type":"$$EventMessageConfirm","confirm":"35027a0c-9099-4986-a543-2370b0cf07d6","ts":"2025-08-08T17:11:48.693-04:00","source":{"id":"0","name":"eventBus"}}
{"__type":"$$EventMessageNode","id":"d99ba0e7-3a13-4747-baf7-5938db31b38f","ts":"2025-08-08T17:11:48.693-04:00","eventName":"n8n.node.finished","message":"n8n.node.finished","payload":{"workflowId":"ucmiLmCdrb6FRZtp","workflowName":"Daily English Chanllenge","executionId":"281","nodeType":"n8n-nodes-base.scheduleTrigger","nodeName":"Schedule Trigger","nodeId":"b8cbe0d9-a14c-4dcb-a457-0fbc84e2f208"}}
{"__type":"$$EventMessageConfirm","confirm":"d99ba0e7-3a13-4747-baf7-5938db31b38f","ts":"2025-08-08T17:11:48.693-04:00","source":{"id":"0","name":"eventBus"}}
{"__type":"$$EventMessageWorkflow","id":"ba6cb71b-a58e-47ef-b9d1-fd3e8a259200","ts":"2025-08-08T17:11:48.693-04:00","eventName":"n8n.workflow.success","message":"n8n.workflow.success","payload":{"executionId":"281","success":true,"isManual":false,"workflowId":"ucmiLmCdrb6FRZtp","workflowName":"Daily English Chanllenge"}}
{"__type":"$$EventMessageConfirm","confirm":"ba6cb71b-a58e-47ef-b9d1-fd3e8a259200","ts":"2025-08-08T17:11:48.693-04:00","source":{"id":"0","name":"eventBus"}}
{"__type":"$$EventMessageWorkflow","id":"335af175-00bf-4736-8d26-40bcebc6d18c","ts":"2025-08-08T17:18:06.921-04:00","eventName":"n8n.workflow.started","message":"n8n.workflow.started","payload":{"executionId":"282","workflowId":"ucmiLmCdrb6FRZtp","isManual":false,"workflowName":"Daily English Chanllenge"}}
{"__type":"$$EventMessageConfirm","confirm":"335af175-00bf-4736-8d26-40bcebc6d18c","ts":"2025-08-08T17:18:06.921-04:00","source":{"id":"0","name":"eventBus"}}
{"__type":"$$EventMessageNode","id":"3a75ed3d-5dcc-4cf1-be21-ec2b381fbe22","ts":"2025-08-08T17:18:06.921-04:00","eventName":"n8n.node.started","message":"n8n.node.started","payload":{"workflowId":"ucmiLmCdrb6FRZtp","workflowName":"Daily English Chanllenge","executionId":"282","nodeType":"n8n-nodes-base.scheduleTrigger","nodeName":"Schedule Trigger","nodeId":"b8cbe0d9-a14c-4dcb-a457-0fbc84e2f208"}}
{"__type":"$$EventMessageConfirm","confirm":"3a75ed3d-5dcc-4cf1-be21-ec2b381fbe22","ts":"2025-08-08T17:18:06.922-04:00","source":{"id":"0","name":"eventBus"}}
{"__type":"$$EventMessageNode","id":"9bc93a62-668c-47cd-a94c-cd711d2d91b9","ts":"2025-08-08T17:18:06.922-04:00","eventName":"n8n.node.finished","message":"n8n.node.finished","payload":{"workflowId":"ucmiLmCdrb6FRZtp","workflowName":"Daily English Chanllenge","executionId":"282","nodeType":"n8n-nodes-base.scheduleTrigger","nodeName":"Schedule Trigger","nodeId":"b8cbe0d9-a14c-4dcb-a457-0fbc84e2f208"}}
{"__type":"$$EventMessageConfirm","confirm":"9bc93a62-668c-47cd-a94c-cd711d2d91b9","ts":"2025-08-08T17:18:06.922-04:00","source":{"id":"0","name":"eventBus"}}
{"__type":"$$EventMessageWorkflow","id":"f154fd39-48d1-4638-9663-c43ba3f241c3","ts":"2025-08-08T17:18:06.922-04:00","eventName":"n8n.workflow.success","message":"n8n.workflow.success","payload":{"executionId":"282","success":true,"isManual":false,"workflowId":"ucmiLmCdrb6FRZtp","workflowName":"Daily English Chanllenge"}}
{"__type":"$$EventMessageConfirm","confirm":"f154fd39-48d1-4638-9663-c43ba3f241c3","ts":"2025-08-08T17:18:06.922-04:00","source":{"id":"0","name":"eventBus"}}
{"__type":"$$EventMessageWorkflow","id":"f0376f08-1cd9-4847-9aaf-7085bc105414","ts":"2025-08-08T17:21:47.788-04:00","eventName":"n8n.workflow.started","message":"n8n.workflow.started","payload":{"executionId":"283","workflowId":"ucmiLmCdrb6FRZtp","isManual":false,"workflowName":"Daily English Chanllenge"}}
{"__type":"$$EventMessageConfirm","confirm":"f0376f08-1cd9-4847-9aaf-7085bc105414","ts":"2025-08-08T17:21:47.788-04:00","source":{"id":"0","name":"eventBus"}}
{"__type":"$$EventMessageNode","id":"d8af9ca9-0e64-4b11-a3cc-8a1a48084cb3","ts":"2025-08-08T17:21:47.788-04:00","eventName":"n8n.node.started","message":"n8n.node.started","payload":{"workflowId":"ucmiLmCdrb6FRZtp","workflowName":"Daily English Chanllenge","executionId":"283","nodeType":"n8n-nodes-base.scheduleTrigger","nodeName":"Schedule Trigger","nodeId":"b8cbe0d9-a14c-4dcb-a457-0fbc84e2f208"}}
{"__type":"$$EventMessageConfirm","confirm":"d8af9ca9-0e64-4b11-a3cc-8a1a48084cb3","ts":"2025-08-08T17:21:47.788-04:00","source":{"id":"0","name":"eventBus"}}
{"__type":"$$EventMessageNode","id":"4b27d9b3-2b7b-4894-93c0-0424ca64cf92","ts":"2025-08-08T17:21:47.789-04:00","eventName":"n8n.node.finished","message":"n8n.node.finished","payload":{"workflowId":"ucmiLmCdrb6FRZtp","workflowName":"Daily English Chanllenge","executionId":"283","nodeType":"n8n-nodes-base.scheduleTrigger","nodeName":"Schedule Trigger","nodeId":"b8cbe0d9-a14c-4dcb-a457-0fbc84e2f208"}}
{"__type":"$$EventMessageConfirm","confirm":"4b27d9b3-2b7b-4894-93c0-0424ca64cf92","ts":"2025-08-08T17:21:47.789-04:00","source":{"id":"0","name":"eventBus"}}
{"__type":"$$EventMessageWorkflow","id":"2e88f95f-7f51-49aa-b01c-ac8b6c72c172","ts":"2025-08-08T17:21:47.789-04:00","eventName":"n8n.workflow.success","message":"n8n.workflow.success","payload":{"executionId":"283","success":true,"isManual":false,"workflowId":"ucmiLmCdrb6FRZtp","workflowName":"Daily English Chanllenge"}}
{"__type":"$$EventMessageConfirm","confirm":"2e88f95f-7f51-49aa-b01c-ac8b6c72c172","ts":"2025-08-08T17:21:47.789-04:00","source":{"id":"0","name":"eventBus"}}
{"__type":"$$EventMessageWorkflow","id":"64618fef-5cd0-49cb-ac2b-78420596ec41","ts":"2025-08-08T17:26:47.853-04:00","eventName":"n8n.workflow.started","message":"n8n.workflow.started","payload":{"executionId":"284","workflowId":"ucmiLmCdrb6FRZtp","isManual":false,"workflowName":"Daily English Chanllenge"}}
{"__type":"$$EventMessageConfirm","confirm":"64618fef-5cd0-49cb-ac2b-78420596ec41","ts":"2025-08-08T17:26:47.854-04:00","source":{"id":"0","name":"eventBus"}}
{"__type":"$$EventMessageNode","id":"d1296f2a-6594-4a90-8cd1-a0b566284f1f","ts":"2025-08-08T17:26:47.854-04:00","eventName":"n8n.node.started","message":"n8n.node.started","payload":{"workflowId":"ucmiLmCdrb6FRZtp","workflowName":"Daily English Chanllenge","executionId":"284","nodeType":"n8n-nodes-base.scheduleTrigger","nodeName":"Schedule Trigger","nodeId":"b8cbe0d9-a14c-4dcb-a457-0fbc84e2f208"}}
{"__type":"$$EventMessageConfirm","confirm":"d1296f2a-6594-4a90-8cd1-a0b566284f1f","ts":"2025-08-08T17:26:47.854-04:00","source":{"id":"0","name":"eventBus"}}
{"__type":"$$EventMessageNode","id":"462111f0-6f31-440e-b8ae-3ff12592f554","ts":"2025-08-08T17:26:47.854-04:00","eventName":"n8n.node.finished","message":"n8n.node.finished","payload":{"workflowId":"ucmiLmCdrb6FRZtp","workflowName":"Daily English Chanllenge","executionId":"284","nodeType":"n8n-nodes-base.scheduleTrigger","nodeName":"Schedule Trigger","nodeId":"b8cbe0d9-a14c-4dcb-a457-0fbc84e2f208"}}
{"__type":"$$EventMessageConfirm","confirm":"462111f0-6f31-440e-b8ae-3ff12592f554","ts":"2025-08-08T17:26:47.854-04:00","source":{"id":"0","name":"eventBus"}}
{"__type":"$$EventMessageWorkflow","id":"7b031380-e29e-4703-b561-a116803b5599","ts":"2025-08-08T17:26:47.854-04:00","eventName":"n8n.workflow.success","message":"n8n.workflow.success","payload":{"executionId":"284","success":true,"isManual":false,"workflowId":"ucmiLmCdrb6FRZtp","workflowName":"Daily English Chanllenge"}}
{"__type":"$$EventMessageConfirm","confirm":"7b031380-e29e-4703-b561-a116803b5599","ts":"2025-08-08T17:26:47.854-04:00","source":{"id":"0","name":"eventBus"}}
{"__type":"$$EventMessageWorkflow","id":"e28ae4ff-47d0-41de-b2c8-c68d234ad929","ts":"2025-08-08T17:33:06.539-04:00","eventName":"n8n.workflow.started","message":"n8n.workflow.started","payload":{"executionId":"285","workflowId":"ucmiLmCdrb6FRZtp","isManual":false,"workflowName":"Daily English Chanllenge"}}
{"__type":"$$EventMessageConfirm","confirm":"e28ae4ff-47d0-41de-b2c8-c68d234ad929","ts":"2025-08-08T17:33:06.540-04:00","source":{"id":"0","name":"eventBus"}}
{"__type":"$$EventMessageNode","id":"084914ca-05a5-4587-9c0c-5befaef963bd","ts":"2025-08-08T17:33:06.540-04:00","eventName":"n8n.node.started","message":"n8n.node.started","payload":{"workflowId":"ucmiLmCdrb6FRZtp","workflowName":"Daily English Chanllenge","executionId":"285","nodeType":"n8n-nodes-base.scheduleTrigger","nodeName":"Schedule Trigger","nodeId":"b8cbe0d9-a14c-4dcb-a457-0fbc84e2f208"}}
{"__type":"$$EventMessageConfirm","confirm":"084914ca-05a5-4587-9c0c-5befaef963bd","ts":"2025-08-08T17:33:06.540-04:00","source":{"id":"0","name":"eventBus"}}
{"__type":"$$EventMessageNode","id":"a1fdf92e-5031-45b5-b2a1-1af4e3eaeb64","ts":"2025-08-08T17:33:06.540-04:00","eventName":"n8n.node.finished","message":"n8n.node.finished","payload":{"workflowId":"ucmiLmCdrb6FRZtp","workflowName":"Daily English Chanllenge","executionId":"285","nodeType":"n8n-nodes-base.scheduleTrigger","nodeName":"Schedule Trigger","nodeId":"b8cbe0d9-a14c-4dcb-a457-0fbc84e2f208"}}
{"__type":"$$EventMessageConfirm","confirm":"a1fdf92e-5031-45b5-b2a1-1af4e3eaeb64","ts":"2025-08-08T17:33:06.540-04:00","source":{"id":"0","name":"eventBus"}}
{"__type":"$$EventMessageWorkflow","id":"0035fc71-043e-414e-a281-10f0c40ba194","ts":"2025-08-08T17:33:06.540-04:00","eventName":"n8n.workflow.success","message":"n8n.workflow.success","payload":{"executionId":"285","success":true,"isManual":false,"workflowId":"ucmiLmCdrb6FRZtp","workflowName":"Daily English Chanllenge"}}
{"__type":"$$EventMessageConfirm","confirm":"0035fc71-043e-414e-a281-10f0c40ba194","ts":"2025-08-08T17:33:06.540-04:00","source":{"id":"0","name":"eventBus"}}
{"__type":"$$EventMessageWorkflow","id":"e6b9a920-584b-42ed-bbf1-b3e76acea89b","ts":"2025-08-08T17:36:49.121-04:00","eventName":"n8n.workflow.started","message":"n8n.workflow.started","payload":{"executionId":"286","workflowId":"ucmiLmCdrb6FRZtp","isManual":false,"workflowName":"Daily English Chanllenge"}}
{"__type":"$$EventMessageConfirm","confirm":"e6b9a920-584b-42ed-bbf1-b3e76acea89b","ts":"2025-08-08T17:36:49.121-04:00","source":{"id":"0","name":"eventBus"}}
{"__type":"$$EventMessageNode","id":"15061abc-159a-40c1-995a-a02be70ac116","ts":"2025-08-08T17:36:49.121-04:00","eventName":"n8n.node.started","message":"n8n.node.started","payload":{"workflowId":"ucmiLmCdrb6FRZtp","workflowName":"Daily English Chanllenge","executionId":"286","nodeType":"n8n-nodes-base.scheduleTrigger","nodeName":"Schedule Trigger","nodeId":"b8cbe0d9-a14c-4dcb-a457-0fbc84e2f208"}}
{"__type":"$$EventMessageConfirm","confirm":"15061abc-159a-40c1-995a-a02be70ac116","ts":"2025-08-08T17:36:49.121-04:00","source":{"id":"0","name":"eventBus"}}
{"__type":"$$EventMessageNode","id":"f59af062-d849-4e98-a372-bbc075769ad7","ts":"2025-08-08T17:36:49.122-04:00","eventName":"n8n.node.finished","message":"n8n.node.finished","payload":{"workflowId":"ucmiLmCdrb6FRZtp","workflowName":"Daily English Chanllenge","executionId":"286","nodeType":"n8n-nodes-base.scheduleTrigger","nodeName":"Schedule Trigger","nodeId":"b8cbe0d9-a14c-4dcb-a457-0fbc84e2f208"}}
{"__type":"$$EventMessageConfirm","confirm":"f59af062-d849-4e98-a372-bbc075769ad7","ts":"2025-08-08T17:36:49.122-04:00","source":{"id":"0","name":"eventBus"}}
{"__type":"$$EventMessageWorkflow","id":"93ec8a28-526f-4706-ad54-3b506deb6b26","ts":"2025-08-08T17:36:49.122-04:00","eventName":"n8n.workflow.success","message":"n8n.workflow.success","payload":{"executionId":"286","success":true,"isManual":false,"workflowId":"ucmiLmCdrb6FRZtp","workflowName":"Daily English Chanllenge"}}
{"__type":"$$EventMessageConfirm","confirm":"93ec8a28-526f-4706-ad54-3b506deb6b26","ts":"2025-08-08T17:36:49.122-04:00","source":{"id":"0","name":"eventBus"}}
{"__type":"$$EventMessageWorkflow","id":"539997e4-36d7-41b3-a128-4e2af3ab0787","ts":"2025-08-08T17:41:46.769-04:00","eventName":"n8n.workflow.started","message":"n8n.workflow.started","payload":{"executionId":"287","workflowId":"ucmiLmCdrb6FRZtp","isManual":false,"workflowName":"Daily English Chanllenge"}}
{"__type":"$$EventMessageConfirm","confirm":"539997e4-36d7-41b3-a128-4e2af3ab0787","ts":"2025-08-08T17:41:46.769-04:00","source":{"id":"0","name":"eventBus"}}
{"__type":"$$EventMessageNode","id":"3bf77eb4-dc1a-4326-b855-01bbf9cf8eec","ts":"2025-08-08T17:41:46.769-04:00","eventName":"n8n.node.started","message":"n8n.node.started","payload":{"workflowId":"ucmiLmCdrb6FRZtp","workflowName":"Daily English Chanllenge","executionId":"287","nodeType":"n8n-nodes-base.scheduleTrigger","nodeName":"Schedule Trigger","nodeId":"b8cbe0d9-a14c-4dcb-a457-0fbc84e2f208"}}
{"__type":"$$EventMessageConfirm","confirm":"3bf77eb4-dc1a-4326-b855-01bbf9cf8eec","ts":"2025-08-08T17:41:46.769-04:00","source":{"id":"0","name":"eventBus"}}
{"__type":"$$EventMessageNode","id":"da586c17-788d-47b1-a8fa-83541c28368d","ts":"2025-08-08T17:41:46.769-04:00","eventName":"n8n.node.finished","message":"n8n.node.finished","payload":{"workflowId":"ucmiLmCdrb6FRZtp","workflowName":"Daily English Chanllenge","executionId":"287","nodeType":"n8n-nodes-base.scheduleTrigger","nodeName":"Schedule Trigger","nodeId":"b8cbe0d9-a14c-4dcb-a457-0fbc84e2f208"}}
{"__type":"$$EventMessageConfirm","confirm":"da586c17-788d-47b1-a8fa-83541c28368d","ts":"2025-08-08T17:41:46.769-04:00","source":{"id":"0","name":"eventBus"}}
{"__type":"$$EventMessageWorkflow","id":"3abe3c87-a10e-49f8-9299-d99de784c619","ts":"2025-08-08T17:41:46.770-04:00","eventName":"n8n.workflow.success","message":"n8n.workflow.success","payload":{"executionId":"287","success":true,"isManual":false,"workflowId":"ucmiLmCdrb6FRZtp","workflowName":"Daily English Chanllenge"}}
{"__type":"$$EventMessageConfirm","confirm":"3abe3c87-a10e-49f8-9299-d99de784c619","ts":"2025-08-08T17:41:46.770-04:00","source":{"id":"0","name":"eventBus"}}
{"__type":"$$EventMessageWorkflow","id":"79f58d91-fd5a-4224-b3d5-6f515cf937c9","ts":"2025-08-08T17:48:05.813-04:00","eventName":"n8n.workflow.started","message":"n8n.workflow.started","payload":{"executionId":"288","workflowId":"ucmiLmCdrb6FRZtp","isManual":false,"workflowName":"Daily English Chanllenge"}}
{"__type":"$$EventMessageConfirm","confirm":"79f58d91-fd5a-4224-b3d5-6f515cf937c9","ts":"2025-08-08T17:48:05.814-04:00","source":{"id":"0","name":"eventBus"}}
{"__type":"$$EventMessageNode","id":"ab2c3d32-b5d1-4bf4-a1e2-75bc5b26ef85","ts":"2025-08-08T17:48:05.814-04:00","eventName":"n8n.node.started","message":"n8n.node.started","payload":{"workflowId":"ucmiLmCdrb6FRZtp","workflowName":"Daily English Chanllenge","executionId":"288","nodeType":"n8n-nodes-base.scheduleTrigger","nodeName":"Schedule Trigger","nodeId":"b8cbe0d9-a14c-4dcb-a457-0fbc84e2f208"}}
{"__type":"$$EventMessageConfirm","confirm":"ab2c3d32-b5d1-4bf4-a1e2-75bc5b26ef85","ts":"2025-08-08T17:48:05.814-04:00","source":{"id":"0","name":"eventBus"}}
{"__type":"$$EventMessageNode","id":"9fe5f9a4-2822-4495-bf66-7cf0aad99697","ts":"2025-08-08T17:48:05.814-04:00","eventName":"n8n.node.finished","message":"n8n.node.finished","payload":{"workflowId":"ucmiLmCdrb6FRZtp","workflowName":"Daily English Chanllenge","executionId":"288","nodeType":"n8n-nodes-base.scheduleTrigger","nodeName":"Schedule Trigger","nodeId":"b8cbe0d9-a14c-4dcb-a457-0fbc84e2f208"}}
{"__type":"$$EventMessageConfirm","confirm":"9fe5f9a4-2822-4495-bf66-7cf0aad99697","ts":"2025-08-08T17:48:05.814-04:00","source":{"id":"0","name":"eventBus"}}
{"__type":"$$EventMessageWorkflow","id":"68fdf8b7-918f-4eee-bf4b-820d8832aa62","ts":"2025-08-08T17:48:05.814-04:00","eventName":"n8n.workflow.success","message":"n8n.workflow.success","payload":{"executionId":"288","success":true,"isManual":false,"workflowId":"ucmiLmCdrb6FRZtp","workflowName":"Daily English Chanllenge"}}
{"__type":"$$EventMessageConfirm","confirm":"68fdf8b7-918f-4eee-bf4b-820d8832aa62","ts":"2025-08-08T17:48:05.814-04:00","source":{"id":"0","name":"eventBus"}}
{"__type":"$$EventMessageWorkflow","id":"bf1dc0c1-1e74-4cb0-9520-aa9f8537d040","ts":"2025-08-08T17:51:48.813-04:00","eventName":"n8n.workflow.started","message":"n8n.workflow.started","payload":{"executionId":"289","workflowId":"ucmiLmCdrb6FRZtp","isManual":false,"workflowName":"Daily English Chanllenge"}}
{"__type":"$$EventMessageConfirm","confirm":"bf1dc0c1-1e74-4cb0-9520-aa9f8537d040","ts":"2025-08-08T17:51:48.813-04:00","source":{"id":"0","name":"eventBus"}}
{"__type":"$$EventMessageNode","id":"9591f1fd-7965-43c1-9c6f-40a7757e38bf","ts":"2025-08-08T17:51:48.813-04:00","eventName":"n8n.node.started","message":"n8n.node.started","payload":{"workflowId":"ucmiLmCdrb6FRZtp","workflowName":"Daily English Chanllenge","executionId":"289","nodeType":"n8n-nodes-base.scheduleTrigger","nodeName":"Schedule Trigger","nodeId":"b8cbe0d9-a14c-4dcb-a457-0fbc84e2f208"}}
{"__type":"$$EventMessageConfirm","confirm":"9591f1fd-7965-43c1-9c6f-40a7757e38bf","ts":"2025-08-08T17:51:48.813-04:00","source":{"id":"0","name":"eventBus"}}
{"__type":"$$EventMessageNode","id":"9a5b00a2-9b92-4ed4-8b78-f0666535ef5d","ts":"2025-08-08T17:51:48.813-04:00","eventName":"n8n.node.finished","message":"n8n.node.finished","payload":{"workflowId":"ucmiLmCdrb6FRZtp","workflowName":"Daily English Chanllenge","executionId":"289","nodeType":"n8n-nodes-base.scheduleTrigger","nodeName":"Schedule Trigger","nodeId":"b8cbe0d9-a14c-4dcb-a457-0fbc84e2f208"}}
{"__type":"$$EventMessageConfirm","confirm":"9a5b00a2-9b92-4ed4-8b78-f0666535ef5d","ts":"2025-08-08T17:51:48.813-04:00","source":{"id":"0","name":"eventBus"}}
{"__type":"$$EventMessageWorkflow","id":"9bdeb245-b6ea-4ba8-a783-fad27cf35622","ts":"2025-08-08T17:51:48.813-04:00","eventName":"n8n.workflow.success","message":"n8n.workflow.success","payload":{"executionId":"289","success":true,"isManual":false,"workflowId":"ucmiLmCdrb6FRZtp","workflowName":"Daily English Chanllenge"}}
{"__type":"$$EventMessageConfirm","confirm":"9bdeb245-b6ea-4ba8-a783-fad27cf35622","ts":"2025-08-08T17:51:48.813-04:00","source":{"id":"0","name":"eventBus"}}
{"__type":"$$EventMessageWorkflow","id":"860d8df1-11e1-4e9d-8753-f21afe22444f","ts":"2025-08-08T17:56:48.977-04:00","eventName":"n8n.workflow.started","message":"n8n.workflow.started","payload":{"executionId":"290","workflowId":"ucmiLmCdrb6FRZtp","isManual":false,"workflowName":"Daily English Chanllenge"}}
{"__type":"$$EventMessageConfirm","confirm":"860d8df1-11e1-4e9d-8753-f21afe22444f","ts":"2025-08-08T17:56:48.978-04:00","source":{"id":"0","name":"eventBus"}}
{"__type":"$$EventMessageNode","id":"9c2cdb18-642c-48b3-a14b-912662df1e0c","ts":"2025-08-08T17:56:48.978-04:00","eventName":"n8n.node.started","message":"n8n.node.started","payload":{"workflowId":"ucmiLmCdrb6FRZtp","workflowName":"Daily English Chanllenge","executionId":"290","nodeType":"n8n-nodes-base.scheduleTrigger","nodeName":"Schedule Trigger","nodeId":"b8cbe0d9-a14c-4dcb-a457-0fbc84e2f208"}}
{"__type":"$$EventMessageConfirm","confirm":"9c2cdb18-642c-48b3-a14b-912662df1e0c","ts":"2025-08-08T17:56:48.978-04:00","source":{"id":"0","name":"eventBus"}}
{"__type":"$$EventMessageNode","id":"e911fd3e-7fd9-4703-bd38-d0fce83f51be","ts":"2025-08-08T17:56:48.978-04:00","eventName":"n8n.node.finished","message":"n8n.node.finished","payload":{"workflowId":"ucmiLmCdrb6FRZtp","workflowName":"Daily English Chanllenge","executionId":"290","nodeType":"n8n-nodes-base.scheduleTrigger","nodeName":"Schedule Trigger","nodeId":"b8cbe0d9-a14c-4dcb-a457-0fbc84e2f208"}}
{"__type":"$$EventMessageConfirm","confirm":"e911fd3e-7fd9-4703-bd38-d0fce83f51be","ts":"2025-08-08T17:56:48.978-04:00","source":{"id":"0","name":"eventBus"}}
{"__type":"$$EventMessageWorkflow","id":"1af4c084-971a-4115-bee9-45b8c8acc191","ts":"2025-08-08T17:56:48.978-04:00","eventName":"n8n.workflow.success","message":"n8n.workflow.success","payload":{"executionId":"290","success":true,"isManual":false,"workflowId":"ucmiLmCdrb6FRZtp","workflowName":"Daily English Chanllenge"}}
{"__type":"$$EventMessageConfirm","confirm":"1af4c084-971a-4115-bee9-45b8c8acc191","ts":"2025-08-08T17:56:48.978-04:00","source":{"id":"0","name":"eventBus"}}
{"__type":"$$EventMessageWorkflow","id":"ad587c0d-7a73-4ccc-9d03-2324546a4a57","ts":"2025-08-08T18:03:05.668-04:00","eventName":"n8n.workflow.started","message":"n8n.workflow.started","payload":{"executionId":"291","workflowId":"ucmiLmCdrb6FRZtp","isManual":false,"workflowName":"Daily English Chanllenge"}}
{"__type":"$$EventMessageConfirm","confirm":"ad587c0d-7a73-4ccc-9d03-2324546a4a57","ts":"2025-08-08T18:03:05.668-04:00","source":{"id":"0","name":"eventBus"}}
{"__type":"$$EventMessageNode","id":"b8046371-be61-4f73-aced-31d03c93446b","ts":"2025-08-08T18:03:05.669-04:00","eventName":"n8n.node.started","message":"n8n.node.started","payload":{"workflowId":"ucmiLmCdrb6FRZtp","workflowName":"Daily English Chanllenge","executionId":"291","nodeType":"n8n-nodes-base.scheduleTrigger","nodeName":"Schedule Trigger","nodeId":"b8cbe0d9-a14c-4dcb-a457-0fbc84e2f208"}}
{"__type":"$$EventMessageConfirm","confirm":"b8046371-be61-4f73-aced-31d03c93446b","ts":"2025-08-08T18:03:05.669-04:00","source":{"id":"0","name":"eventBus"}}
{"__type":"$$EventMessageNode","id":"1714be01-8f4f-421c-ae29-6de4dc137f1e","ts":"2025-08-08T18:03:05.669-04:00","eventName":"n8n.node.finished","message":"n8n.node.finished","payload":{"workflowId":"ucmiLmCdrb6FRZtp","workflowName":"Daily English Chanllenge","executionId":"291","nodeType":"n8n-nodes-base.scheduleTrigger","nodeName":"Schedule Trigger","nodeId":"b8cbe0d9-a14c-4dcb-a457-0fbc84e2f208"}}
{"__type":"$$EventMessageConfirm","confirm":"1714be01-8f4f-421c-ae29-6de4dc137f1e","ts":"2025-08-08T18:03:05.669-04:00","source":{"id":"0","name":"eventBus"}}
{"__type":"$$EventMessageWorkflow","id":"a3c15ae7-4c8f-4e80-a4f0-7ad71e530a88","ts":"2025-08-08T18:03:05.669-04:00","eventName":"n8n.workflow.success","message":"n8n.workflow.success","payload":{"executionId":"291","success":true,"isManual":false,"workflowId":"ucmiLmCdrb6FRZtp","workflowName":"Daily English Chanllenge"}}
{"__type":"$$EventMessageConfirm","confirm":"a3c15ae7-4c8f-4e80-a4f0-7ad71e530a88","ts":"2025-08-08T18:03:05.669-04:00","source":{"id":"0","name":"eventBus"}}
{"__type":"$$EventMessageWorkflow","id":"dce1f26f-ee28-4b02-ab70-abb9e6b8befa","ts":"2025-08-08T18:06:47.813-04:00","eventName":"n8n.workflow.started","message":"n8n.workflow.started","payload":{"executionId":"292","workflowId":"ucmiLmCdrb6FRZtp","isManual":false,"workflowName":"Daily English Chanllenge"}}
{"__type":"$$EventMessageConfirm","confirm":"dce1f26f-ee28-4b02-ab70-abb9e6b8befa","ts":"2025-08-08T18:06:47.813-04:00","source":{"id":"0","name":"eventBus"}}
{"__type":"$$EventMessageNode","id":"e27a6118-5760-4537-8da4-563b4d89b329","ts":"2025-08-08T18:06:47.813-04:00","eventName":"n8n.node.started","message":"n8n.node.started","payload":{"workflowId":"ucmiLmCdrb6FRZtp","workflowName":"Daily English Chanllenge","executionId":"292","nodeType":"n8n-nodes-base.scheduleTrigger","nodeName":"Schedule Trigger","nodeId":"b8cbe0d9-a14c-4dcb-a457-0fbc84e2f208"}}
{"__type":"$$EventMessageConfirm","confirm":"e27a6118-5760-4537-8da4-563b4d89b329","ts":"2025-08-08T18:06:47.813-04:00","source":{"id":"0","name":"eventBus"}}
{"__type":"$$EventMessageNode","id":"73d74095-f141-4d06-a469-2bd7b29ce0d4","ts":"2025-08-08T18:06:47.813-04:00","eventName":"n8n.node.finished","message":"n8n.node.finished","payload":{"workflowId":"ucmiLmCdrb6FRZtp","workflowName":"Daily English Chanllenge","executionId":"292","nodeType":"n8n-nodes-base.scheduleTrigger","nodeName":"Schedule Trigger","nodeId":"b8cbe0d9-a14c-4dcb-a457-0fbc84e2f208"}}
{"__type":"$$EventMessageConfirm","confirm":"73d74095-f141-4d06-a469-2bd7b29ce0d4","ts":"2025-08-08T18:06:47.813-04:00","source":{"id":"0","name":"eventBus"}}
{"__type":"$$EventMessageWorkflow","id":"e0bd3e1f-a635-4b31-8625-395179d756a0","ts":"2025-08-08T18:06:47.813-04:00","eventName":"n8n.workflow.success","message":"n8n.workflow.success","payload":{"executionId":"292","success":true,"isManual":false,"workflowId":"ucmiLmCdrb6FRZtp","workflowName":"Daily English Chanllenge"}}
{"__type":"$$EventMessageConfirm","confirm":"e0bd3e1f-a635-4b31-8625-395179d756a0","ts":"2025-08-08T18:06:47.813-04:00","source":{"id":"0","name":"eventBus"}}
{"__type":"$$EventMessageWorkflow","id":"58134126-4841-4425-9644-97a3d9c2acc6","ts":"2025-08-08T18:11:48.851-04:00","eventName":"n8n.workflow.started","message":"n8n.workflow.started","payload":{"executionId":"293","workflowId":"ucmiLmCdrb6FRZtp","isManual":false,"workflowName":"Daily English Chanllenge"}}
{"__type":"$$EventMessageConfirm","confirm":"58134126-4841-4425-9644-97a3d9c2acc6","ts":"2025-08-08T18:11:48.851-04:00","source":{"id":"0","name":"eventBus"}}
{"__type":"$$EventMessageNode","id":"fb3253fd-f5bb-4b6c-9e55-3a79824ba8d4","ts":"2025-08-08T18:11:48.851-04:00","eventName":"n8n.node.started","message":"n8n.node.started","payload":{"workflowId":"ucmiLmCdrb6FRZtp","workflowName":"Daily English Chanllenge","executionId":"293","nodeType":"n8n-nodes-base.scheduleTrigger","nodeName":"Schedule Trigger","nodeId":"b8cbe0d9-a14c-4dcb-a457-0fbc84e2f208"}}
{"__type":"$$EventMessageConfirm","confirm":"fb3253fd-f5bb-4b6c-9e55-3a79824ba8d4","ts":"2025-08-08T18:11:48.851-04:00","source":{"id":"0","name":"eventBus"}}
{"__type":"$$EventMessageNode","id":"e208aea3-efa2-4550-b52f-19e6e3245ad5","ts":"2025-08-08T18:11:48.851-04:00","eventName":"n8n.node.finished","message":"n8n.node.finished","payload":{"workflowId":"ucmiLmCdrb6FRZtp","workflowName":"Daily English Chanllenge","executionId":"293","nodeType":"n8n-nodes-base.scheduleTrigger","nodeName":"Schedule Trigger","nodeId":"b8cbe0d9-a14c-4dcb-a457-0fbc84e2f208"}}
{"__type":"$$EventMessageConfirm","confirm":"e208aea3-efa2-4550-b52f-19e6e3245ad5","ts":"2025-08-08T18:11:48.851-04:00","source":{"id":"0","name":"eventBus"}}
{"__type":"$$EventMessageWorkflow","id":"ac07fd5a-428d-4a6d-bec4-3daf8f3afe50","ts":"2025-08-08T18:11:48.851-04:00","eventName":"n8n.workflow.success","message":"n8n.workflow.success","payload":{"executionId":"293","success":true,"isManual":false,"workflowId":"ucmiLmCdrb6FRZtp","workflowName":"Daily English Chanllenge"}}
{"__type":"$$EventMessageConfirm","confirm":"ac07fd5a-428d-4a6d-bec4-3daf8f3afe50","ts":"2025-08-08T18:11:48.851-04:00","source":{"id":"0","name":"eventBus"}}
{"__type":"$$EventMessageWorkflow","id":"06f49c8c-1925-4400-90a5-e39881476cd9","ts":"2025-08-08T18:18:05.140-04:00","eventName":"n8n.workflow.started","message":"n8n.workflow.started","payload":{"executionId":"294","workflowId":"ucmiLmCdrb6FRZtp","isManual":false,"workflowName":"Daily English Chanllenge"}}
{"__type":"$$EventMessageConfirm","confirm":"06f49c8c-1925-4400-90a5-e39881476cd9","ts":"2025-08-08T18:18:05.140-04:00","source":{"id":"0","name":"eventBus"}}
{"__type":"$$EventMessageNode","id":"6ccf6f27-6c6c-412f-b049-1c65c0254ea7","ts":"2025-08-08T18:18:05.140-04:00","eventName":"n8n.node.started","message":"n8n.node.started","payload":{"workflowId":"ucmiLmCdrb6FRZtp","workflowName":"Daily English Chanllenge","executionId":"294","nodeType":"n8n-nodes-base.scheduleTrigger","nodeName":"Schedule Trigger","nodeId":"b8cbe0d9-a14c-4dcb-a457-0fbc84e2f208"}}
{"__type":"$$EventMessageConfirm","confirm":"6ccf6f27-6c6c-412f-b049-1c65c0254ea7","ts":"2025-08-08T18:18:05.140-04:00","source":{"id":"0","name":"eventBus"}}
{"__type":"$$EventMessageNode","id":"b4825799-830f-4956-8649-f7d898cba407","ts":"2025-08-08T18:18:05.140-04:00","eventName":"n8n.node.finished","message":"n8n.node.finished","payload":{"workflowId":"ucmiLmCdrb6FRZtp","workflowName":"Daily English Chanllenge","executionId":"294","nodeType":"n8n-nodes-base.scheduleTrigger","nodeName":"Schedule Trigger","nodeId":"b8cbe0d9-a14c-4dcb-a457-0fbc84e2f208"}}
{"__type":"$$EventMessageConfirm","confirm":"b4825799-830f-4956-8649-f7d898cba407","ts":"2025-08-08T18:18:05.140-04:00","source":{"id":"0","name":"eventBus"}}
{"__type":"$$EventMessageWorkflow","id":"13358586-bb9b-44d5-8694-934046bc9cd4","ts":"2025-08-08T18:18:05.140-04:00","eventName":"n8n.workflow.success","message":"n8n.workflow.success","payload":{"executionId":"294","success":true,"isManual":false,"workflowId":"ucmiLmCdrb6FRZtp","workflowName":"Daily English Chanllenge"}}
{"__type":"$$EventMessageConfirm","confirm":"13358586-bb9b-44d5-8694-934046bc9cd4","ts":"2025-08-08T18:18:05.140-04:00","source":{"id":"0","name":"eventBus"}}
{"__type":"$$EventMessageWorkflow","id":"68404c05-3127-4c49-a8c2-898a6900373d","ts":"2025-08-08T18:21:48.755-04:00","eventName":"n8n.workflow.started","message":"n8n.workflow.started","payload":{"executionId":"295","workflowId":"ucmiLmCdrb6FRZtp","isManual":false,"workflowName":"Daily English Chanllenge"}}
{"__type":"$$EventMessageConfirm","confirm":"68404c05-3127-4c49-a8c2-898a6900373d","ts":"2025-08-08T18:21:48.755-04:00","source":{"id":"0","name":"eventBus"}}
{"__type":"$$EventMessageNode","id":"67be9fa4-925a-4026-8b33-856a65a03bbf","ts":"2025-08-08T18:21:48.755-04:00","eventName":"n8n.node.started","message":"n8n.node.started","payload":{"workflowId":"ucmiLmCdrb6FRZtp","workflowName":"Daily English Chanllenge","executionId":"295","nodeType":"n8n-nodes-base.scheduleTrigger","nodeName":"Schedule Trigger","nodeId":"b8cbe0d9-a14c-4dcb-a457-0fbc84e2f208"}}
{"__type":"$$EventMessageConfirm","confirm":"67be9fa4-925a-4026-8b33-856a65a03bbf","ts":"2025-08-08T18:21:48.755-04:00","source":{"id":"0","name":"eventBus"}}
{"__type":"$$EventMessageNode","id":"cba63e49-a4f2-46cb-922f-26156cab877c","ts":"2025-08-08T18:21:48.756-04:00","eventName":"n8n.node.finished","message":"n8n.node.finished","payload":{"workflowId":"ucmiLmCdrb6FRZtp","workflowName":"Daily English Chanllenge","executionId":"295","nodeType":"n8n-nodes-base.scheduleTrigger","nodeName":"Schedule Trigger","nodeId":"b8cbe0d9-a14c-4dcb-a457-0fbc84e2f208"}}
{"__type":"$$EventMessageConfirm","confirm":"cba63e49-a4f2-46cb-922f-26156cab877c","ts":"2025-08-08T18:21:48.756-04:00","source":{"id":"0","name":"eventBus"}}
{"__type":"$$EventMessageWorkflow","id":"16c7d24d-d71d-4bd2-b186-fbe96ab3065e","ts":"2025-08-08T18:21:48.756-04:00","eventName":"n8n.workflow.success","message":"n8n.workflow.success","payload":{"executionId":"295","success":true,"isManual":false,"workflowId":"ucmiLmCdrb6FRZtp","workflowName":"Daily English Chanllenge"}}
{"__type":"$$EventMessageConfirm","confirm":"16c7d24d-d71d-4bd2-b186-fbe96ab3065e","ts":"2025-08-08T18:21:48.756-04:00","source":{"id":"0","name":"eventBus"}}
{"__type":"$$EventMessageWorkflow","id":"63fb7c78-daae-4995-b98f-3b5c802f3570","ts":"2025-08-08T18:26:49.015-04:00","eventName":"n8n.workflow.started","message":"n8n.workflow.started","payload":{"executionId":"296","workflowId":"ucmiLmCdrb6FRZtp","isManual":false,"workflowName":"Daily English Chanllenge"}}
{"__type":"$$EventMessageConfirm","confirm":"63fb7c78-daae-4995-b98f-3b5c802f3570","ts":"2025-08-08T18:26:49.015-04:00","source":{"id":"0","name":"eventBus"}}
{"__type":"$$EventMessageNode","id":"29d44810-140e-4386-b834-322acd9421b9","ts":"2025-08-08T18:26:49.015-04:00","eventName":"n8n.node.started","message":"n8n.node.started","payload":{"workflowId":"ucmiLmCdrb6FRZtp","workflowName":"Daily English Chanllenge","executionId":"296","nodeType":"n8n-nodes-base.scheduleTrigger","nodeName":"Schedule Trigger","nodeId":"b8cbe0d9-a14c-4dcb-a457-0fbc84e2f208"}}
{"__type":"$$EventMessageConfirm","confirm":"29d44810-140e-4386-b834-322acd9421b9","ts":"2025-08-08T18:26:49.015-04:00","source":{"id":"0","name":"eventBus"}}
{"__type":"$$EventMessageNode","id":"92ac2527-b490-4621-9d33-8b94afe3de44","ts":"2025-08-08T18:26:49.015-04:00","eventName":"n8n.node.finished","message":"n8n.node.finished","payload":{"workflowId":"ucmiLmCdrb6FRZtp","workflowName":"Daily English Chanllenge","executionId":"296","nodeType":"n8n-nodes-base.scheduleTrigger","nodeName":"Schedule Trigger","nodeId":"b8cbe0d9-a14c-4dcb-a457-0fbc84e2f208"}}
{"__type":"$$EventMessageConfirm","confirm":"92ac2527-b490-4621-9d33-8b94afe3de44","ts":"2025-08-08T18:26:49.015-04:00","source":{"id":"0","name":"eventBus"}}
{"__type":"$$EventMessageWorkflow","id":"7411561f-3294-43ac-9672-19c75a9420b8","ts":"2025-08-08T18:26:49.015-04:00","eventName":"n8n.workflow.success","message":"n8n.workflow.success","payload":{"executionId":"296","success":true,"isManual":false,"workflowId":"ucmiLmCdrb6FRZtp","workflowName":"Daily English Chanllenge"}}
{"__type":"$$EventMessageConfirm","confirm":"7411561f-3294-43ac-9672-19c75a9420b8","ts":"2025-08-08T18:26:49.015-04:00","source":{"id":"0","name":"eventBus"}}
{"__type":"$$EventMessageWorkflow","id":"6938b1c0-d09d-4053-8b1e-e31e292b81cb","ts":"2025-08-08T18:33:05.593-04:00","eventName":"n8n.workflow.started","message":"n8n.workflow.started","payload":{"executionId":"297","workflowId":"ucmiLmCdrb6FRZtp","isManual":false,"workflowName":"Daily English Chanllenge"}}
{"__type":"$$EventMessageConfirm","confirm":"6938b1c0-d09d-4053-8b1e-e31e292b81cb","ts":"2025-08-08T18:33:05.593-04:00","source":{"id":"0","name":"eventBus"}}
{"__type":"$$EventMessageNode","id":"1812cc89-3123-4766-8fe7-e43564b7f77d","ts":"2025-08-08T18:33:05.593-04:00","eventName":"n8n.node.started","message":"n8n.node.started","payload":{"workflowId":"ucmiLmCdrb6FRZtp","workflowName":"Daily English Chanllenge","executionId":"297","nodeType":"n8n-nodes-base.scheduleTrigger","nodeName":"Schedule Trigger","nodeId":"b8cbe0d9-a14c-4dcb-a457-0fbc84e2f208"}}
{"__type":"$$EventMessageConfirm","confirm":"1812cc89-3123-4766-8fe7-e43564b7f77d","ts":"2025-08-08T18:33:05.594-04:00","source":{"id":"0","name":"eventBus"}}
{"__type":"$$EventMessageNode","id":"23e1765d-d680-4f88-9247-7f2e36b8900e","ts":"2025-08-08T18:33:05.594-04:00","eventName":"n8n.node.finished","message":"n8n.node.finished","payload":{"workflowId":"ucmiLmCdrb6FRZtp","workflowName":"Daily English Chanllenge","executionId":"297","nodeType":"n8n-nodes-base.scheduleTrigger","nodeName":"Schedule Trigger","nodeId":"b8cbe0d9-a14c-4dcb-a457-0fbc84e2f208"}}
{"__type":"$$EventMessageConfirm","confirm":"23e1765d-d680-4f88-9247-7f2e36b8900e","ts":"2025-08-08T18:33:05.594-04:00","source":{"id":"0","name":"eventBus"}}
{"__type":"$$EventMessageWorkflow","id":"ba1ab73b-9d09-4bdf-a4dc-8192fa23a413","ts":"2025-08-08T18:33:05.594-04:00","eventName":"n8n.workflow.success","message":"n8n.workflow.success","payload":{"executionId":"297","success":true,"isManual":false,"workflowId":"ucmiLmCdrb6FRZtp","workflowName":"Daily English Chanllenge"}}
{"__type":"$$EventMessageConfirm","confirm":"ba1ab73b-9d09-4bdf-a4dc-8192fa23a413","ts":"2025-08-08T18:33:05.594-04:00","source":{"id":"0","name":"eventBus"}}
{"__type":"$$EventMessageWorkflow","id":"1898200c-d86b-4baf-b7a7-9db6a079a335","ts":"2025-08-08T18:35:31.059-04:00","eventName":"n8n.workflow.started","message":"n8n.workflow.started","payload":{"executionId":"298","workflowId":"ucmiLmCdrb6FRZtp","isManual":false,"workflowName":"Daily English Chanllenge"}}
{"__type":"$$EventMessageConfirm","confirm":"1898200c-d86b-4baf-b7a7-9db6a079a335","ts":"2025-08-08T18:35:31.059-04:00","source":{"id":"0","name":"eventBus"}}
{"__type":"$$EventMessageNode","id":"bde84d78-a55e-44d2-9689-8c5d606bc00b","ts":"2025-08-08T18:35:31.059-04:00","eventName":"n8n.node.started","message":"n8n.node.started","payload":{"workflowId":"ucmiLmCdrb6FRZtp","workflowName":"Daily English Chanllenge","executionId":"298","nodeType":"n8n-nodes-base.scheduleTrigger","nodeName":"Schedule Trigger","nodeId":"b8cbe0d9-a14c-4dcb-a457-0fbc84e2f208"}}
{"__type":"$$EventMessageConfirm","confirm":"bde84d78-a55e-44d2-9689-8c5d606bc00b","ts":"2025-08-08T18:35:31.059-04:00","source":{"id":"0","name":"eventBus"}}
{"__type":"$$EventMessageNode","id":"2d9c5249-8559-43b6-92f5-b3071ed09cb9","ts":"2025-08-08T18:35:31.059-04:00","eventName":"n8n.node.finished","message":"n8n.node.finished","payload":{"workflowId":"ucmiLmCdrb6FRZtp","workflowName":"Daily English Chanllenge","executionId":"298","nodeType":"n8n-nodes-base.scheduleTrigger","nodeName":"Schedule Trigger","nodeId":"b8cbe0d9-a14c-4dcb-a457-0fbc84e2f208"}}
{"__type":"$$EventMessageConfirm","confirm":"2d9c5249-8559-43b6-92f5-b3071ed09cb9","ts":"2025-08-08T18:35:31.059-04:00","source":{"id":"0","name":"eventBus"}}
{"__type":"$$EventMessageWorkflow","id":"1b9e8150-a970-4639-a601-fc784bede634","ts":"2025-08-08T18:35:31.059-04:00","eventName":"n8n.workflow.success","message":"n8n.workflow.success","payload":{"executionId":"298","success":true,"isManual":false,"workflowId":"ucmiLmCdrb6FRZtp","workflowName":"Daily English Chanllenge"}}
{"__type":"$$EventMessageConfirm","confirm":"1b9e8150-a970-4639-a601-fc784bede634","ts":"2025-08-08T18:35:31.059-04:00","source":{"id":"0","name":"eventBus"}}
{"__type":"$$EventMessageWorkflow","id":"6dd74d01-cc3d-4955-932c-7ef63faf7732","ts":"2025-08-08T18:44:21.299-04:00","eventName":"n8n.workflow.started","message":"n8n.workflow.started","payload":{"executionId":"299","workflowId":"ucmiLmCdrb6FRZtp","isManual":false,"workflowName":"Daily English Chanllenge"}}
{"__type":"$$EventMessageConfirm","confirm":"6dd74d01-cc3d-4955-932c-7ef63faf7732","ts":"2025-08-08T18:44:21.299-04:00","source":{"id":"0","name":"eventBus"}}
{"__type":"$$EventMessageNode","id":"37840224-67a6-462a-acd4-02a9c7528616","ts":"2025-08-08T18:44:21.299-04:00","eventName":"n8n.node.started","message":"n8n.node.started","payload":{"workflowId":"ucmiLmCdrb6FRZtp","workflowName":"Daily English Chanllenge","executionId":"299","nodeType":"n8n-nodes-base.scheduleTrigger","nodeName":"Schedule Trigger","nodeId":"b8cbe0d9-a14c-4dcb-a457-0fbc84e2f208"}}
{"__type":"$$EventMessageConfirm","confirm":"37840224-67a6-462a-acd4-02a9c7528616","ts":"2025-08-08T18:44:21.299-04:00","source":{"id":"0","name":"eventBus"}}
{"__type":"$$EventMessageNode","id":"0df8350b-55c9-4efb-b4af-9d798693e76c","ts":"2025-08-08T18:44:21.299-04:00","eventName":"n8n.node.finished","message":"n8n.node.finished","payload":{"workflowId":"ucmiLmCdrb6FRZtp","workflowName":"Daily English Chanllenge","executionId":"299","nodeType":"n8n-nodes-base.scheduleTrigger","nodeName":"Schedule Trigger","nodeId":"b8cbe0d9-a14c-4dcb-a457-0fbc84e2f208"}}
{"__type":"$$EventMessageConfirm","confirm":"0df8350b-55c9-4efb-b4af-9d798693e76c","ts":"2025-08-08T18:44:21.299-04:00","source":{"id":"0","name":"eventBus"}}
{"__type":"$$EventMessageWorkflow","id":"20a9f681-89fd-48b6-bc26-b163a3d95e29","ts":"2025-08-08T18:44:21.299-04:00","eventName":"n8n.workflow.success","message":"n8n.workflow.success","payload":{"executionId":"299","success":true,"isManual":false,"workflowId":"ucmiLmCdrb6FRZtp","workflowName":"Daily English Chanllenge"}}
{"__type":"$$EventMessageConfirm","confirm":"20a9f681-89fd-48b6-bc26-b163a3d95e29","ts":"2025-08-08T18:44:21.299-04:00","source":{"id":"0","name":"eventBus"}}
{"__type":"$$EventMessageWorkflow","id":"ea09f3b8-785a-463b-939d-3fb689048cfc","ts":"2025-08-08T18:45:31.208-04:00","eventName":"n8n.workflow.started","message":"n8n.workflow.started","payload":{"executionId":"300","workflowId":"ucmiLmCdrb6FRZtp","isManual":false,"workflowName":"Daily English Chanllenge"}}
{"__type":"$$EventMessageConfirm","confirm":"ea09f3b8-785a-463b-939d-3fb689048cfc","ts":"2025-08-08T18:45:31.208-04:00","source":{"id":"0","name":"eventBus"}}
{"__type":"$$EventMessageNode","id":"e41de714-4e81-413f-9886-4d955173e6b1","ts":"2025-08-08T18:45:31.208-04:00","eventName":"n8n.node.started","message":"n8n.node.started","payload":{"workflowId":"ucmiLmCdrb6FRZtp","workflowName":"Daily English Chanllenge","executionId":"300","nodeType":"n8n-nodes-base.scheduleTrigger","nodeName":"Schedule Trigger","nodeId":"b8cbe0d9-a14c-4dcb-a457-0fbc84e2f208"}}
{"__type":"$$EventMessageConfirm","confirm":"e41de714-4e81-413f-9886-4d955173e6b1","ts":"2025-08-08T18:45:31.208-04:00","source":{"id":"0","name":"eventBus"}}
{"__type":"$$EventMessageNode","id":"ec4e4c04-e102-4ad8-ba7d-6ba205e41773","ts":"2025-08-08T18:45:31.209-04:00","eventName":"n8n.node.finished","message":"n8n.node.finished","payload":{"workflowId":"ucmiLmCdrb6FRZtp","workflowName":"Daily English Chanllenge","executionId":"300","nodeType":"n8n-nodes-base.scheduleTrigger","nodeName":"Schedule Trigger","nodeId":"b8cbe0d9-a14c-4dcb-a457-0fbc84e2f208"}}
{"__type":"$$EventMessageConfirm","confirm":"ec4e4c04-e102-4ad8-ba7d-6ba205e41773","ts":"2025-08-08T18:45:31.209-04:00","source":{"id":"0","name":"eventBus"}}
{"__type":"$$EventMessageWorkflow","id":"02a81322-bdc2-4841-b432-63ef8ea04e99","ts":"2025-08-08T18:45:31.209-04:00","eventName":"n8n.workflow.success","message":"n8n.workflow.success","payload":{"executionId":"300","success":true,"isManual":false,"workflowId":"ucmiLmCdrb6FRZtp","workflowName":"Daily English Chanllenge"}}
{"__type":"$$EventMessageConfirm","confirm":"02a81322-bdc2-4841-b432-63ef8ea04e99","ts":"2025-08-08T18:45:31.209-04:00","source":{"id":"0","name":"eventBus"}}
{"__type":"$$EventMessageWorkflow","id":"994133c0-43c3-4382-8c9a-0c6a74845876","ts":"2025-08-08T18:53:05.574-04:00","eventName":"n8n.workflow.started","message":"n8n.workflow.started","payload":{"executionId":"301","workflowId":"ucmiLmCdrb6FRZtp","isManual":false,"workflowName":"Daily English Chanllenge"}}
{"__type":"$$EventMessageConfirm","confirm":"994133c0-43c3-4382-8c9a-0c6a74845876","ts":"2025-08-08T18:53:05.575-04:00","source":{"id":"0","name":"eventBus"}}
{"__type":"$$EventMessageNode","id":"417cd08d-7070-4a8d-b310-a327b7ec31a1","ts":"2025-08-08T18:53:05.575-04:00","eventName":"n8n.node.started","message":"n8n.node.started","payload":{"workflowId":"ucmiLmCdrb6FRZtp","workflowName":"Daily English Chanllenge","executionId":"301","nodeType":"n8n-nodes-base.scheduleTrigger","nodeName":"Schedule Trigger","nodeId":"b8cbe0d9-a14c-4dcb-a457-0fbc84e2f208"}}
{"__type":"$$EventMessageConfirm","confirm":"417cd08d-7070-4a8d-b310-a327b7ec31a1","ts":"2025-08-08T18:53:05.575-04:00","source":{"id":"0","name":"eventBus"}}
{"__type":"$$EventMessageNode","id":"08d38e0f-4936-4232-92d3-10768ee44082","ts":"2025-08-08T18:53:05.575-04:00","eventName":"n8n.node.finished","message":"n8n.node.finished","payload":{"workflowId":"ucmiLmCdrb6FRZtp","workflowName":"Daily English Chanllenge","executionId":"301","nodeType":"n8n-nodes-base.scheduleTrigger","nodeName":"Schedule Trigger","nodeId":"b8cbe0d9-a14c-4dcb-a457-0fbc84e2f208"}}
{"__type":"$$EventMessageConfirm","confirm":"08d38e0f-4936-4232-92d3-10768ee44082","ts":"2025-08-08T18:53:05.575-04:00","source":{"id":"0","name":"eventBus"}}
{"__type":"$$EventMessageWorkflow","id":"395afa84-315e-47cc-83b7-95e0b55e7b45","ts":"2025-08-08T18:53:05.576-04:00","eventName":"n8n.workflow.success","message":"n8n.workflow.success","payload":{"executionId":"301","success":true,"isManual":false,"workflowId":"ucmiLmCdrb6FRZtp","workflowName":"Daily English Chanllenge"}}
{"__type":"$$EventMessageConfirm","confirm":"395afa84-315e-47cc-83b7-95e0b55e7b45","ts":"2025-08-08T18:53:05.576-04:00","source":{"id":"0","name":"eventBus"}}
{"__type":"$$EventMessageWorkflow","id":"2d1592d2-d3f9-45e9-b720-9d5d067912a4","ts":"2025-08-08T18:56:48.878-04:00","eventName":"n8n.workflow.started","message":"n8n.workflow.started","payload":{"executionId":"302","workflowId":"ucmiLmCdrb6FRZtp","isManual":false,"workflowName":"Daily English Chanllenge"}}
{"__type":"$$EventMessageConfirm","confirm":"2d1592d2-d3f9-45e9-b720-9d5d067912a4","ts":"2025-08-08T18:56:48.879-04:00","source":{"id":"0","name":"eventBus"}}
{"__type":"$$EventMessageNode","id":"2189ebb4-30f5-4f75-af23-4cd93a18e956","ts":"2025-08-08T18:56:48.879-04:00","eventName":"n8n.node.started","message":"n8n.node.started","payload":{"workflowId":"ucmiLmCdrb6FRZtp","workflowName":"Daily English Chanllenge","executionId":"302","nodeType":"n8n-nodes-base.scheduleTrigger","nodeName":"Schedule Trigger","nodeId":"b8cbe0d9-a14c-4dcb-a457-0fbc84e2f208"}}
{"__type":"$$EventMessageConfirm","confirm":"2189ebb4-30f5-4f75-af23-4cd93a18e956","ts":"2025-08-08T18:56:48.879-04:00","source":{"id":"0","name":"eventBus"}}
{"__type":"$$EventMessageNode","id":"3d6956d1-09b5-453b-b541-a232658faee3","ts":"2025-08-08T18:56:48.879-04:00","eventName":"n8n.node.finished","message":"n8n.node.finished","payload":{"workflowId":"ucmiLmCdrb6FRZtp","workflowName":"Daily English Chanllenge","executionId":"302","nodeType":"n8n-nodes-base.scheduleTrigger","nodeName":"Schedule Trigger","nodeId":"b8cbe0d9-a14c-4dcb-a457-0fbc84e2f208"}}
{"__type":"$$EventMessageConfirm","confirm":"3d6956d1-09b5-453b-b541-a232658faee3","ts":"2025-08-08T18:56:48.879-04:00","source":{"id":"0","name":"eventBus"}}
{"__type":"$$EventMessageWorkflow","id":"a3f07baf-9f55-40bf-b8fa-fa7ffb5544c9","ts":"2025-08-08T18:56:48.879-04:00","eventName":"n8n.workflow.success","message":"n8n.workflow.success","payload":{"executionId":"302","success":true,"isManual":false,"workflowId":"ucmiLmCdrb6FRZtp","workflowName":"Daily English Chanllenge"}}
{"__type":"$$EventMessageConfirm","confirm":"a3f07baf-9f55-40bf-b8fa-fa7ffb5544c9","ts":"2025-08-08T18:56:48.879-04:00","source":{"id":"0","name":"eventBus"}}
{"__type":"$$EventMessageWorkflow","id":"9c7cf134-357e-4d35-9b52-c828bc44515e","ts":"2025-08-08T19:01:48.078-04:00","eventName":"n8n.workflow.started","message":"n8n.workflow.started","payload":{"executionId":"303","workflowId":"ucmiLmCdrb6FRZtp","isManual":false,"workflowName":"Daily English Chanllenge"}}
{"__type":"$$EventMessageConfirm","confirm":"9c7cf134-357e-4d35-9b52-c828bc44515e","ts":"2025-08-08T19:01:48.078-04:00","source":{"id":"0","name":"eventBus"}}
{"__type":"$$EventMessageNode","id":"6cef5f20-f63f-4aea-b6e4-87614567b047","ts":"2025-08-08T19:01:48.079-04:00","eventName":"n8n.node.started","message":"n8n.node.started","payload":{"workflowId":"ucmiLmCdrb6FRZtp","workflowName":"Daily English Chanllenge","executionId":"303","nodeType":"n8n-nodes-base.scheduleTrigger","nodeName":"Schedule Trigger","nodeId":"b8cbe0d9-a14c-4dcb-a457-0fbc84e2f208"}}
{"__type":"$$EventMessageConfirm","confirm":"6cef5f20-f63f-4aea-b6e4-87614567b047","ts":"2025-08-08T19:01:48.079-04:00","source":{"id":"0","name":"eventBus"}}
{"__type":"$$EventMessageNode","id":"09313cc3-1ea5-4d5b-8cfa-3adb0b18cdd9","ts":"2025-08-08T19:01:48.079-04:00","eventName":"n8n.node.finished","message":"n8n.node.finished","payload":{"workflowId":"ucmiLmCdrb6FRZtp","workflowName":"Daily English Chanllenge","executionId":"303","nodeType":"n8n-nodes-base.scheduleTrigger","nodeName":"Schedule Trigger","nodeId":"b8cbe0d9-a14c-4dcb-a457-0fbc84e2f208"}}
{"__type":"$$EventMessageConfirm","confirm":"09313cc3-1ea5-4d5b-8cfa-3adb0b18cdd9","ts":"2025-08-08T19:01:48.079-04:00","source":{"id":"0","name":"eventBus"}}
{"__type":"$$EventMessageWorkflow","id":"00fc772d-1184-4b3b-a41c-364a6649827e","ts":"2025-08-08T19:01:48.079-04:00","eventName":"n8n.workflow.success","message":"n8n.workflow.success","payload":{"executionId":"303","success":true,"isManual":false,"workflowId":"ucmiLmCdrb6FRZtp","workflowName":"Daily English Chanllenge"}}
{"__type":"$$EventMessageConfirm","confirm":"00fc772d-1184-4b3b-a41c-364a6649827e","ts":"2025-08-08T19:01:48.079-04:00","source":{"id":"0","name":"eventBus"}}
{"__type":"$$EventMessageWorkflow","id":"6463c2a6-7a21-460e-9377-5c25b0e73cd3","ts":"2025-08-08T19:08:06.315-04:00","eventName":"n8n.workflow.started","message":"n8n.workflow.started","payload":{"executionId":"304","workflowId":"ucmiLmCdrb6FRZtp","isManual":false,"workflowName":"Daily English Chanllenge"}}
{"__type":"$$EventMessageConfirm","confirm":"6463c2a6-7a21-460e-9377-5c25b0e73cd3","ts":"2025-08-08T19:08:06.315-04:00","source":{"id":"0","name":"eventBus"}}
{"__type":"$$EventMessageNode","id":"d727145f-6a91-4cec-b7cb-45bd7a408b0f","ts":"2025-08-08T19:08:06.315-04:00","eventName":"n8n.node.started","message":"n8n.node.started","payload":{"workflowId":"ucmiLmCdrb6FRZtp","workflowName":"Daily English Chanllenge","executionId":"304","nodeType":"n8n-nodes-base.scheduleTrigger","nodeName":"Schedule Trigger","nodeId":"b8cbe0d9-a14c-4dcb-a457-0fbc84e2f208"}}
{"__type":"$$EventMessageConfirm","confirm":"d727145f-6a91-4cec-b7cb-45bd7a408b0f","ts":"2025-08-08T19:08:06.315-04:00","source":{"id":"0","name":"eventBus"}}
{"__type":"$$EventMessageNode","id":"3656ad4e-29b0-4c86-91ba-baea2e70e299","ts":"2025-08-08T19:08:06.315-04:00","eventName":"n8n.node.finished","message":"n8n.node.finished","payload":{"workflowId":"ucmiLmCdrb6FRZtp","workflowName":"Daily English Chanllenge","executionId":"304","nodeType":"n8n-nodes-base.scheduleTrigger","nodeName":"Schedule Trigger","nodeId":"b8cbe0d9-a14c-4dcb-a457-0fbc84e2f208"}}
{"__type":"$$EventMessageConfirm","confirm":"3656ad4e-29b0-4c86-91ba-baea2e70e299","ts":"2025-08-08T19:08:06.315-04:00","source":{"id":"0","name":"eventBus"}}
{"__type":"$$EventMessageWorkflow","id":"fbdae728-ed85-4623-91ee-5f9b45ebc353","ts":"2025-08-08T19:08:06.315-04:00","eventName":"n8n.workflow.success","message":"n8n.workflow.success","payload":{"executionId":"304","success":true,"isManual":false,"workflowId":"ucmiLmCdrb6FRZtp","workflowName":"Daily English Chanllenge"}}
{"__type":"$$EventMessageConfirm","confirm":"fbdae728-ed85-4623-91ee-5f9b45ebc353","ts":"2025-08-08T19:08:06.316-04:00","source":{"id":"0","name":"eventBus"}}
{"__type":"$$EventMessageWorkflow","id":"8b6351c4-b1b9-4453-8fdd-947ff147c758","ts":"2025-08-08T19:11:47.828-04:00","eventName":"n8n.workflow.started","message":"n8n.workflow.started","payload":{"executionId":"305","workflowId":"ucmiLmCdrb6FRZtp","isManual":false,"workflowName":"Daily English Chanllenge"}}
{"__type":"$$EventMessageConfirm","confirm":"8b6351c4-b1b9-4453-8fdd-947ff147c758","ts":"2025-08-08T19:11:47.828-04:00","source":{"id":"0","name":"eventBus"}}
{"__type":"$$EventMessageNode","id":"876ecd36-1e7b-4e3e-bcca-4fa76f03e79a","ts":"2025-08-08T19:11:47.828-04:00","eventName":"n8n.node.started","message":"n8n.node.started","payload":{"workflowId":"ucmiLmCdrb6FRZtp","workflowName":"Daily English Chanllenge","executionId":"305","nodeType":"n8n-nodes-base.scheduleTrigger","nodeName":"Schedule Trigger","nodeId":"b8cbe0d9-a14c-4dcb-a457-0fbc84e2f208"}}
{"__type":"$$EventMessageConfirm","confirm":"876ecd36-1e7b-4e3e-bcca-4fa76f03e79a","ts":"2025-08-08T19:11:47.828-04:00","source":{"id":"0","name":"eventBus"}}
{"__type":"$$EventMessageNode","id":"1fabe063-7c75-4f06-95df-44079a439b99","ts":"2025-08-08T19:11:47.828-04:00","eventName":"n8n.node.finished","message":"n8n.node.finished","payload":{"workflowId":"ucmiLmCdrb6FRZtp","workflowName":"Daily English Chanllenge","executionId":"305","nodeType":"n8n-nodes-base.scheduleTrigger","nodeName":"Schedule Trigger","nodeId":"b8cbe0d9-a14c-4dcb-a457-0fbc84e2f208"}}
{"__type":"$$EventMessageConfirm","confirm":"1fabe063-7c75-4f06-95df-44079a439b99","ts":"2025-08-08T19:11:47.828-04:00","source":{"id":"0","name":"eventBus"}}
{"__type":"$$EventMessageWorkflow","id":"0a440b45-8727-4871-b01c-2f02d49d58e1","ts":"2025-08-08T19:11:47.828-04:00","eventName":"n8n.workflow.success","message":"n8n.workflow.success","payload":{"executionId":"305","success":true,"isManual":false,"workflowId":"ucmiLmCdrb6FRZtp","workflowName":"Daily English Chanllenge"}}
{"__type":"$$EventMessageConfirm","confirm":"0a440b45-8727-4871-b01c-2f02d49d58e1","ts":"2025-08-08T19:11:47.828-04:00","source":{"id":"0","name":"eventBus"}}
{"__type":"$$EventMessageWorkflow","id":"3f1b0d34-939f-4b4a-bbc4-831f3b5e0f82","ts":"2025-08-08T19:16:46.676-04:00","eventName":"n8n.workflow.started","message":"n8n.workflow.started","payload":{"executionId":"306","workflowId":"ucmiLmCdrb6FRZtp","isManual":false,"workflowName":"Daily English Chanllenge"}}
{"__type":"$$EventMessageConfirm","confirm":"3f1b0d34-939f-4b4a-bbc4-831f3b5e0f82","ts":"2025-08-08T19:16:46.676-04:00","source":{"id":"0","name":"eventBus"}}
{"__type":"$$EventMessageNode","id":"68ad24b9-2ad1-4a93-860b-f86b04d1143c","ts":"2025-08-08T19:16:46.676-04:00","eventName":"n8n.node.started","message":"n8n.node.started","payload":{"workflowId":"ucmiLmCdrb6FRZtp","workflowName":"Daily English Chanllenge","executionId":"306","nodeType":"n8n-nodes-base.scheduleTrigger","nodeName":"Schedule Trigger","nodeId":"b8cbe0d9-a14c-4dcb-a457-0fbc84e2f208"}}
{"__type":"$$EventMessageConfirm","confirm":"68ad24b9-2ad1-4a93-860b-f86b04d1143c","ts":"2025-08-08T19:16:46.676-04:00","source":{"id":"0","name":"eventBus"}}
{"__type":"$$EventMessageNode","id":"ceb5a157-44f5-4f16-96a3-631356301b11","ts":"2025-08-08T19:16:46.676-04:00","eventName":"n8n.node.finished","message":"n8n.node.finished","payload":{"workflowId":"ucmiLmCdrb6FRZtp","workflowName":"Daily English Chanllenge","executionId":"306","nodeType":"n8n-nodes-base.scheduleTrigger","nodeName":"Schedule Trigger","nodeId":"b8cbe0d9-a14c-4dcb-a457-0fbc84e2f208"}}
{"__type":"$$EventMessageConfirm","confirm":"ceb5a157-44f5-4f16-96a3-631356301b11","ts":"2025-08-08T19:16:46.677-04:00","source":{"id":"0","name":"eventBus"}}
{"__type":"$$EventMessageWorkflow","id":"5ca766cb-3a90-41ae-acda-5ba95d19944c","ts":"2025-08-08T19:16:46.677-04:00","eventName":"n8n.workflow.success","message":"n8n.workflow.success","payload":{"executionId":"306","success":true,"isManual":false,"workflowId":"ucmiLmCdrb6FRZtp","workflowName":"Daily English Chanllenge"}}
{"__type":"$$EventMessageConfirm","confirm":"5ca766cb-3a90-41ae-acda-5ba95d19944c","ts":"2025-08-08T19:16:46.677-04:00","source":{"id":"0","name":"eventBus"}}
{"__type":"$$EventMessageWorkflow","id":"8f464e3e-5721-477d-8291-a823d2602ebd","ts":"2025-08-08T19:23:05.436-04:00","eventName":"n8n.workflow.started","message":"n8n.workflow.started","payload":{"executionId":"307","workflowId":"ucmiLmCdrb6FRZtp","isManual":false,"workflowName":"Daily English Chanllenge"}}
{"__type":"$$EventMessageConfirm","confirm":"8f464e3e-5721-477d-8291-a823d2602ebd","ts":"2025-08-08T19:23:05.436-04:00","source":{"id":"0","name":"eventBus"}}
{"__type":"$$EventMessageNode","id":"a4a90c1d-f28e-4757-8ff8-f19cd2a72bd2","ts":"2025-08-08T19:23:05.437-04:00","eventName":"n8n.node.started","message":"n8n.node.started","payload":{"workflowId":"ucmiLmCdrb6FRZtp","workflowName":"Daily English Chanllenge","executionId":"307","nodeType":"n8n-nodes-base.scheduleTrigger","nodeName":"Schedule Trigger","nodeId":"b8cbe0d9-a14c-4dcb-a457-0fbc84e2f208"}}
{"__type":"$$EventMessageConfirm","confirm":"a4a90c1d-f28e-4757-8ff8-f19cd2a72bd2","ts":"2025-08-08T19:23:05.437-04:00","source":{"id":"0","name":"eventBus"}}
{"__type":"$$EventMessageNode","id":"9aec54df-c51f-450d-b3b0-01c231e95ad8","ts":"2025-08-08T19:23:05.437-04:00","eventName":"n8n.node.finished","message":"n8n.node.finished","payload":{"workflowId":"ucmiLmCdrb6FRZtp","workflowName":"Daily English Chanllenge","executionId":"307","nodeType":"n8n-nodes-base.scheduleTrigger","nodeName":"Schedule Trigger","nodeId":"b8cbe0d9-a14c-4dcb-a457-0fbc84e2f208"}}
{"__type":"$$EventMessageConfirm","confirm":"9aec54df-c51f-450d-b3b0-01c231e95ad8","ts":"2025-08-08T19:23:05.437-04:00","source":{"id":"0","name":"eventBus"}}
{"__type":"$$EventMessageWorkflow","id":"4f9e3122-4fac-4816-9a45-c41a52a03bf1","ts":"2025-08-08T19:23:05.437-04:00","eventName":"n8n.workflow.success","message":"n8n.workflow.success","payload":{"executionId":"307","success":true,"isManual":false,"workflowId":"ucmiLmCdrb6FRZtp","workflowName":"Daily English Chanllenge"}}
{"__type":"$$EventMessageConfirm","confirm":"4f9e3122-4fac-4816-9a45-c41a52a03bf1","ts":"2025-08-08T19:23:05.437-04:00","source":{"id":"0","name":"eventBus"}}
{"__type":"$$EventMessageWorkflow","id":"b4e35260-1426-4952-9496-95204426f5a7","ts":"2025-08-08T19:26:47.964-04:00","eventName":"n8n.workflow.started","message":"n8n.workflow.started","payload":{"executionId":"308","workflowId":"ucmiLmCdrb6FRZtp","isManual":false,"workflowName":"Daily English Chanllenge"}}
{"__type":"$$EventMessageConfirm","confirm":"b4e35260-1426-4952-9496-95204426f5a7","ts":"2025-08-08T19:26:47.964-04:00","source":{"id":"0","name":"eventBus"}}
{"__type":"$$EventMessageNode","id":"859fd812-19db-4736-a250-be253050e925","ts":"2025-08-08T19:26:47.964-04:00","eventName":"n8n.node.started","message":"n8n.node.started","payload":{"workflowId":"ucmiLmCdrb6FRZtp","workflowName":"Daily English Chanllenge","executionId":"308","nodeType":"n8n-nodes-base.scheduleTrigger","nodeName":"Schedule Trigger","nodeId":"b8cbe0d9-a14c-4dcb-a457-0fbc84e2f208"}}
{"__type":"$$EventMessageConfirm","confirm":"859fd812-19db-4736-a250-be253050e925","ts":"2025-08-08T19:26:47.964-04:00","source":{"id":"0","name":"eventBus"}}
{"__type":"$$EventMessageNode","id":"838785d9-f827-4ce3-8b50-afd8da620870","ts":"2025-08-08T19:26:47.964-04:00","eventName":"n8n.node.finished","message":"n8n.node.finished","payload":{"workflowId":"ucmiLmCdrb6FRZtp","workflowName":"Daily English Chanllenge","executionId":"308","nodeType":"n8n-nodes-base.scheduleTrigger","nodeName":"Schedule Trigger","nodeId":"b8cbe0d9-a14c-4dcb-a457-0fbc84e2f208"}}
{"__type":"$$EventMessageConfirm","confirm":"838785d9-f827-4ce3-8b50-afd8da620870","ts":"2025-08-08T19:26:47.964-04:00","source":{"id":"0","name":"eventBus"}}
{"__type":"$$EventMessageWorkflow","id":"17e36eb1-ecff-4b19-9879-e74dc3802ecf","ts":"2025-08-08T19:26:47.964-04:00","eventName":"n8n.workflow.success","message":"n8n.workflow.success","payload":{"executionId":"308","success":true,"isManual":false,"workflowId":"ucmiLmCdrb6FRZtp","workflowName":"Daily English Chanllenge"}}
{"__type":"$$EventMessageConfirm","confirm":"17e36eb1-ecff-4b19-9879-e74dc3802ecf","ts":"2025-08-08T19:26:47.964-04:00","source":{"id":"0","name":"eventBus"}}
{"__type":"$$EventMessageWorkflow","id":"38e8a39d-3145-4f61-aa66-d969788cc53a","ts":"2025-08-08T19:31:48.787-04:00","eventName":"n8n.workflow.started","message":"n8n.workflow.started","payload":{"executionId":"309","workflowId":"ucmiLmCdrb6FRZtp","isManual":false,"workflowName":"Daily English Chanllenge"}}
{"__type":"$$EventMessageConfirm","confirm":"38e8a39d-3145-4f61-aa66-d969788cc53a","ts":"2025-08-08T19:31:48.787-04:00","source":{"id":"0","name":"eventBus"}}
{"__type":"$$EventMessageNode","id":"b3b9f9ce-6f2d-41a9-9623-992d9531fe1f","ts":"2025-08-08T19:31:48.788-04:00","eventName":"n8n.node.started","message":"n8n.node.started","payload":{"workflowId":"ucmiLmCdrb6FRZtp","workflowName":"Daily English Chanllenge","executionId":"309","nodeType":"n8n-nodes-base.scheduleTrigger","nodeName":"Schedule Trigger","nodeId":"b8cbe0d9-a14c-4dcb-a457-0fbc84e2f208"}}
{"__type":"$$EventMessageConfirm","confirm":"b3b9f9ce-6f2d-41a9-9623-992d9531fe1f","ts":"2025-08-08T19:31:48.788-04:00","source":{"id":"0","name":"eventBus"}}
{"__type":"$$EventMessageNode","id":"135e62c7-d049-4e36-ae2f-fca57fd712fb","ts":"2025-08-08T19:31:48.788-04:00","eventName":"n8n.node.finished","message":"n8n.node.finished","payload":{"workflowId":"ucmiLmCdrb6FRZtp","workflowName":"Daily English Chanllenge","executionId":"309","nodeType":"n8n-nodes-base.scheduleTrigger","nodeName":"Schedule Trigger","nodeId":"b8cbe0d9-a14c-4dcb-a457-0fbc84e2f208"}}
{"__type":"$$EventMessageConfirm","confirm":"135e62c7-d049-4e36-ae2f-fca57fd712fb","ts":"2025-08-08T19:31:48.788-04:00","source":{"id":"0","name":"eventBus"}}
{"__type":"$$EventMessageWorkflow","id":"4f7c8f62-4d62-4ece-b5f2-0326f94c0003","ts":"2025-08-08T19:31:48.788-04:00","eventName":"n8n.workflow.success","message":"n8n.workflow.success","payload":{"executionId":"309","success":true,"isManual":false,"workflowId":"ucmiLmCdrb6FRZtp","workflowName":"Daily English Chanllenge"}}
{"__type":"$$EventMessageConfirm","confirm":"4f7c8f62-4d62-4ece-b5f2-0326f94c0003","ts":"2025-08-08T19:31:48.788-04:00","source":{"id":"0","name":"eventBus"}}
{"__type":"$$EventMessageWorkflow","id":"37ac2ced-3158-409c-9c1a-bf3e5a1cbd50","ts":"2025-08-08T19:38:04.845-04:00","eventName":"n8n.workflow.started","message":"n8n.workflow.started","payload":{"executionId":"310","workflowId":"ucmiLmCdrb6FRZtp","isManual":false,"workflowName":"Daily English Chanllenge"}}
{"__type":"$$EventMessageConfirm","confirm":"37ac2ced-3158-409c-9c1a-bf3e5a1cbd50","ts":"2025-08-08T19:38:04.845-04:00","source":{"id":"0","name":"eventBus"}}
{"__type":"$$EventMessageNode","id":"5c4ded32-baa1-4890-8cbe-d19447410fd6","ts":"2025-08-08T19:38:04.845-04:00","eventName":"n8n.node.started","message":"n8n.node.started","payload":{"workflowId":"ucmiLmCdrb6FRZtp","workflowName":"Daily English Chanllenge","executionId":"310","nodeType":"n8n-nodes-base.scheduleTrigger","nodeName":"Schedule Trigger","nodeId":"b8cbe0d9-a14c-4dcb-a457-0fbc84e2f208"}}
{"__type":"$$EventMessageConfirm","confirm":"5c4ded32-baa1-4890-8cbe-d19447410fd6","ts":"2025-08-08T19:38:04.845-04:00","source":{"id":"0","name":"eventBus"}}
{"__type":"$$EventMessageNode","id":"e8008eaf-5902-4ae6-8e6f-ae8e450ffdc6","ts":"2025-08-08T19:38:04.845-04:00","eventName":"n8n.node.finished","message":"n8n.node.finished","payload":{"workflowId":"ucmiLmCdrb6FRZtp","workflowName":"Daily English Chanllenge","executionId":"310","nodeType":"n8n-nodes-base.scheduleTrigger","nodeName":"Schedule Trigger","nodeId":"b8cbe0d9-a14c-4dcb-a457-0fbc84e2f208"}}
{"__type":"$$EventMessageConfirm","confirm":"e8008eaf-5902-4ae6-8e6f-ae8e450ffdc6","ts":"2025-08-08T19:38:04.845-04:00","source":{"id":"0","name":"eventBus"}}
{"__type":"$$EventMessageWorkflow","id":"889520d9-cdfb-4a1d-b208-db765f25ffbd","ts":"2025-08-08T19:38:04.845-04:00","eventName":"n8n.workflow.success","message":"n8n.workflow.success","payload":{"executionId":"310","success":true,"isManual":false,"workflowId":"ucmiLmCdrb6FRZtp","workflowName":"Daily English Chanllenge"}}
{"__type":"$$EventMessageConfirm","confirm":"889520d9-cdfb-4a1d-b208-db765f25ffbd","ts":"2025-08-08T19:38:04.845-04:00","source":{"id":"0","name":"eventBus"}}
{"__type":"$$EventMessageWorkflow","id":"52a97962-bd7c-4a0a-a67d-0df24b4e2349","ts":"2025-08-08T19:41:47.793-04:00","eventName":"n8n.workflow.started","message":"n8n.workflow.started","payload":{"executionId":"311","workflowId":"ucmiLmCdrb6FRZtp","isManual":false,"workflowName":"Daily English Chanllenge"}}
{"__type":"$$EventMessageConfirm","confirm":"52a97962-bd7c-4a0a-a67d-0df24b4e2349","ts":"2025-08-08T19:41:47.794-04:00","source":{"id":"0","name":"eventBus"}}
{"__type":"$$EventMessageNode","id":"78195b0e-56a9-45e8-91cc-a4fc4ded610e","ts":"2025-08-08T19:41:47.794-04:00","eventName":"n8n.node.started","message":"n8n.node.started","payload":{"workflowId":"ucmiLmCdrb6FRZtp","workflowName":"Daily English Chanllenge","executionId":"311","nodeType":"n8n-nodes-base.scheduleTrigger","nodeName":"Schedule Trigger","nodeId":"b8cbe0d9-a14c-4dcb-a457-0fbc84e2f208"}}
{"__type":"$$EventMessageConfirm","confirm":"78195b0e-56a9-45e8-91cc-a4fc4ded610e","ts":"2025-08-08T19:41:47.794-04:00","source":{"id":"0","name":"eventBus"}}
{"__type":"$$EventMessageNode","id":"b672957b-6486-456b-b489-56247eefb2ea","ts":"2025-08-08T19:41:47.794-04:00","eventName":"n8n.node.finished","message":"n8n.node.finished","payload":{"workflowId":"ucmiLmCdrb6FRZtp","workflowName":"Daily English Chanllenge","executionId":"311","nodeType":"n8n-nodes-base.scheduleTrigger","nodeName":"Schedule Trigger","nodeId":"b8cbe0d9-a14c-4dcb-a457-0fbc84e2f208"}}
{"__type":"$$EventMessageConfirm","confirm":"b672957b-6486-456b-b489-56247eefb2ea","ts":"2025-08-08T19:41:47.794-04:00","source":{"id":"0","name":"eventBus"}}
{"__type":"$$EventMessageWorkflow","id":"7e8b5fec-2089-45c3-8a66-6620b59735ed","ts":"2025-08-08T19:41:47.794-04:00","eventName":"n8n.workflow.success","message":"n8n.workflow.success","payload":{"executionId":"311","success":true,"isManual":false,"workflowId":"ucmiLmCdrb6FRZtp","workflowName":"Daily English Chanllenge"}}
{"__type":"$$EventMessageConfirm","confirm":"7e8b5fec-2089-45c3-8a66-6620b59735ed","ts":"2025-08-08T19:41:47.794-04:00","source":{"id":"0","name":"eventBus"}}
{"__type":"$$EventMessageWorkflow","id":"c7fb152e-ab51-4cdc-a950-33c112b6d271","ts":"2025-08-08T19:46:48.783-04:00","eventName":"n8n.workflow.started","message":"n8n.workflow.started","payload":{"executionId":"312","workflowId":"ucmiLmCdrb6FRZtp","isManual":false,"workflowName":"Daily English Chanllenge"}}
{"__type":"$$EventMessageConfirm","confirm":"c7fb152e-ab51-4cdc-a950-33c112b6d271","ts":"2025-08-08T19:46:48.783-04:00","source":{"id":"0","name":"eventBus"}}
{"__type":"$$EventMessageNode","id":"c7534657-0500-4ab4-8ccb-e91bb45cc0f2","ts":"2025-08-08T19:46:48.783-04:00","eventName":"n8n.node.started","message":"n8n.node.started","payload":{"workflowId":"ucmiLmCdrb6FRZtp","workflowName":"Daily English Chanllenge","executionId":"312","nodeType":"n8n-nodes-base.scheduleTrigger","nodeName":"Schedule Trigger","nodeId":"b8cbe0d9-a14c-4dcb-a457-0fbc84e2f208"}}
{"__type":"$$EventMessageConfirm","confirm":"c7534657-0500-4ab4-8ccb-e91bb45cc0f2","ts":"2025-08-08T19:46:48.783-04:00","source":{"id":"0","name":"eventBus"}}
{"__type":"$$EventMessageNode","id":"ba259b8e-25b8-4e4c-982d-73f9d4895c86","ts":"2025-08-08T19:46:48.784-04:00","eventName":"n8n.node.finished","message":"n8n.node.finished","payload":{"workflowId":"ucmiLmCdrb6FRZtp","workflowName":"Daily English Chanllenge","executionId":"312","nodeType":"n8n-nodes-base.scheduleTrigger","nodeName":"Schedule Trigger","nodeId":"b8cbe0d9-a14c-4dcb-a457-0fbc84e2f208"}}
{"__type":"$$EventMessageConfirm","confirm":"ba259b8e-25b8-4e4c-982d-73f9d4895c86","ts":"2025-08-08T19:46:48.784-04:00","source":{"id":"0","name":"eventBus"}}
{"__type":"$$EventMessageWorkflow","id":"9ce08634-2039-4fef-afa0-c9f5a0f637ba","ts":"2025-08-08T19:46:48.784-04:00","eventName":"n8n.workflow.success","message":"n8n.workflow.success","payload":{"executionId":"312","success":true,"isManual":false,"workflowId":"ucmiLmCdrb6FRZtp","workflowName":"Daily English Chanllenge"}}
{"__type":"$$EventMessageConfirm","confirm":"9ce08634-2039-4fef-afa0-c9f5a0f637ba","ts":"2025-08-08T19:46:48.784-04:00","source":{"id":"0","name":"eventBus"}}
{"__type":"$$EventMessageWorkflow","id":"a1147bdb-b9de-41ad-9976-914a124d6600","ts":"2025-08-08T19:53:04.578-04:00","eventName":"n8n.workflow.started","message":"n8n.workflow.started","payload":{"executionId":"313","workflowId":"ucmiLmCdrb6FRZtp","isManual":false,"workflowName":"Daily English Chanllenge"}}
{"__type":"$$EventMessageConfirm","confirm":"a1147bdb-b9de-41ad-9976-914a124d6600","ts":"2025-08-08T19:53:04.578-04:00","source":{"id":"0","name":"eventBus"}}
{"__type":"$$EventMessageNode","id":"d9973b98-3abb-4414-ad41-58c00c4e222c","ts":"2025-08-08T19:53:04.578-04:00","eventName":"n8n.node.started","message":"n8n.node.started","payload":{"workflowId":"ucmiLmCdrb6FRZtp","workflowName":"Daily English Chanllenge","executionId":"313","nodeType":"n8n-nodes-base.scheduleTrigger","nodeName":"Schedule Trigger","nodeId":"b8cbe0d9-a14c-4dcb-a457-0fbc84e2f208"}}
{"__type":"$$EventMessageConfirm","confirm":"d9973b98-3abb-4414-ad41-58c00c4e222c","ts":"2025-08-08T19:53:04.578-04:00","source":{"id":"0","name":"eventBus"}}
{"__type":"$$EventMessageNode","id":"5bbdf630-6432-44a1-942a-b84a4a96de56","ts":"2025-08-08T19:53:04.578-04:00","eventName":"n8n.node.finished","message":"n8n.node.finished","payload":{"workflowId":"ucmiLmCdrb6FRZtp","workflowName":"Daily English Chanllenge","executionId":"313","nodeType":"n8n-nodes-base.scheduleTrigger","nodeName":"Schedule Trigger","nodeId":"b8cbe0d9-a14c-4dcb-a457-0fbc84e2f208"}}
{"__type":"$$EventMessageConfirm","confirm":"5bbdf630-6432-44a1-942a-b84a4a96de56","ts":"2025-08-08T19:53:04.578-04:00","source":{"id":"0","name":"eventBus"}}
{"__type":"$$EventMessageWorkflow","id":"f8e265c9-8f5e-46cb-b992-e185a45ccfc9","ts":"2025-08-08T19:53:04.578-04:00","eventName":"n8n.workflow.success","message":"n8n.workflow.success","payload":{"executionId":"313","success":true,"isManual":false,"workflowId":"ucmiLmCdrb6FRZtp","workflowName":"Daily English Chanllenge"}}
{"__type":"$$EventMessageConfirm","confirm":"f8e265c9-8f5e-46cb-b992-e185a45ccfc9","ts":"2025-08-08T19:53:04.578-04:00","source":{"id":"0","name":"eventBus"}}
{"__type":"$$EventMessageWorkflow","id":"fd813404-0deb-44b6-bbbf-0818aa1ec4c5","ts":"2025-08-08T19:56:48.836-04:00","eventName":"n8n.workflow.started","message":"n8n.workflow.started","payload":{"executionId":"314","workflowId":"ucmiLmCdrb6FRZtp","isManual":false,"workflowName":"Daily English Chanllenge"}}
{"__type":"$$EventMessageConfirm","confirm":"fd813404-0deb-44b6-bbbf-0818aa1ec4c5","ts":"2025-08-08T19:56:48.836-04:00","source":{"id":"0","name":"eventBus"}}
{"__type":"$$EventMessageNode","id":"45b220d2-fee6-4f5d-b412-58c3c485c077","ts":"2025-08-08T19:56:48.836-04:00","eventName":"n8n.node.started","message":"n8n.node.started","payload":{"workflowId":"ucmiLmCdrb6FRZtp","workflowName":"Daily English Chanllenge","executionId":"314","nodeType":"n8n-nodes-base.scheduleTrigger","nodeName":"Schedule Trigger","nodeId":"b8cbe0d9-a14c-4dcb-a457-0fbc84e2f208"}}
{"__type":"$$EventMessageConfirm","confirm":"45b220d2-fee6-4f5d-b412-58c3c485c077","ts":"2025-08-08T19:56:48.836-04:00","source":{"id":"0","name":"eventBus"}}
{"__type":"$$EventMessageNode","id":"aa3c0e8d-3fb0-4181-83e1-c4bfdd12d6ad","ts":"2025-08-08T19:56:48.837-04:00","eventName":"n8n.node.finished","message":"n8n.node.finished","payload":{"workflowId":"ucmiLmCdrb6FRZtp","workflowName":"Daily English Chanllenge","executionId":"314","nodeType":"n8n-nodes-base.scheduleTrigger","nodeName":"Schedule Trigger","nodeId":"b8cbe0d9-a14c-4dcb-a457-0fbc84e2f208"}}
{"__type":"$$EventMessageConfirm","confirm":"aa3c0e8d-3fb0-4181-83e1-c4bfdd12d6ad","ts":"2025-08-08T19:56:48.837-04:00","source":{"id":"0","name":"eventBus"}}
{"__type":"$$EventMessageWorkflow","id":"fb59a87b-c750-4a04-9f89-4656bed9f8bd","ts":"2025-08-08T19:56:48.837-04:00","eventName":"n8n.workflow.success","message":"n8n.workflow.success","payload":{"executionId":"314","success":true,"isManual":false,"workflowId":"ucmiLmCdrb6FRZtp","workflowName":"Daily English Chanllenge"}}
{"__type":"$$EventMessageConfirm","confirm":"fb59a87b-c750-4a04-9f89-4656bed9f8bd","ts":"2025-08-08T19:56:48.837-04:00","source":{"id":"0","name":"eventBus"}}
{"__type":"$$EventMessageWorkflow","id":"826ea1fe-9683-499f-bfbe-1af47c02acb4","ts":"2025-08-08T20:01:48.741-04:00","eventName":"n8n.workflow.started","message":"n8n.workflow.started","payload":{"executionId":"315","workflowId":"ucmiLmCdrb6FRZtp","isManual":false,"workflowName":"Daily English Chanllenge"}}
{"__type":"$$EventMessageConfirm","confirm":"826ea1fe-9683-499f-bfbe-1af47c02acb4","ts":"2025-08-08T20:01:48.741-04:00","source":{"id":"0","name":"eventBus"}}
{"__type":"$$EventMessageNode","id":"7a0018d9-acb8-42b8-8964-afb6468f1517","ts":"2025-08-08T20:01:48.741-04:00","eventName":"n8n.node.started","message":"n8n.node.started","payload":{"workflowId":"ucmiLmCdrb6FRZtp","workflowName":"Daily English Chanllenge","executionId":"315","nodeType":"n8n-nodes-base.scheduleTrigger","nodeName":"Schedule Trigger","nodeId":"b8cbe0d9-a14c-4dcb-a457-0fbc84e2f208"}}
{"__type":"$$EventMessageConfirm","confirm":"7a0018d9-acb8-42b8-8964-afb6468f1517","ts":"2025-08-08T20:01:48.741-04:00","source":{"id":"0","name":"eventBus"}}
{"__type":"$$EventMessageNode","id":"3be970a2-da8c-4b1c-881d-eb96ee0bf3d6","ts":"2025-08-08T20:01:48.741-04:00","eventName":"n8n.node.finished","message":"n8n.node.finished","payload":{"workflowId":"ucmiLmCdrb6FRZtp","workflowName":"Daily English Chanllenge","executionId":"315","nodeType":"n8n-nodes-base.scheduleTrigger","nodeName":"Schedule Trigger","nodeId":"b8cbe0d9-a14c-4dcb-a457-0fbc84e2f208"}}
{"__type":"$$EventMessageConfirm","confirm":"3be970a2-da8c-4b1c-881d-eb96ee0bf3d6","ts":"2025-08-08T20:01:48.741-04:00","source":{"id":"0","name":"eventBus"}}
{"__type":"$$EventMessageWorkflow","id":"fdf1dc17-9be6-4037-925d-d8f01178d4bf","ts":"2025-08-08T20:01:48.741-04:00","eventName":"n8n.workflow.success","message":"n8n.workflow.success","payload":{"executionId":"315","success":true,"isManual":false,"workflowId":"ucmiLmCdrb6FRZtp","workflowName":"Daily English Chanllenge"}}
{"__type":"$$EventMessageConfirm","confirm":"fdf1dc17-9be6-4037-925d-d8f01178d4bf","ts":"2025-08-08T20:01:48.741-04:00","source":{"id":"0","name":"eventBus"}}
{"__type":"$$EventMessageWorkflow","id":"08703c07-d19f-42da-96cf-8add16960999","ts":"2025-08-08T20:08:05.522-04:00","eventName":"n8n.workflow.started","message":"n8n.workflow.started","payload":{"executionId":"316","workflowId":"ucmiLmCdrb6FRZtp","isManual":false,"workflowName":"Daily English Chanllenge"}}
{"__type":"$$EventMessageConfirm","confirm":"08703c07-d19f-42da-96cf-8add16960999","ts":"2025-08-08T20:08:05.522-04:00","source":{"id":"0","name":"eventBus"}}
{"__type":"$$EventMessageNode","id":"1ad5ed71-c247-4f5f-8ac5-1f013ffba33c","ts":"2025-08-08T20:08:05.522-04:00","eventName":"n8n.node.started","message":"n8n.node.started","payload":{"workflowId":"ucmiLmCdrb6FRZtp","workflowName":"Daily English Chanllenge","executionId":"316","nodeType":"n8n-nodes-base.scheduleTrigger","nodeName":"Schedule Trigger","nodeId":"b8cbe0d9-a14c-4dcb-a457-0fbc84e2f208"}}
{"__type":"$$EventMessageConfirm","confirm":"1ad5ed71-c247-4f5f-8ac5-1f013ffba33c","ts":"2025-08-08T20:08:05.522-04:00","source":{"id":"0","name":"eventBus"}}
{"__type":"$$EventMessageNode","id":"9a5c601c-2920-4543-a532-02f6b78faef3","ts":"2025-08-08T20:08:05.522-04:00","eventName":"n8n.node.finished","message":"n8n.node.finished","payload":{"workflowId":"ucmiLmCdrb6FRZtp","workflowName":"Daily English Chanllenge","executionId":"316","nodeType":"n8n-nodes-base.scheduleTrigger","nodeName":"Schedule Trigger","nodeId":"b8cbe0d9-a14c-4dcb-a457-0fbc84e2f208"}}
{"__type":"$$EventMessageConfirm","confirm":"9a5c601c-2920-4543-a532-02f6b78faef3","ts":"2025-08-08T20:08:05.522-04:00","source":{"id":"0","name":"eventBus"}}
{"__type":"$$EventMessageWorkflow","id":"55fbb4c0-8991-4ac3-aa88-ad1151fb7d40","ts":"2025-08-08T20:08:05.522-04:00","eventName":"n8n.workflow.success","message":"n8n.workflow.success","payload":{"executionId":"316","success":true,"isManual":false,"workflowId":"ucmiLmCdrb6FRZtp","workflowName":"Daily English Chanllenge"}}
{"__type":"$$EventMessageConfirm","confirm":"55fbb4c0-8991-4ac3-aa88-ad1151fb7d40","ts":"2025-08-08T20:08:05.522-04:00","source":{"id":"0","name":"eventBus"}}
{"__type":"$$EventMessageWorkflow","id":"874c47a8-a3a1-4a6b-a415-22901c97a114","ts":"2025-08-08T20:11:47.695-04:00","eventName":"n8n.workflow.started","message":"n8n.workflow.started","payload":{"executionId":"317","workflowId":"ucmiLmCdrb6FRZtp","isManual":false,"workflowName":"Daily English Chanllenge"}}
{"__type":"$$EventMessageConfirm","confirm":"874c47a8-a3a1-4a6b-a415-22901c97a114","ts":"2025-08-08T20:11:47.696-04:00","source":{"id":"0","name":"eventBus"}}
{"__type":"$$EventMessageNode","id":"bf9c10ca-3a8d-47c3-b015-d03f81722cdb","ts":"2025-08-08T20:11:47.696-04:00","eventName":"n8n.node.started","message":"n8n.node.started","payload":{"workflowId":"ucmiLmCdrb6FRZtp","workflowName":"Daily English Chanllenge","executionId":"317","nodeType":"n8n-nodes-base.scheduleTrigger","nodeName":"Schedule Trigger","nodeId":"b8cbe0d9-a14c-4dcb-a457-0fbc84e2f208"}}
{"__type":"$$EventMessageConfirm","confirm":"bf9c10ca-3a8d-47c3-b015-d03f81722cdb","ts":"2025-08-08T20:11:47.696-04:00","source":{"id":"0","name":"eventBus"}}
{"__type":"$$EventMessageNode","id":"5904dd7c-3869-485b-b6ca-f80bb5911476","ts":"2025-08-08T20:11:47.696-04:00","eventName":"n8n.node.finished","message":"n8n.node.finished","payload":{"workflowId":"ucmiLmCdrb6FRZtp","workflowName":"Daily English Chanllenge","executionId":"317","nodeType":"n8n-nodes-base.scheduleTrigger","nodeName":"Schedule Trigger","nodeId":"b8cbe0d9-a14c-4dcb-a457-0fbc84e2f208"}}
{"__type":"$$EventMessageConfirm","confirm":"5904dd7c-3869-485b-b6ca-f80bb5911476","ts":"2025-08-08T20:11:47.696-04:00","source":{"id":"0","name":"eventBus"}}
{"__type":"$$EventMessageWorkflow","id":"ea9d033d-97d3-420b-9e9b-429d263845db","ts":"2025-08-08T20:11:47.696-04:00","eventName":"n8n.workflow.success","message":"n8n.workflow.success","payload":{"executionId":"317","success":true,"isManual":false,"workflowId":"ucmiLmCdrb6FRZtp","workflowName":"Daily English Chanllenge"}}
{"__type":"$$EventMessageConfirm","confirm":"ea9d033d-97d3-420b-9e9b-429d263845db","ts":"2025-08-08T20:11:47.696-04:00","source":{"id":"0","name":"eventBus"}}
{"__type":"$$EventMessageWorkflow","id":"52349a31-9069-4f06-bb61-1d5817bf9e90","ts":"2025-08-08T20:16:48.962-04:00","eventName":"n8n.workflow.started","message":"n8n.workflow.started","payload":{"executionId":"318","workflowId":"ucmiLmCdrb6FRZtp","isManual":false,"workflowName":"Daily English Chanllenge"}}
{"__type":"$$EventMessageConfirm","confirm":"52349a31-9069-4f06-bb61-1d5817bf9e90","ts":"2025-08-08T20:16:48.963-04:00","source":{"id":"0","name":"eventBus"}}
{"__type":"$$EventMessageNode","id":"e99e304c-abd1-4ba2-98ca-44e15dd49376","ts":"2025-08-08T20:16:48.963-04:00","eventName":"n8n.node.started","message":"n8n.node.started","payload":{"workflowId":"ucmiLmCdrb6FRZtp","workflowName":"Daily English Chanllenge","executionId":"318","nodeType":"n8n-nodes-base.scheduleTrigger","nodeName":"Schedule Trigger","nodeId":"b8cbe0d9-a14c-4dcb-a457-0fbc84e2f208"}}
{"__type":"$$EventMessageConfirm","confirm":"e99e304c-abd1-4ba2-98ca-44e15dd49376","ts":"2025-08-08T20:16:48.963-04:00","source":{"id":"0","name":"eventBus"}}
{"__type":"$$EventMessageNode","id":"11c6d10c-1e67-46b7-853d-cdb1f4595a26","ts":"2025-08-08T20:16:48.963-04:00","eventName":"n8n.node.finished","message":"n8n.node.finished","payload":{"workflowId":"ucmiLmCdrb6FRZtp","workflowName":"Daily English Chanllenge","executionId":"318","nodeType":"n8n-nodes-base.scheduleTrigger","nodeName":"Schedule Trigger","nodeId":"b8cbe0d9-a14c-4dcb-a457-0fbc84e2f208"}}
{"__type":"$$EventMessageConfirm","confirm":"11c6d10c-1e67-46b7-853d-cdb1f4595a26","ts":"2025-08-08T20:16:48.963-04:00","source":{"id":"0","name":"eventBus"}}
{"__type":"$$EventMessageWorkflow","id":"e0de0f26-7cff-41b4-ab63-d1b1a79b643a","ts":"2025-08-08T20:16:48.964-04:00","eventName":"n8n.workflow.success","message":"n8n.workflow.success","payload":{"executionId":"318","success":true,"isManual":false,"workflowId":"ucmiLmCdrb6FRZtp","workflowName":"Daily English Chanllenge"}}
{"__type":"$$EventMessageConfirm","confirm":"e0de0f26-7cff-41b4-ab63-d1b1a79b643a","ts":"2025-08-08T20:16:48.964-04:00","source":{"id":"0","name":"eventBus"}}
{"__type":"$$EventMessageWorkflow","id":"11d8026f-91cb-4543-a17a-a8532cf39e2f","ts":"2025-08-08T20:23:05.389-04:00","eventName":"n8n.workflow.started","message":"n8n.workflow.started","payload":{"executionId":"319","workflowId":"ucmiLmCdrb6FRZtp","isManual":false,"workflowName":"Daily English Chanllenge"}}
{"__type":"$$EventMessageConfirm","confirm":"11d8026f-91cb-4543-a17a-a8532cf39e2f","ts":"2025-08-08T20:23:05.389-04:00","source":{"id":"0","name":"eventBus"}}
{"__type":"$$EventMessageNode","id":"5c7a9bea-3671-45f2-ac78-b44df362ce2c","ts":"2025-08-08T20:23:05.389-04:00","eventName":"n8n.node.started","message":"n8n.node.started","payload":{"workflowId":"ucmiLmCdrb6FRZtp","workflowName":"Daily English Chanllenge","executionId":"319","nodeType":"n8n-nodes-base.scheduleTrigger","nodeName":"Schedule Trigger","nodeId":"b8cbe0d9-a14c-4dcb-a457-0fbc84e2f208"}}
{"__type":"$$EventMessageConfirm","confirm":"5c7a9bea-3671-45f2-ac78-b44df362ce2c","ts":"2025-08-08T20:23:05.389-04:00","source":{"id":"0","name":"eventBus"}}
{"__type":"$$EventMessageNode","id":"caa13f71-e416-458a-9815-7a55baef9cda","ts":"2025-08-08T20:23:05.389-04:00","eventName":"n8n.node.finished","message":"n8n.node.finished","payload":{"workflowId":"ucmiLmCdrb6FRZtp","workflowName":"Daily English Chanllenge","executionId":"319","nodeType":"n8n-nodes-base.scheduleTrigger","nodeName":"Schedule Trigger","nodeId":"b8cbe0d9-a14c-4dcb-a457-0fbc84e2f208"}}
{"__type":"$$EventMessageConfirm","confirm":"caa13f71-e416-458a-9815-7a55baef9cda","ts":"2025-08-08T20:23:05.389-04:00","source":{"id":"0","name":"eventBus"}}
{"__type":"$$EventMessageWorkflow","id":"93f2291c-6405-413e-be14-a59ddebd4aa4","ts":"2025-08-08T20:23:05.389-04:00","eventName":"n8n.workflow.success","message":"n8n.workflow.success","payload":{"executionId":"319","success":true,"isManual":false,"workflowId":"ucmiLmCdrb6FRZtp","workflowName":"Daily English Chanllenge"}}
{"__type":"$$EventMessageConfirm","confirm":"93f2291c-6405-413e-be14-a59ddebd4aa4","ts":"2025-08-08T20:23:05.389-04:00","source":{"id":"0","name":"eventBus"}}
{"__type":"$$EventMessageWorkflow","id":"282ededf-2416-4701-a728-3caa2e76268e","ts":"2025-08-08T20:26:49.030-04:00","eventName":"n8n.workflow.started","message":"n8n.workflow.started","payload":{"executionId":"320","workflowId":"ucmiLmCdrb6FRZtp","isManual":false,"workflowName":"Daily English Chanllenge"}}
{"__type":"$$EventMessageConfirm","confirm":"282ededf-2416-4701-a728-3caa2e76268e","ts":"2025-08-08T20:26:49.031-04:00","source":{"id":"0","name":"eventBus"}}
{"__type":"$$EventMessageNode","id":"07da0112-8677-4a7d-bfd0-5d30182e0949","ts":"2025-08-08T20:26:49.031-04:00","eventName":"n8n.node.started","message":"n8n.node.started","payload":{"workflowId":"ucmiLmCdrb6FRZtp","workflowName":"Daily English Chanllenge","executionId":"320","nodeType":"n8n-nodes-base.scheduleTrigger","nodeName":"Schedule Trigger","nodeId":"b8cbe0d9-a14c-4dcb-a457-0fbc84e2f208"}}
{"__type":"$$EventMessageConfirm","confirm":"07da0112-8677-4a7d-bfd0-5d30182e0949","ts":"2025-08-08T20:26:49.031-04:00","source":{"id":"0","name":"eventBus"}}
{"__type":"$$EventMessageNode","id":"def0bfda-07a3-4c73-8e56-6e5fffd2303c","ts":"2025-08-08T20:26:49.031-04:00","eventName":"n8n.node.finished","message":"n8n.node.finished","payload":{"workflowId":"ucmiLmCdrb6FRZtp","workflowName":"Daily English Chanllenge","executionId":"320","nodeType":"n8n-nodes-base.scheduleTrigger","nodeName":"Schedule Trigger","nodeId":"b8cbe0d9-a14c-4dcb-a457-0fbc84e2f208"}}
{"__type":"$$EventMessageConfirm","confirm":"def0bfda-07a3-4c73-8e56-6e5fffd2303c","ts":"2025-08-08T20:26:49.031-04:00","source":{"id":"0","name":"eventBus"}}
{"__type":"$$EventMessageWorkflow","id":"4e0821c2-fe6b-42d4-a186-24551eb8328a","ts":"2025-08-08T20:26:49.031-04:00","eventName":"n8n.workflow.success","message":"n8n.workflow.success","payload":{"executionId":"320","success":true,"isManual":false,"workflowId":"ucmiLmCdrb6FRZtp","workflowName":"Daily English Chanllenge"}}
{"__type":"$$EventMessageConfirm","confirm":"4e0821c2-fe6b-42d4-a186-24551eb8328a","ts":"2025-08-08T20:26:49.031-04:00","source":{"id":"0","name":"eventBus"}}
{"__type":"$$EventMessageWorkflow","id":"88479ffb-07bd-440f-83ad-8782d7d10844","ts":"2025-08-08T20:31:48.671-04:00","eventName":"n8n.workflow.started","message":"n8n.workflow.started","payload":{"executionId":"321","workflowId":"ucmiLmCdrb6FRZtp","isManual":false,"workflowName":"Daily English Chanllenge"}}
{"__type":"$$EventMessageConfirm","confirm":"88479ffb-07bd-440f-83ad-8782d7d10844","ts":"2025-08-08T20:31:48.671-04:00","source":{"id":"0","name":"eventBus"}}
{"__type":"$$EventMessageNode","id":"8fcea688-40c7-4692-97c8-9cc3296d57a7","ts":"2025-08-08T20:31:48.671-04:00","eventName":"n8n.node.started","message":"n8n.node.started","payload":{"workflowId":"ucmiLmCdrb6FRZtp","workflowName":"Daily English Chanllenge","executionId":"321","nodeType":"n8n-nodes-base.scheduleTrigger","nodeName":"Schedule Trigger","nodeId":"b8cbe0d9-a14c-4dcb-a457-0fbc84e2f208"}}
{"__type":"$$EventMessageConfirm","confirm":"8fcea688-40c7-4692-97c8-9cc3296d57a7","ts":"2025-08-08T20:31:48.671-04:00","source":{"id":"0","name":"eventBus"}}
{"__type":"$$EventMessageNode","id":"c15084ec-d488-46b5-98e5-f0807e669547","ts":"2025-08-08T20:31:48.671-04:00","eventName":"n8n.node.finished","message":"n8n.node.finished","payload":{"workflowId":"ucmiLmCdrb6FRZtp","workflowName":"Daily English Chanllenge","executionId":"321","nodeType":"n8n-nodes-base.scheduleTrigger","nodeName":"Schedule Trigger","nodeId":"b8cbe0d9-a14c-4dcb-a457-0fbc84e2f208"}}
{"__type":"$$EventMessageConfirm","confirm":"c15084ec-d488-46b5-98e5-f0807e669547","ts":"2025-08-08T20:31:48.671-04:00","source":{"id":"0","name":"eventBus"}}
{"__type":"$$EventMessageWorkflow","id":"e31fd82c-774b-4307-bc3e-3aee138d985c","ts":"2025-08-08T20:31:48.671-04:00","eventName":"n8n.workflow.success","message":"n8n.workflow.success","payload":{"executionId":"321","success":true,"isManual":false,"workflowId":"ucmiLmCdrb6FRZtp","workflowName":"Daily English Chanllenge"}}
{"__type":"$$EventMessageConfirm","confirm":"e31fd82c-774b-4307-bc3e-3aee138d985c","ts":"2025-08-08T20:31:48.671-04:00","source":{"id":"0","name":"eventBus"}}
{"__type":"$$EventMessageWorkflow","id":"6a314f49-b67d-4355-9c14-83d23647bd66","ts":"2025-08-08T20:38:04.469-04:00","eventName":"n8n.workflow.started","message":"n8n.workflow.started","payload":{"executionId":"322","workflowId":"ucmiLmCdrb6FRZtp","isManual":false,"workflowName":"Daily English Chanllenge"}}
{"__type":"$$EventMessageConfirm","confirm":"6a314f49-b67d-4355-9c14-83d23647bd66","ts":"2025-08-08T20:38:04.469-04:00","source":{"id":"0","name":"eventBus"}}
{"__type":"$$EventMessageNode","id":"88ce21fc-e1ef-4dfe-8d65-c017e602ba1c","ts":"2025-08-08T20:38:04.469-04:00","eventName":"n8n.node.started","message":"n8n.node.started","payload":{"workflowId":"ucmiLmCdrb6FRZtp","workflowName":"Daily English Chanllenge","executionId":"322","nodeType":"n8n-nodes-base.scheduleTrigger","nodeName":"Schedule Trigger","nodeId":"b8cbe0d9-a14c-4dcb-a457-0fbc84e2f208"}}
{"__type":"$$EventMessageConfirm","confirm":"88ce21fc-e1ef-4dfe-8d65-c017e602ba1c","ts":"2025-08-08T20:38:04.469-04:00","source":{"id":"0","name":"eventBus"}}
{"__type":"$$EventMessageNode","id":"b9cde4da-4cc9-4bbc-a8a2-00443876791e","ts":"2025-08-08T20:38:04.469-04:00","eventName":"n8n.node.finished","message":"n8n.node.finished","payload":{"workflowId":"ucmiLmCdrb6FRZtp","workflowName":"Daily English Chanllenge","executionId":"322","nodeType":"n8n-nodes-base.scheduleTrigger","nodeName":"Schedule Trigger","nodeId":"b8cbe0d9-a14c-4dcb-a457-0fbc84e2f208"}}
{"__type":"$$EventMessageConfirm","confirm":"b9cde4da-4cc9-4bbc-a8a2-00443876791e","ts":"2025-08-08T20:38:04.469-04:00","source":{"id":"0","name":"eventBus"}}
{"__type":"$$EventMessageWorkflow","id":"2b1335e3-4a7f-4694-b068-99ef24f31c8d","ts":"2025-08-08T20:38:04.470-04:00","eventName":"n8n.workflow.success","message":"n8n.workflow.success","payload":{"executionId":"322","success":true,"isManual":false,"workflowId":"ucmiLmCdrb6FRZtp","workflowName":"Daily English Chanllenge"}}
{"__type":"$$EventMessageConfirm","confirm":"2b1335e3-4a7f-4694-b068-99ef24f31c8d","ts":"2025-08-08T20:38:04.470-04:00","source":{"id":"0","name":"eventBus"}}
{"__type":"$$EventMessageWorkflow","id":"569ce0bf-b61f-48d7-913a-8e459a56be56","ts":"2025-08-08T20:41:49.353-04:00","eventName":"n8n.workflow.started","message":"n8n.workflow.started","payload":{"executionId":"323","workflowId":"ucmiLmCdrb6FRZtp","isManual":false,"workflowName":"Daily English Chanllenge"}}
{"__type":"$$EventMessageConfirm","confirm":"569ce0bf-b61f-48d7-913a-8e459a56be56","ts":"2025-08-08T20:41:49.353-04:00","source":{"id":"0","name":"eventBus"}}
{"__type":"$$EventMessageNode","id":"81516513-13c2-4163-8cd0-9cd28a93086b","ts":"2025-08-08T20:41:49.353-04:00","eventName":"n8n.node.started","message":"n8n.node.started","payload":{"workflowId":"ucmiLmCdrb6FRZtp","workflowName":"Daily English Chanllenge","executionId":"323","nodeType":"n8n-nodes-base.scheduleTrigger","nodeName":"Schedule Trigger","nodeId":"b8cbe0d9-a14c-4dcb-a457-0fbc84e2f208"}}
{"__type":"$$EventMessageConfirm","confirm":"81516513-13c2-4163-8cd0-9cd28a93086b","ts":"2025-08-08T20:41:49.353-04:00","source":{"id":"0","name":"eventBus"}}
{"__type":"$$EventMessageNode","id":"07beced1-c589-4a91-bfd1-23bc760d0862","ts":"2025-08-08T20:41:49.353-04:00","eventName":"n8n.node.finished","message":"n8n.node.finished","payload":{"workflowId":"ucmiLmCdrb6FRZtp","workflowName":"Daily English Chanllenge","executionId":"323","nodeType":"n8n-nodes-base.scheduleTrigger","nodeName":"Schedule Trigger","nodeId":"b8cbe0d9-a14c-4dcb-a457-0fbc84e2f208"}}
{"__type":"$$EventMessageConfirm","confirm":"07beced1-c589-4a91-bfd1-23bc760d0862","ts":"2025-08-08T20:41:49.353-04:00","source":{"id":"0","name":"eventBus"}}
{"__type":"$$EventMessageWorkflow","id":"8b3f35bf-a2a8-4dc9-bbf4-fa56c0926ef1","ts":"2025-08-08T20:41:49.353-04:00","eventName":"n8n.workflow.success","message":"n8n.workflow.success","payload":{"executionId":"323","success":true,"isManual":false,"workflowId":"ucmiLmCdrb6FRZtp","workflowName":"Daily English Chanllenge"}}
{"__type":"$$EventMessageConfirm","confirm":"8b3f35bf-a2a8-4dc9-bbf4-fa56c0926ef1","ts":"2025-08-08T20:41:49.353-04:00","source":{"id":"0","name":"eventBus"}}
{"__type":"$$EventMessageWorkflow","id":"0d59abf4-c2e7-45a2-91e2-99fd6a2cb11a","ts":"2025-08-08T20:46:48.938-04:00","eventName":"n8n.workflow.started","message":"n8n.workflow.started","payload":{"executionId":"324","workflowId":"ucmiLmCdrb6FRZtp","isManual":false,"workflowName":"Daily English Chanllenge"}}
{"__type":"$$EventMessageConfirm","confirm":"0d59abf4-c2e7-45a2-91e2-99fd6a2cb11a","ts":"2025-08-08T20:46:48.938-04:00","source":{"id":"0","name":"eventBus"}}
{"__type":"$$EventMessageNode","id":"f94ee9ac-9a9b-42bc-8122-78693e686862","ts":"2025-08-08T20:46:48.938-04:00","eventName":"n8n.node.started","message":"n8n.node.started","payload":{"workflowId":"ucmiLmCdrb6FRZtp","workflowName":"Daily English Chanllenge","executionId":"324","nodeType":"n8n-nodes-base.scheduleTrigger","nodeName":"Schedule Trigger","nodeId":"b8cbe0d9-a14c-4dcb-a457-0fbc84e2f208"}}
{"__type":"$$EventMessageConfirm","confirm":"f94ee9ac-9a9b-42bc-8122-78693e686862","ts":"2025-08-08T20:46:48.938-04:00","source":{"id":"0","name":"eventBus"}}
{"__type":"$$EventMessageNode","id":"9de1ffd7-2052-4501-b365-bca53a036a70","ts":"2025-08-08T20:46:48.938-04:00","eventName":"n8n.node.finished","message":"n8n.node.finished","payload":{"workflowId":"ucmiLmCdrb6FRZtp","workflowName":"Daily English Chanllenge","executionId":"324","nodeType":"n8n-nodes-base.scheduleTrigger","nodeName":"Schedule Trigger","nodeId":"b8cbe0d9-a14c-4dcb-a457-0fbc84e2f208"}}
{"__type":"$$EventMessageConfirm","confirm":"9de1ffd7-2052-4501-b365-bca53a036a70","ts":"2025-08-08T20:46:48.938-04:00","source":{"id":"0","name":"eventBus"}}
{"__type":"$$EventMessageWorkflow","id":"0587f126-cc04-4505-8835-24c7c454c6ea","ts":"2025-08-08T20:46:48.939-04:00","eventName":"n8n.workflow.success","message":"n8n.workflow.success","payload":{"executionId":"324","success":true,"isManual":false,"workflowId":"ucmiLmCdrb6FRZtp","workflowName":"Daily English Chanllenge"}}
{"__type":"$$EventMessageConfirm","confirm":"0587f126-cc04-4505-8835-24c7c454c6ea","ts":"2025-08-08T20:46:48.939-04:00","source":{"id":"0","name":"eventBus"}}
{"__type":"$$EventMessageWorkflow","id":"f41751a8-75fe-4181-beee-39093dcce7eb","ts":"2025-08-08T20:53:04.668-04:00","eventName":"n8n.workflow.started","message":"n8n.workflow.started","payload":{"executionId":"325","workflowId":"ucmiLmCdrb6FRZtp","isManual":false,"workflowName":"Daily English Chanllenge"}}
{"__type":"$$EventMessageConfirm","confirm":"f41751a8-75fe-4181-beee-39093dcce7eb","ts":"2025-08-08T20:53:04.669-04:00","source":{"id":"0","name":"eventBus"}}
{"__type":"$$EventMessageNode","id":"dd7831ce-d5f6-44bc-8f6a-980c47df04cf","ts":"2025-08-08T20:53:04.669-04:00","eventName":"n8n.node.started","message":"n8n.node.started","payload":{"workflowId":"ucmiLmCdrb6FRZtp","workflowName":"Daily English Chanllenge","executionId":"325","nodeType":"n8n-nodes-base.scheduleTrigger","nodeName":"Schedule Trigger","nodeId":"b8cbe0d9-a14c-4dcb-a457-0fbc84e2f208"}}
{"__type":"$$EventMessageConfirm","confirm":"dd7831ce-d5f6-44bc-8f6a-980c47df04cf","ts":"2025-08-08T20:53:04.669-04:00","source":{"id":"0","name":"eventBus"}}
{"__type":"$$EventMessageNode","id":"1d4a6d81-05a0-46a2-b6e5-ea65d86cdc81","ts":"2025-08-08T20:53:04.669-04:00","eventName":"n8n.node.finished","message":"n8n.node.finished","payload":{"workflowId":"ucmiLmCdrb6FRZtp","workflowName":"Daily English Chanllenge","executionId":"325","nodeType":"n8n-nodes-base.scheduleTrigger","nodeName":"Schedule Trigger","nodeId":"b8cbe0d9-a14c-4dcb-a457-0fbc84e2f208"}}
{"__type":"$$EventMessageConfirm","confirm":"1d4a6d81-05a0-46a2-b6e5-ea65d86cdc81","ts":"2025-08-08T20:53:04.669-04:00","source":{"id":"0","name":"eventBus"}}
{"__type":"$$EventMessageWorkflow","id":"9a949b95-7218-49c5-b6e8-e5f38175ae05","ts":"2025-08-08T20:53:04.669-04:00","eventName":"n8n.workflow.success","message":"n8n.workflow.success","payload":{"executionId":"325","success":true,"isManual":false,"workflowId":"ucmiLmCdrb6FRZtp","workflowName":"Daily English Chanllenge"}}
{"__type":"$$EventMessageConfirm","confirm":"9a949b95-7218-49c5-b6e8-e5f38175ae05","ts":"2025-08-08T20:53:04.669-04:00","source":{"id":"0","name":"eventBus"}}
{"__type":"$$EventMessageWorkflow","id":"99c1b97e-ce7b-4388-bf94-c53e154c84b8","ts":"2025-08-08T20:56:47.831-04:00","eventName":"n8n.workflow.started","message":"n8n.workflow.started","payload":{"executionId":"326","workflowId":"ucmiLmCdrb6FRZtp","isManual":false,"workflowName":"Daily English Chanllenge"}}
{"__type":"$$EventMessageConfirm","confirm":"99c1b97e-ce7b-4388-bf94-c53e154c84b8","ts":"2025-08-08T20:56:47.831-04:00","source":{"id":"0","name":"eventBus"}}
{"__type":"$$EventMessageNode","id":"ebca3651-5d55-4dd7-9b2b-2ff517fbddb4","ts":"2025-08-08T20:56:47.831-04:00","eventName":"n8n.node.started","message":"n8n.node.started","payload":{"workflowId":"ucmiLmCdrb6FRZtp","workflowName":"Daily English Chanllenge","executionId":"326","nodeType":"n8n-nodes-base.scheduleTrigger","nodeName":"Schedule Trigger","nodeId":"b8cbe0d9-a14c-4dcb-a457-0fbc84e2f208"}}
{"__type":"$$EventMessageConfirm","confirm":"ebca3651-5d55-4dd7-9b2b-2ff517fbddb4","ts":"2025-08-08T20:56:47.831-04:00","source":{"id":"0","name":"eventBus"}}
{"__type":"$$EventMessageNode","id":"8d4beba2-51e6-4ca3-8790-b77ed80b74ce","ts":"2025-08-08T20:56:47.832-04:00","eventName":"n8n.node.finished","message":"n8n.node.finished","payload":{"workflowId":"ucmiLmCdrb6FRZtp","workflowName":"Daily English Chanllenge","executionId":"326","nodeType":"n8n-nodes-base.scheduleTrigger","nodeName":"Schedule Trigger","nodeId":"b8cbe0d9-a14c-4dcb-a457-0fbc84e2f208"}}
{"__type":"$$EventMessageConfirm","confirm":"8d4beba2-51e6-4ca3-8790-b77ed80b74ce","ts":"2025-08-08T20:56:47.832-04:00","source":{"id":"0","name":"eventBus"}}
{"__type":"$$EventMessageWorkflow","id":"b3dc912a-8c39-4ba8-9866-30e81bdb2add","ts":"2025-08-08T20:56:47.832-04:00","eventName":"n8n.workflow.success","message":"n8n.workflow.success","payload":{"executionId":"326","success":true,"isManual":false,"workflowId":"ucmiLmCdrb6FRZtp","workflowName":"Daily English Chanllenge"}}
{"__type":"$$EventMessageConfirm","confirm":"b3dc912a-8c39-4ba8-9866-30e81bdb2add","ts":"2025-08-08T20:56:47.832-04:00","source":{"id":"0","name":"eventBus"}}
{"__type":"$$EventMessageWorkflow","id":"0bb93815-b303-4b1c-a06e-bcb5c3a02017","ts":"2025-08-08T21:01:48.150-04:00","eventName":"n8n.workflow.started","message":"n8n.workflow.started","payload":{"executionId":"327","workflowId":"ucmiLmCdrb6FRZtp","isManual":false,"workflowName":"Daily English Chanllenge"}}
{"__type":"$$EventMessageConfirm","confirm":"0bb93815-b303-4b1c-a06e-bcb5c3a02017","ts":"2025-08-08T21:01:48.150-04:00","source":{"id":"0","name":"eventBus"}}
{"__type":"$$EventMessageNode","id":"3eb1aad0-257b-49d1-81ad-36df0bcdfaee","ts":"2025-08-08T21:01:48.151-04:00","eventName":"n8n.node.started","message":"n8n.node.started","payload":{"workflowId":"ucmiLmCdrb6FRZtp","workflowName":"Daily English Chanllenge","executionId":"327","nodeType":"n8n-nodes-base.scheduleTrigger","nodeName":"Schedule Trigger","nodeId":"b8cbe0d9-a14c-4dcb-a457-0fbc84e2f208"}}
{"__type":"$$EventMessageConfirm","confirm":"3eb1aad0-257b-49d1-81ad-36df0bcdfaee","ts":"2025-08-08T21:01:48.151-04:00","source":{"id":"0","name":"eventBus"}}
{"__type":"$$EventMessageNode","id":"8408ab6c-53aa-4b44-8c16-11d92e6986fd","ts":"2025-08-08T21:01:48.151-04:00","eventName":"n8n.node.finished","message":"n8n.node.finished","payload":{"workflowId":"ucmiLmCdrb6FRZtp","workflowName":"Daily English Chanllenge","executionId":"327","nodeType":"n8n-nodes-base.scheduleTrigger","nodeName":"Schedule Trigger","nodeId":"b8cbe0d9-a14c-4dcb-a457-0fbc84e2f208"}}
{"__type":"$$EventMessageConfirm","confirm":"8408ab6c-53aa-4b44-8c16-11d92e6986fd","ts":"2025-08-08T21:01:48.151-04:00","source":{"id":"0","name":"eventBus"}}
{"__type":"$$EventMessageWorkflow","id":"17f01c6b-3fa9-42ac-96f9-e9e4d35485b5","ts":"2025-08-08T21:01:48.151-04:00","eventName":"n8n.workflow.success","message":"n8n.workflow.success","payload":{"executionId":"327","success":true,"isManual":false,"workflowId":"ucmiLmCdrb6FRZtp","workflowName":"Daily English Chanllenge"}}
{"__type":"$$EventMessageConfirm","confirm":"17f01c6b-3fa9-42ac-96f9-e9e4d35485b5","ts":"2025-08-08T21:01:48.151-04:00","source":{"id":"0","name":"eventBus"}}
{"__type":"$$EventMessageWorkflow","id":"e5a89014-b118-4afc-b996-d4afd65918d4","ts":"2025-08-08T21:08:05.533-04:00","eventName":"n8n.workflow.started","message":"n8n.workflow.started","payload":{"executionId":"328","workflowId":"ucmiLmCdrb6FRZtp","isManual":false,"workflowName":"Daily English Chanllenge"}}
{"__type":"$$EventMessageConfirm","confirm":"e5a89014-b118-4afc-b996-d4afd65918d4","ts":"2025-08-08T21:08:05.533-04:00","source":{"id":"0","name":"eventBus"}}
{"__type":"$$EventMessageNode","id":"4e8147b7-3d9f-4946-9e53-98a9cb33bdbd","ts":"2025-08-08T21:08:05.533-04:00","eventName":"n8n.node.started","message":"n8n.node.started","payload":{"workflowId":"ucmiLmCdrb6FRZtp","workflowName":"Daily English Chanllenge","executionId":"328","nodeType":"n8n-nodes-base.scheduleTrigger","nodeName":"Schedule Trigger","nodeId":"b8cbe0d9-a14c-4dcb-a457-0fbc84e2f208"}}
{"__type":"$$EventMessageConfirm","confirm":"4e8147b7-3d9f-4946-9e53-98a9cb33bdbd","ts":"2025-08-08T21:08:05.533-04:00","source":{"id":"0","name":"eventBus"}}
{"__type":"$$EventMessageNode","id":"56c1ed23-4db5-421c-b074-6851bce9a5e7","ts":"2025-08-08T21:08:05.533-04:00","eventName":"n8n.node.finished","message":"n8n.node.finished","payload":{"workflowId":"ucmiLmCdrb6FRZtp","workflowName":"Daily English Chanllenge","executionId":"328","nodeType":"n8n-nodes-base.scheduleTrigger","nodeName":"Schedule Trigger","nodeId":"b8cbe0d9-a14c-4dcb-a457-0fbc84e2f208"}}
{"__type":"$$EventMessageConfirm","confirm":"56c1ed23-4db5-421c-b074-6851bce9a5e7","ts":"2025-08-08T21:08:05.533-04:00","source":{"id":"0","name":"eventBus"}}
{"__type":"$$EventMessageWorkflow","id":"48aa54ef-abc2-48d3-9ce0-c1d71bb82649","ts":"2025-08-08T21:08:05.533-04:00","eventName":"n8n.workflow.success","message":"n8n.workflow.success","payload":{"executionId":"328","success":true,"isManual":false,"workflowId":"ucmiLmCdrb6FRZtp","workflowName":"Daily English Chanllenge"}}
{"__type":"$$EventMessageConfirm","confirm":"48aa54ef-abc2-48d3-9ce0-c1d71bb82649","ts":"2025-08-08T21:08:05.533-04:00","source":{"id":"0","name":"eventBus"}}
{"__type":"$$EventMessageWorkflow","id":"36b585cb-5a15-4868-9439-77927788d705","ts":"2025-08-08T21:11:48.111-04:00","eventName":"n8n.workflow.started","message":"n8n.workflow.started","payload":{"executionId":"329","workflowId":"ucmiLmCdrb6FRZtp","isManual":false,"workflowName":"Daily English Chanllenge"}}
{"__type":"$$EventMessageConfirm","confirm":"36b585cb-5a15-4868-9439-77927788d705","ts":"2025-08-08T21:11:48.111-04:00","source":{"id":"0","name":"eventBus"}}
{"__type":"$$EventMessageNode","id":"301b9060-b66f-4419-b337-fdbf37f2322d","ts":"2025-08-08T21:11:48.111-04:00","eventName":"n8n.node.started","message":"n8n.node.started","payload":{"workflowId":"ucmiLmCdrb6FRZtp","workflowName":"Daily English Chanllenge","executionId":"329","nodeType":"n8n-nodes-base.scheduleTrigger","nodeName":"Schedule Trigger","nodeId":"b8cbe0d9-a14c-4dcb-a457-0fbc84e2f208"}}
{"__type":"$$EventMessageConfirm","confirm":"301b9060-b66f-4419-b337-fdbf37f2322d","ts":"2025-08-08T21:11:48.111-04:00","source":{"id":"0","name":"eventBus"}}
{"__type":"$$EventMessageNode","id":"e5cde57f-9374-4cb3-b516-fd6cb2b4d201","ts":"2025-08-08T21:11:48.111-04:00","eventName":"n8n.node.finished","message":"n8n.node.finished","payload":{"workflowId":"ucmiLmCdrb6FRZtp","workflowName":"Daily English Chanllenge","executionId":"329","nodeType":"n8n-nodes-base.scheduleTrigger","nodeName":"Schedule Trigger","nodeId":"b8cbe0d9-a14c-4dcb-a457-0fbc84e2f208"}}
{"__type":"$$EventMessageConfirm","confirm":"e5cde57f-9374-4cb3-b516-fd6cb2b4d201","ts":"2025-08-08T21:11:48.111-04:00","source":{"id":"0","name":"eventBus"}}
{"__type":"$$EventMessageWorkflow","id":"7fbe6350-10a1-4b5f-b7bd-74ba145eeabf","ts":"2025-08-08T21:11:48.111-04:00","eventName":"n8n.workflow.success","message":"n8n.workflow.success","payload":{"executionId":"329","success":true,"isManual":false,"workflowId":"ucmiLmCdrb6FRZtp","workflowName":"Daily English Chanllenge"}}
{"__type":"$$EventMessageConfirm","confirm":"7fbe6350-10a1-4b5f-b7bd-74ba145eeabf","ts":"2025-08-08T21:11:48.111-04:00","source":{"id":"0","name":"eventBus"}}
{"__type":"$$EventMessageWorkflow","id":"5cfa22c9-c5c6-4914-93ed-2261fd0eb943","ts":"2025-08-08T21:16:48.920-04:00","eventName":"n8n.workflow.started","message":"n8n.workflow.started","payload":{"executionId":"330","workflowId":"ucmiLmCdrb6FRZtp","isManual":false,"workflowName":"Daily English Chanllenge"}}
{"__type":"$$EventMessageConfirm","confirm":"5cfa22c9-c5c6-4914-93ed-2261fd0eb943","ts":"2025-08-08T21:16:48.920-04:00","source":{"id":"0","name":"eventBus"}}
{"__type":"$$EventMessageNode","id":"a883203c-ffff-4f77-a1d9-366aa42ba62d","ts":"2025-08-08T21:16:48.920-04:00","eventName":"n8n.node.started","message":"n8n.node.started","payload":{"workflowId":"ucmiLmCdrb6FRZtp","workflowName":"Daily English Chanllenge","executionId":"330","nodeType":"n8n-nodes-base.scheduleTrigger","nodeName":"Schedule Trigger","nodeId":"b8cbe0d9-a14c-4dcb-a457-0fbc84e2f208"}}
{"__type":"$$EventMessageConfirm","confirm":"a883203c-ffff-4f77-a1d9-366aa42ba62d","ts":"2025-08-08T21:16:48.920-04:00","source":{"id":"0","name":"eventBus"}}
{"__type":"$$EventMessageNode","id":"88c77b99-9d86-4948-b3f1-4d5722584722","ts":"2025-08-08T21:16:48.920-04:00","eventName":"n8n.node.finished","message":"n8n.node.finished","payload":{"workflowId":"ucmiLmCdrb6FRZtp","workflowName":"Daily English Chanllenge","executionId":"330","nodeType":"n8n-nodes-base.scheduleTrigger","nodeName":"Schedule Trigger","nodeId":"b8cbe0d9-a14c-4dcb-a457-0fbc84e2f208"}}
{"__type":"$$EventMessageConfirm","confirm":"88c77b99-9d86-4948-b3f1-4d5722584722","ts":"2025-08-08T21:16:48.920-04:00","source":{"id":"0","name":"eventBus"}}
{"__type":"$$EventMessageWorkflow","id":"a562646d-0d6f-49a3-bd6e-4954594a7652","ts":"2025-08-08T21:16:48.920-04:00","eventName":"n8n.workflow.success","message":"n8n.workflow.success","payload":{"executionId":"330","success":true,"isManual":false,"workflowId":"ucmiLmCdrb6FRZtp","workflowName":"Daily English Chanllenge"}}
{"__type":"$$EventMessageConfirm","confirm":"a562646d-0d6f-49a3-bd6e-4954594a7652","ts":"2025-08-08T21:16:48.920-04:00","source":{"id":"0","name":"eventBus"}}
{"__type":"$$EventMessageWorkflow","id":"56d5bde5-0d91-4ebe-a8cd-117c1e4c80dd","ts":"2025-08-08T21:23:05.651-04:00","eventName":"n8n.workflow.started","message":"n8n.workflow.started","payload":{"executionId":"331","workflowId":"ucmiLmCdrb6FRZtp","isManual":false,"workflowName":"Daily English Chanllenge"}}
{"__type":"$$EventMessageConfirm","confirm":"56d5bde5-0d91-4ebe-a8cd-117c1e4c80dd","ts":"2025-08-08T21:23:05.652-04:00","source":{"id":"0","name":"eventBus"}}
{"__type":"$$EventMessageNode","id":"f7d3c14c-5237-404f-8680-05f436686ebf","ts":"2025-08-08T21:23:05.652-04:00","eventName":"n8n.node.started","message":"n8n.node.started","payload":{"workflowId":"ucmiLmCdrb6FRZtp","workflowName":"Daily English Chanllenge","executionId":"331","nodeType":"n8n-nodes-base.scheduleTrigger","nodeName":"Schedule Trigger","nodeId":"b8cbe0d9-a14c-4dcb-a457-0fbc84e2f208"}}
{"__type":"$$EventMessageConfirm","confirm":"f7d3c14c-5237-404f-8680-05f436686ebf","ts":"2025-08-08T21:23:05.652-04:00","source":{"id":"0","name":"eventBus"}}
{"__type":"$$EventMessageNode","id":"8835f424-9f6a-4d81-a91d-e700b1386d88","ts":"2025-08-08T21:23:05.652-04:00","eventName":"n8n.node.finished","message":"n8n.node.finished","payload":{"workflowId":"ucmiLmCdrb6FRZtp","workflowName":"Daily English Chanllenge","executionId":"331","nodeType":"n8n-nodes-base.scheduleTrigger","nodeName":"Schedule Trigger","nodeId":"b8cbe0d9-a14c-4dcb-a457-0fbc84e2f208"}}
{"__type":"$$EventMessageConfirm","confirm":"8835f424-9f6a-4d81-a91d-e700b1386d88","ts":"2025-08-08T21:23:05.652-04:00","source":{"id":"0","name":"eventBus"}}
{"__type":"$$EventMessageWorkflow","id":"980d08bd-ec9b-4a8a-a545-dcf4113b5a8e","ts":"2025-08-08T21:23:05.652-04:00","eventName":"n8n.workflow.success","message":"n8n.workflow.success","payload":{"executionId":"331","success":true,"isManual":false,"workflowId":"ucmiLmCdrb6FRZtp","workflowName":"Daily English Chanllenge"}}
{"__type":"$$EventMessageConfirm","confirm":"980d08bd-ec9b-4a8a-a545-dcf4113b5a8e","ts":"2025-08-08T21:23:05.652-04:00","source":{"id":"0","name":"eventBus"}}
{"__type":"$$EventMessageWorkflow","id":"dace5542-e31b-49f6-8845-2223a4f0283a","ts":"2025-08-08T21:26:48.930-04:00","eventName":"n8n.workflow.started","message":"n8n.workflow.started","payload":{"executionId":"332","workflowId":"ucmiLmCdrb6FRZtp","isManual":false,"workflowName":"Daily English Chanllenge"}}
{"__type":"$$EventMessageConfirm","confirm":"dace5542-e31b-49f6-8845-2223a4f0283a","ts":"2025-08-08T21:26:48.930-04:00","source":{"id":"0","name":"eventBus"}}
{"__type":"$$EventMessageNode","id":"d60126bb-2da9-4868-be21-5bf791d76b7d","ts":"2025-08-08T21:26:48.930-04:00","eventName":"n8n.node.started","message":"n8n.node.started","payload":{"workflowId":"ucmiLmCdrb6FRZtp","workflowName":"Daily English Chanllenge","executionId":"332","nodeType":"n8n-nodes-base.scheduleTrigger","nodeName":"Schedule Trigger","nodeId":"b8cbe0d9-a14c-4dcb-a457-0fbc84e2f208"}}
{"__type":"$$EventMessageConfirm","confirm":"d60126bb-2da9-4868-be21-5bf791d76b7d","ts":"2025-08-08T21:26:48.930-04:00","source":{"id":"0","name":"eventBus"}}
{"__type":"$$EventMessageNode","id":"8ea5df76-05b2-4f9c-89d9-4ad7019c6cb1","ts":"2025-08-08T21:26:48.930-04:00","eventName":"n8n.node.finished","message":"n8n.node.finished","payload":{"workflowId":"ucmiLmCdrb6FRZtp","workflowName":"Daily English Chanllenge","executionId":"332","nodeType":"n8n-nodes-base.scheduleTrigger","nodeName":"Schedule Trigger","nodeId":"b8cbe0d9-a14c-4dcb-a457-0fbc84e2f208"}}
{"__type":"$$EventMessageConfirm","confirm":"8ea5df76-05b2-4f9c-89d9-4ad7019c6cb1","ts":"2025-08-08T21:26:48.931-04:00","source":{"id":"0","name":"eventBus"}}
{"__type":"$$EventMessageWorkflow","id":"dd2e07e9-4719-40dc-85b5-134100a10dbc","ts":"2025-08-08T21:26:48.931-04:00","eventName":"n8n.workflow.success","message":"n8n.workflow.success","payload":{"executionId":"332","success":true,"isManual":false,"workflowId":"ucmiLmCdrb6FRZtp","workflowName":"Daily English Chanllenge"}}
{"__type":"$$EventMessageConfirm","confirm":"dd2e07e9-4719-40dc-85b5-134100a10dbc","ts":"2025-08-08T21:26:48.931-04:00","source":{"id":"0","name":"eventBus"}}
{"__type":"$$EventMessageWorkflow","id":"4413a7b5-f9c6-4f41-88c3-70b2ee0d0749","ts":"2025-08-08T21:31:46.889-04:00","eventName":"n8n.workflow.started","message":"n8n.workflow.started","payload":{"executionId":"333","workflowId":"ucmiLmCdrb6FRZtp","isManual":false,"workflowName":"Daily English Chanllenge"}}
{"__type":"$$EventMessageConfirm","confirm":"4413a7b5-f9c6-4f41-88c3-70b2ee0d0749","ts":"2025-08-08T21:31:46.889-04:00","source":{"id":"0","name":"eventBus"}}
{"__type":"$$EventMessageNode","id":"1f03d4b3-fc81-4879-b4ea-e2b35ed4acb1","ts":"2025-08-08T21:31:46.889-04:00","eventName":"n8n.node.started","message":"n8n.node.started","payload":{"workflowId":"ucmiLmCdrb6FRZtp","workflowName":"Daily English Chanllenge","executionId":"333","nodeType":"n8n-nodes-base.scheduleTrigger","nodeName":"Schedule Trigger","nodeId":"b8cbe0d9-a14c-4dcb-a457-0fbc84e2f208"}}
{"__type":"$$EventMessageConfirm","confirm":"1f03d4b3-fc81-4879-b4ea-e2b35ed4acb1","ts":"2025-08-08T21:31:46.889-04:00","source":{"id":"0","name":"eventBus"}}
{"__type":"$$EventMessageNode","id":"0936f354-fdd4-4b52-8dd1-d830ee9d297a","ts":"2025-08-08T21:31:46.889-04:00","eventName":"n8n.node.finished","message":"n8n.node.finished","payload":{"workflowId":"ucmiLmCdrb6FRZtp","workflowName":"Daily English Chanllenge","executionId":"333","nodeType":"n8n-nodes-base.scheduleTrigger","nodeName":"Schedule Trigger","nodeId":"b8cbe0d9-a14c-4dcb-a457-0fbc84e2f208"}}
{"__type":"$$EventMessageConfirm","confirm":"0936f354-fdd4-4b52-8dd1-d830ee9d297a","ts":"2025-08-08T21:31:46.889-04:00","source":{"id":"0","name":"eventBus"}}
{"__type":"$$EventMessageWorkflow","id":"4a32ab41-f463-4622-9716-11478cf2a112","ts":"2025-08-08T21:31:46.889-04:00","eventName":"n8n.workflow.success","message":"n8n.workflow.success","payload":{"executionId":"333","success":true,"isManual":false,"workflowId":"ucmiLmCdrb6FRZtp","workflowName":"Daily English Chanllenge"}}
{"__type":"$$EventMessageConfirm","confirm":"4a32ab41-f463-4622-9716-11478cf2a112","ts":"2025-08-08T21:31:46.889-04:00","source":{"id":"0","name":"eventBus"}}
{"__type":"$$EventMessageWorkflow","id":"34e6b3b1-e4f2-484b-80d4-0910243e7e5c","ts":"2025-08-08T21:38:06.687-04:00","eventName":"n8n.workflow.started","message":"n8n.workflow.started","payload":{"executionId":"334","workflowId":"ucmiLmCdrb6FRZtp","isManual":false,"workflowName":"Daily English Chanllenge"}}
{"__type":"$$EventMessageConfirm","confirm":"34e6b3b1-e4f2-484b-80d4-0910243e7e5c","ts":"2025-08-08T21:38:06.688-04:00","source":{"id":"0","name":"eventBus"}}
{"__type":"$$EventMessageNode","id":"88d97809-d46f-4433-b706-7b60c15f7432","ts":"2025-08-08T21:38:06.688-04:00","eventName":"n8n.node.started","message":"n8n.node.started","payload":{"workflowId":"ucmiLmCdrb6FRZtp","workflowName":"Daily English Chanllenge","executionId":"334","nodeType":"n8n-nodes-base.scheduleTrigger","nodeName":"Schedule Trigger","nodeId":"b8cbe0d9-a14c-4dcb-a457-0fbc84e2f208"}}
{"__type":"$$EventMessageConfirm","confirm":"88d97809-d46f-4433-b706-7b60c15f7432","ts":"2025-08-08T21:38:06.688-04:00","source":{"id":"0","name":"eventBus"}}
{"__type":"$$EventMessageNode","id":"b8a9c4f0-f509-4b65-b5be-93445b68a961","ts":"2025-08-08T21:38:06.688-04:00","eventName":"n8n.node.finished","message":"n8n.node.finished","payload":{"workflowId":"ucmiLmCdrb6FRZtp","workflowName":"Daily English Chanllenge","executionId":"334","nodeType":"n8n-nodes-base.scheduleTrigger","nodeName":"Schedule Trigger","nodeId":"b8cbe0d9-a14c-4dcb-a457-0fbc84e2f208"}}
{"__type":"$$EventMessageConfirm","confirm":"b8a9c4f0-f509-4b65-b5be-93445b68a961","ts":"2025-08-08T21:38:06.688-04:00","source":{"id":"0","name":"eventBus"}}
{"__type":"$$EventMessageWorkflow","id":"2a99599c-8029-4113-bfcd-7e078f4e462a","ts":"2025-08-08T21:38:06.688-04:00","eventName":"n8n.workflow.success","message":"n8n.workflow.success","payload":{"executionId":"334","success":true,"isManual":false,"workflowId":"ucmiLmCdrb6FRZtp","workflowName":"Daily English Chanllenge"}}
{"__type":"$$EventMessageConfirm","confirm":"2a99599c-8029-4113-bfcd-7e078f4e462a","ts":"2025-08-08T21:38:06.688-04:00","source":{"id":"0","name":"eventBus"}}
{"__type":"$$EventMessageWorkflow","id":"53f83fe1-fef7-4de9-9c96-d90ba3648a97","ts":"2025-08-08T21:41:47.923-04:00","eventName":"n8n.workflow.started","message":"n8n.workflow.started","payload":{"executionId":"335","workflowId":"ucmiLmCdrb6FRZtp","isManual":false,"workflowName":"Daily English Chanllenge"}}
{"__type":"$$EventMessageConfirm","confirm":"53f83fe1-fef7-4de9-9c96-d90ba3648a97","ts":"2025-08-08T21:41:47.924-04:00","source":{"id":"0","name":"eventBus"}}
{"__type":"$$EventMessageNode","id":"fccc9259-24a9-4b6f-b007-32a3bfd03f70","ts":"2025-08-08T21:41:47.924-04:00","eventName":"n8n.node.started","message":"n8n.node.started","payload":{"workflowId":"ucmiLmCdrb6FRZtp","workflowName":"Daily English Chanllenge","executionId":"335","nodeType":"n8n-nodes-base.scheduleTrigger","nodeName":"Schedule Trigger","nodeId":"b8cbe0d9-a14c-4dcb-a457-0fbc84e2f208"}}
{"__type":"$$EventMessageConfirm","confirm":"fccc9259-24a9-4b6f-b007-32a3bfd03f70","ts":"2025-08-08T21:41:47.924-04:00","source":{"id":"0","name":"eventBus"}}
{"__type":"$$EventMessageNode","id":"b3e39e15-af09-4588-a8ec-7329e1781c14","ts":"2025-08-08T21:41:47.924-04:00","eventName":"n8n.node.finished","message":"n8n.node.finished","payload":{"workflowId":"ucmiLmCdrb6FRZtp","workflowName":"Daily English Chanllenge","executionId":"335","nodeType":"n8n-nodes-base.scheduleTrigger","nodeName":"Schedule Trigger","nodeId":"b8cbe0d9-a14c-4dcb-a457-0fbc84e2f208"}}
{"__type":"$$EventMessageConfirm","confirm":"b3e39e15-af09-4588-a8ec-7329e1781c14","ts":"2025-08-08T21:41:47.924-04:00","source":{"id":"0","name":"eventBus"}}
{"__type":"$$EventMessageWorkflow","id":"43578aaa-402a-4b0d-93b9-5b4728cc5974","ts":"2025-08-08T21:41:47.924-04:00","eventName":"n8n.workflow.success","message":"n8n.workflow.success","payload":{"executionId":"335","success":true,"isManual":false,"workflowId":"ucmiLmCdrb6FRZtp","workflowName":"Daily English Chanllenge"}}
{"__type":"$$EventMessageConfirm","confirm":"43578aaa-402a-4b0d-93b9-5b4728cc5974","ts":"2025-08-08T21:41:47.924-04:00","source":{"id":"0","name":"eventBus"}}
{"__type":"$$EventMessageWorkflow","id":"c5b2c606-530d-4b8b-924b-af7db67c97a6","ts":"2025-08-08T21:46:48.864-04:00","eventName":"n8n.workflow.started","message":"n8n.workflow.started","payload":{"executionId":"336","workflowId":"ucmiLmCdrb6FRZtp","isManual":false,"workflowName":"Daily English Chanllenge"}}
{"__type":"$$EventMessageConfirm","confirm":"c5b2c606-530d-4b8b-924b-af7db67c97a6","ts":"2025-08-08T21:46:48.865-04:00","source":{"id":"0","name":"eventBus"}}
{"__type":"$$EventMessageNode","id":"008c1bc8-c109-4916-95a3-f87f32117878","ts":"2025-08-08T21:46:48.865-04:00","eventName":"n8n.node.started","message":"n8n.node.started","payload":{"workflowId":"ucmiLmCdrb6FRZtp","workflowName":"Daily English Chanllenge","executionId":"336","nodeType":"n8n-nodes-base.scheduleTrigger","nodeName":"Schedule Trigger","nodeId":"b8cbe0d9-a14c-4dcb-a457-0fbc84e2f208"}}
{"__type":"$$EventMessageConfirm","confirm":"008c1bc8-c109-4916-95a3-f87f32117878","ts":"2025-08-08T21:46:48.865-04:00","source":{"id":"0","name":"eventBus"}}
{"__type":"$$EventMessageNode","id":"62037752-d2f9-4c77-a6d5-dd1b3a8016a5","ts":"2025-08-08T21:46:48.865-04:00","eventName":"n8n.node.finished","message":"n8n.node.finished","payload":{"workflowId":"ucmiLmCdrb6FRZtp","workflowName":"Daily English Chanllenge","executionId":"336","nodeType":"n8n-nodes-base.scheduleTrigger","nodeName":"Schedule Trigger","nodeId":"b8cbe0d9-a14c-4dcb-a457-0fbc84e2f208"}}
{"__type":"$$EventMessageConfirm","confirm":"62037752-d2f9-4c77-a6d5-dd1b3a8016a5","ts":"2025-08-08T21:46:48.865-04:00","source":{"id":"0","name":"eventBus"}}
{"__type":"$$EventMessageWorkflow","id":"55b9ba59-798f-4ee3-a2d5-edc162660293","ts":"2025-08-08T21:46:48.866-04:00","eventName":"n8n.workflow.success","message":"n8n.workflow.success","payload":{"executionId":"336","success":true,"isManual":false,"workflowId":"ucmiLmCdrb6FRZtp","workflowName":"Daily English Chanllenge"}}
{"__type":"$$EventMessageConfirm","confirm":"55b9ba59-798f-4ee3-a2d5-edc162660293","ts":"2025-08-08T21:46:48.866-04:00","source":{"id":"0","name":"eventBus"}}
{"__type":"$$EventMessageWorkflow","id":"1ba8917a-a677-41a1-b58b-21a044c95a79","ts":"2025-08-08T21:53:05.541-04:00","eventName":"n8n.workflow.started","message":"n8n.workflow.started","payload":{"executionId":"337","workflowId":"ucmiLmCdrb6FRZtp","isManual":false,"workflowName":"Daily English Chanllenge"}}
{"__type":"$$EventMessageConfirm","confirm":"1ba8917a-a677-41a1-b58b-21a044c95a79","ts":"2025-08-08T21:53:05.541-04:00","source":{"id":"0","name":"eventBus"}}
{"__type":"$$EventMessageNode","id":"0a71c857-3a58-442d-8cef-ad0aad3410c6","ts":"2025-08-08T21:53:05.542-04:00","eventName":"n8n.node.started","message":"n8n.node.started","payload":{"workflowId":"ucmiLmCdrb6FRZtp","workflowName":"Daily English Chanllenge","executionId":"337","nodeType":"n8n-nodes-base.scheduleTrigger","nodeName":"Schedule Trigger","nodeId":"b8cbe0d9-a14c-4dcb-a457-0fbc84e2f208"}}
{"__type":"$$EventMessageConfirm","confirm":"0a71c857-3a58-442d-8cef-ad0aad3410c6","ts":"2025-08-08T21:53:05.542-04:00","source":{"id":"0","name":"eventBus"}}
{"__type":"$$EventMessageNode","id":"ce024732-114b-4a90-89da-c19cd17c0985","ts":"2025-08-08T21:53:05.542-04:00","eventName":"n8n.node.finished","message":"n8n.node.finished","payload":{"workflowId":"ucmiLmCdrb6FRZtp","workflowName":"Daily English Chanllenge","executionId":"337","nodeType":"n8n-nodes-base.scheduleTrigger","nodeName":"Schedule Trigger","nodeId":"b8cbe0d9-a14c-4dcb-a457-0fbc84e2f208"}}
{"__type":"$$EventMessageConfirm","confirm":"ce024732-114b-4a90-89da-c19cd17c0985","ts":"2025-08-08T21:53:05.542-04:00","source":{"id":"0","name":"eventBus"}}
{"__type":"$$EventMessageWorkflow","id":"f05fe06e-d5cd-488e-b4a7-068f77f583cd","ts":"2025-08-08T21:53:05.542-04:00","eventName":"n8n.workflow.success","message":"n8n.workflow.success","payload":{"executionId":"337","success":true,"isManual":false,"workflowId":"ucmiLmCdrb6FRZtp","workflowName":"Daily English Chanllenge"}}
{"__type":"$$EventMessageConfirm","confirm":"f05fe06e-d5cd-488e-b4a7-068f77f583cd","ts":"2025-08-08T21:53:05.542-04:00","source":{"id":"0","name":"eventBus"}}
{"__type":"$$EventMessageWorkflow","id":"2d894347-3b01-40d8-b4e1-6ca11121cecf","ts":"2025-08-08T21:56:48.904-04:00","eventName":"n8n.workflow.started","message":"n8n.workflow.started","payload":{"executionId":"338","workflowId":"ucmiLmCdrb6FRZtp","isManual":false,"workflowName":"Daily English Chanllenge"}}
{"__type":"$$EventMessageConfirm","confirm":"2d894347-3b01-40d8-b4e1-6ca11121cecf","ts":"2025-08-08T21:56:48.904-04:00","source":{"id":"0","name":"eventBus"}}
{"__type":"$$EventMessageNode","id":"0aab1713-95f1-428a-8e02-94044b538e2c","ts":"2025-08-08T21:56:48.904-04:00","eventName":"n8n.node.started","message":"n8n.node.started","payload":{"workflowId":"ucmiLmCdrb6FRZtp","workflowName":"Daily English Chanllenge","executionId":"338","nodeType":"n8n-nodes-base.scheduleTrigger","nodeName":"Schedule Trigger","nodeId":"b8cbe0d9-a14c-4dcb-a457-0fbc84e2f208"}}
{"__type":"$$EventMessageConfirm","confirm":"0aab1713-95f1-428a-8e02-94044b538e2c","ts":"2025-08-08T21:56:48.904-04:00","source":{"id":"0","name":"eventBus"}}
{"__type":"$$EventMessageNode","id":"5f253801-9634-4a3a-8166-06fb7dc81a63","ts":"2025-08-08T21:56:48.904-04:00","eventName":"n8n.node.finished","message":"n8n.node.finished","payload":{"workflowId":"ucmiLmCdrb6FRZtp","workflowName":"Daily English Chanllenge","executionId":"338","nodeType":"n8n-nodes-base.scheduleTrigger","nodeName":"Schedule Trigger","nodeId":"b8cbe0d9-a14c-4dcb-a457-0fbc84e2f208"}}
{"__type":"$$EventMessageConfirm","confirm":"5f253801-9634-4a3a-8166-06fb7dc81a63","ts":"2025-08-08T21:56:48.904-04:00","source":{"id":"0","name":"eventBus"}}
{"__type":"$$EventMessageWorkflow","id":"350925ea-595c-41fe-908f-cdf9af19c100","ts":"2025-08-08T21:56:48.904-04:00","eventName":"n8n.workflow.success","message":"n8n.workflow.success","payload":{"executionId":"338","success":true,"isManual":false,"workflowId":"ucmiLmCdrb6FRZtp","workflowName":"Daily English Chanllenge"}}
{"__type":"$$EventMessageConfirm","confirm":"350925ea-595c-41fe-908f-cdf9af19c100","ts":"2025-08-08T21:56:48.904-04:00","source":{"id":"0","name":"eventBus"}}
{"__type":"$$EventMessageWorkflow","id":"24775444-5039-4fb3-8798-cb6bfb209192","ts":"2025-08-08T22:01:48.925-04:00","eventName":"n8n.workflow.started","message":"n8n.workflow.started","payload":{"executionId":"339","workflowId":"ucmiLmCdrb6FRZtp","isManual":false,"workflowName":"Daily English Chanllenge"}}
{"__type":"$$EventMessageConfirm","confirm":"24775444-5039-4fb3-8798-cb6bfb209192","ts":"2025-08-08T22:01:48.926-04:00","source":{"id":"0","name":"eventBus"}}
{"__type":"$$EventMessageNode","id":"d876fb8a-3683-48bf-8b22-4e1c6339bf8f","ts":"2025-08-08T22:01:48.926-04:00","eventName":"n8n.node.started","message":"n8n.node.started","payload":{"workflowId":"ucmiLmCdrb6FRZtp","workflowName":"Daily English Chanllenge","executionId":"339","nodeType":"n8n-nodes-base.scheduleTrigger","nodeName":"Schedule Trigger","nodeId":"b8cbe0d9-a14c-4dcb-a457-0fbc84e2f208"}}
{"__type":"$$EventMessageConfirm","confirm":"d876fb8a-3683-48bf-8b22-4e1c6339bf8f","ts":"2025-08-08T22:01:48.926-04:00","source":{"id":"0","name":"eventBus"}}
{"__type":"$$EventMessageNode","id":"b1a19881-3cd6-4864-b7a1-cf5d1dc39e1a","ts":"2025-08-08T22:01:48.926-04:00","eventName":"n8n.node.finished","message":"n8n.node.finished","payload":{"workflowId":"ucmiLmCdrb6FRZtp","workflowName":"Daily English Chanllenge","executionId":"339","nodeType":"n8n-nodes-base.scheduleTrigger","nodeName":"Schedule Trigger","nodeId":"b8cbe0d9-a14c-4dcb-a457-0fbc84e2f208"}}
{"__type":"$$EventMessageConfirm","confirm":"b1a19881-3cd6-4864-b7a1-cf5d1dc39e1a","ts":"2025-08-08T22:01:48.926-04:00","source":{"id":"0","name":"eventBus"}}
{"__type":"$$EventMessageWorkflow","id":"b3836149-ff9e-4547-b26d-7c97c9c02c47","ts":"2025-08-08T22:01:48.926-04:00","eventName":"n8n.workflow.success","message":"n8n.workflow.success","payload":{"executionId":"339","success":true,"isManual":false,"workflowId":"ucmiLmCdrb6FRZtp","workflowName":"Daily English Chanllenge"}}
{"__type":"$$EventMessageConfirm","confirm":"b3836149-ff9e-4547-b26d-7c97c9c02c47","ts":"2025-08-08T22:01:48.926-04:00","source":{"id":"0","name":"eventBus"}}
{"__type":"$$EventMessageWorkflow","id":"a9777d00-7797-4a5a-b103-81bc3d051cb0","ts":"2025-08-08T22:08:04.639-04:00","eventName":"n8n.workflow.started","message":"n8n.workflow.started","payload":{"executionId":"340","workflowId":"ucmiLmCdrb6FRZtp","isManual":false,"workflowName":"Daily English Chanllenge"}}
{"__type":"$$EventMessageConfirm","confirm":"a9777d00-7797-4a5a-b103-81bc3d051cb0","ts":"2025-08-08T22:08:04.639-04:00","source":{"id":"0","name":"eventBus"}}
{"__type":"$$EventMessageNode","id":"806b2127-e6e3-42cc-8653-7994a280bf3a","ts":"2025-08-08T22:08:04.640-04:00","eventName":"n8n.node.started","message":"n8n.node.started","payload":{"workflowId":"ucmiLmCdrb6FRZtp","workflowName":"Daily English Chanllenge","executionId":"340","nodeType":"n8n-nodes-base.scheduleTrigger","nodeName":"Schedule Trigger","nodeId":"b8cbe0d9-a14c-4dcb-a457-0fbc84e2f208"}}
{"__type":"$$EventMessageConfirm","confirm":"806b2127-e6e3-42cc-8653-7994a280bf3a","ts":"2025-08-08T22:08:04.640-04:00","source":{"id":"0","name":"eventBus"}}
{"__type":"$$EventMessageNode","id":"72e52927-29bf-45a7-b677-f9cd7dfbeaf1","ts":"2025-08-08T22:08:04.640-04:00","eventName":"n8n.node.finished","message":"n8n.node.finished","payload":{"workflowId":"ucmiLmCdrb6FRZtp","workflowName":"Daily English Chanllenge","executionId":"340","nodeType":"n8n-nodes-base.scheduleTrigger","nodeName":"Schedule Trigger","nodeId":"b8cbe0d9-a14c-4dcb-a457-0fbc84e2f208"}}
{"__type":"$$EventMessageConfirm","confirm":"72e52927-29bf-45a7-b677-f9cd7dfbeaf1","ts":"2025-08-08T22:08:04.640-04:00","source":{"id":"0","name":"eventBus"}}
{"__type":"$$EventMessageWorkflow","id":"15d40471-2418-49ef-9df5-50874e03e84d","ts":"2025-08-08T22:08:04.640-04:00","eventName":"n8n.workflow.success","message":"n8n.workflow.success","payload":{"executionId":"340","success":true,"isManual":false,"workflowId":"ucmiLmCdrb6FRZtp","workflowName":"Daily English Chanllenge"}}
{"__type":"$$EventMessageConfirm","confirm":"15d40471-2418-49ef-9df5-50874e03e84d","ts":"2025-08-08T22:08:04.640-04:00","source":{"id":"0","name":"eventBus"}}
{"__type":"$$EventMessageWorkflow","id":"5d49f3ff-3d82-4c2f-9f4d-a456f06d2493","ts":"2025-08-08T22:11:47.732-04:00","eventName":"n8n.workflow.started","message":"n8n.workflow.started","payload":{"executionId":"341","workflowId":"ucmiLmCdrb6FRZtp","isManual":false,"workflowName":"Daily English Chanllenge"}}
{"__type":"$$EventMessageConfirm","confirm":"5d49f3ff-3d82-4c2f-9f4d-a456f06d2493","ts":"2025-08-08T22:11:47.732-04:00","source":{"id":"0","name":"eventBus"}}
{"__type":"$$EventMessageNode","id":"39e9d3a9-db51-44ba-87ec-264abc74aa4d","ts":"2025-08-08T22:11:47.733-04:00","eventName":"n8n.node.started","message":"n8n.node.started","payload":{"workflowId":"ucmiLmCdrb6FRZtp","workflowName":"Daily English Chanllenge","executionId":"341","nodeType":"n8n-nodes-base.scheduleTrigger","nodeName":"Schedule Trigger","nodeId":"b8cbe0d9-a14c-4dcb-a457-0fbc84e2f208"}}
{"__type":"$$EventMessageConfirm","confirm":"39e9d3a9-db51-44ba-87ec-264abc74aa4d","ts":"2025-08-08T22:11:47.733-04:00","source":{"id":"0","name":"eventBus"}}
{"__type":"$$EventMessageNode","id":"d3c61cc9-a321-4886-b440-8249fb9b3c25","ts":"2025-08-08T22:11:47.733-04:00","eventName":"n8n.node.finished","message":"n8n.node.finished","payload":{"workflowId":"ucmiLmCdrb6FRZtp","workflowName":"Daily English Chanllenge","executionId":"341","nodeType":"n8n-nodes-base.scheduleTrigger","nodeName":"Schedule Trigger","nodeId":"b8cbe0d9-a14c-4dcb-a457-0fbc84e2f208"}}
{"__type":"$$EventMessageConfirm","confirm":"d3c61cc9-a321-4886-b440-8249fb9b3c25","ts":"2025-08-08T22:11:47.733-04:00","source":{"id":"0","name":"eventBus"}}
{"__type":"$$EventMessageWorkflow","id":"ad533169-558e-4473-b59a-3e3028213c57","ts":"2025-08-08T22:11:47.733-04:00","eventName":"n8n.workflow.success","message":"n8n.workflow.success","payload":{"executionId":"341","success":true,"isManual":false,"workflowId":"ucmiLmCdrb6FRZtp","workflowName":"Daily English Chanllenge"}}
{"__type":"$$EventMessageConfirm","confirm":"ad533169-558e-4473-b59a-3e3028213c57","ts":"2025-08-08T22:11:47.733-04:00","source":{"id":"0","name":"eventBus"}}
{"__type":"$$EventMessageWorkflow","id":"50aa2ba7-173c-49d6-8ea1-abcbb4c5271a","ts":"2025-08-08T22:16:46.197-04:00","eventName":"n8n.workflow.started","message":"n8n.workflow.started","payload":{"executionId":"342","workflowId":"ucmiLmCdrb6FRZtp","isManual":false,"workflowName":"Daily English Chanllenge"}}
{"__type":"$$EventMessageConfirm","confirm":"50aa2ba7-173c-49d6-8ea1-abcbb4c5271a","ts":"2025-08-08T22:16:46.198-04:00","source":{"id":"0","name":"eventBus"}}
{"__type":"$$EventMessageNode","id":"209696ad-5a82-471d-8e7c-010bd7057cbc","ts":"2025-08-08T22:16:46.198-04:00","eventName":"n8n.node.started","message":"n8n.node.started","payload":{"workflowId":"ucmiLmCdrb6FRZtp","workflowName":"Daily English Chanllenge","executionId":"342","nodeType":"n8n-nodes-base.scheduleTrigger","nodeName":"Schedule Trigger","nodeId":"b8cbe0d9-a14c-4dcb-a457-0fbc84e2f208"}}
{"__type":"$$EventMessageConfirm","confirm":"209696ad-5a82-471d-8e7c-010bd7057cbc","ts":"2025-08-08T22:16:46.198-04:00","source":{"id":"0","name":"eventBus"}}
{"__type":"$$EventMessageNode","id":"3209c33c-afb9-40ed-a7b0-29971e13a49d","ts":"2025-08-08T22:16:46.198-04:00","eventName":"n8n.node.finished","message":"n8n.node.finished","payload":{"workflowId":"ucmiLmCdrb6FRZtp","workflowName":"Daily English Chanllenge","executionId":"342","nodeType":"n8n-nodes-base.scheduleTrigger","nodeName":"Schedule Trigger","nodeId":"b8cbe0d9-a14c-4dcb-a457-0fbc84e2f208"}}
{"__type":"$$EventMessageConfirm","confirm":"3209c33c-afb9-40ed-a7b0-29971e13a49d","ts":"2025-08-08T22:16:46.198-04:00","source":{"id":"0","name":"eventBus"}}
{"__type":"$$EventMessageWorkflow","id":"a5ce9678-973c-4ce7-bd34-eba598045538","ts":"2025-08-08T22:16:46.198-04:00","eventName":"n8n.workflow.success","message":"n8n.workflow.success","payload":{"executionId":"342","success":true,"isManual":false,"workflowId":"ucmiLmCdrb6FRZtp","workflowName":"Daily English Chanllenge"}}
{"__type":"$$EventMessageConfirm","confirm":"a5ce9678-973c-4ce7-bd34-eba598045538","ts":"2025-08-08T22:16:46.198-04:00","source":{"id":"0","name":"eventBus"}}
{"__type":"$$EventMessageWorkflow","id":"0c394550-7b45-40f7-9a0f-934751d756fa","ts":"2025-08-08T22:23:03.635-04:00","eventName":"n8n.workflow.started","message":"n8n.workflow.started","payload":{"executionId":"343","workflowId":"ucmiLmCdrb6FRZtp","isManual":false,"workflowName":"Daily English Chanllenge"}}
{"__type":"$$EventMessageConfirm","confirm":"0c394550-7b45-40f7-9a0f-934751d756fa","ts":"2025-08-08T22:23:03.635-04:00","source":{"id":"0","name":"eventBus"}}
{"__type":"$$EventMessageNode","id":"ba475975-f989-4377-a885-4ad93aeb3b5e","ts":"2025-08-08T22:23:03.635-04:00","eventName":"n8n.node.started","message":"n8n.node.started","payload":{"workflowId":"ucmiLmCdrb6FRZtp","workflowName":"Daily English Chanllenge","executionId":"343","nodeType":"n8n-nodes-base.scheduleTrigger","nodeName":"Schedule Trigger","nodeId":"b8cbe0d9-a14c-4dcb-a457-0fbc84e2f208"}}
{"__type":"$$EventMessageConfirm","confirm":"ba475975-f989-4377-a885-4ad93aeb3b5e","ts":"2025-08-08T22:23:03.635-04:00","source":{"id":"0","name":"eventBus"}}
{"__type":"$$EventMessageNode","id":"bc947bfd-7632-48cd-8e54-03814d5768f3","ts":"2025-08-08T22:23:03.635-04:00","eventName":"n8n.node.finished","message":"n8n.node.finished","payload":{"workflowId":"ucmiLmCdrb6FRZtp","workflowName":"Daily English Chanllenge","executionId":"343","nodeType":"n8n-nodes-base.scheduleTrigger","nodeName":"Schedule Trigger","nodeId":"b8cbe0d9-a14c-4dcb-a457-0fbc84e2f208"}}
{"__type":"$$EventMessageConfirm","confirm":"bc947bfd-7632-48cd-8e54-03814d5768f3","ts":"2025-08-08T22:23:03.635-04:00","source":{"id":"0","name":"eventBus"}}
{"__type":"$$EventMessageWorkflow","id":"5a64e442-ffd2-4690-b288-eed04f9cffeb","ts":"2025-08-08T22:23:03.635-04:00","eventName":"n8n.workflow.success","message":"n8n.workflow.success","payload":{"executionId":"343","success":true,"isManual":false,"workflowId":"ucmiLmCdrb6FRZtp","workflowName":"Daily English Chanllenge"}}
{"__type":"$$EventMessageConfirm","confirm":"5a64e442-ffd2-4690-b288-eed04f9cffeb","ts":"2025-08-08T22:23:03.635-04:00","source":{"id":"0","name":"eventBus"}}
{"__type":"$$EventMessageWorkflow","id":"91cb7e4a-c10f-4b88-9d4f-e9964aa86937","ts":"2025-08-08T22:26:46.812-04:00","eventName":"n8n.workflow.started","message":"n8n.workflow.started","payload":{"executionId":"344","workflowId":"ucmiLmCdrb6FRZtp","isManual":false,"workflowName":"Daily English Chanllenge"}}
{"__type":"$$EventMessageConfirm","confirm":"91cb7e4a-c10f-4b88-9d4f-e9964aa86937","ts":"2025-08-08T22:26:46.813-04:00","source":{"id":"0","name":"eventBus"}}
{"__type":"$$EventMessageNode","id":"eea9a1a1-ee11-4a14-8395-2adf42fcc21a","ts":"2025-08-08T22:26:46.813-04:00","eventName":"n8n.node.started","message":"n8n.node.started","payload":{"workflowId":"ucmiLmCdrb6FRZtp","workflowName":"Daily English Chanllenge","executionId":"344","nodeType":"n8n-nodes-base.scheduleTrigger","nodeName":"Schedule Trigger","nodeId":"b8cbe0d9-a14c-4dcb-a457-0fbc84e2f208"}}
{"__type":"$$EventMessageConfirm","confirm":"eea9a1a1-ee11-4a14-8395-2adf42fcc21a","ts":"2025-08-08T22:26:46.813-04:00","source":{"id":"0","name":"eventBus"}}
{"__type":"$$EventMessageNode","id":"d1f57b80-40cc-421b-8456-aead4ba11618","ts":"2025-08-08T22:26:46.813-04:00","eventName":"n8n.node.finished","message":"n8n.node.finished","payload":{"workflowId":"ucmiLmCdrb6FRZtp","workflowName":"Daily English Chanllenge","executionId":"344","nodeType":"n8n-nodes-base.scheduleTrigger","nodeName":"Schedule Trigger","nodeId":"b8cbe0d9-a14c-4dcb-a457-0fbc84e2f208"}}
{"__type":"$$EventMessageConfirm","confirm":"d1f57b80-40cc-421b-8456-aead4ba11618","ts":"2025-08-08T22:26:46.813-04:00","source":{"id":"0","name":"eventBus"}}
{"__type":"$$EventMessageWorkflow","id":"888216cb-1029-4392-9c23-1eac6e358bd6","ts":"2025-08-08T22:26:46.813-04:00","eventName":"n8n.workflow.success","message":"n8n.workflow.success","payload":{"executionId":"344","success":true,"isManual":false,"workflowId":"ucmiLmCdrb6FRZtp","workflowName":"Daily English Chanllenge"}}
{"__type":"$$EventMessageConfirm","confirm":"888216cb-1029-4392-9c23-1eac6e358bd6","ts":"2025-08-08T22:26:46.813-04:00","source":{"id":"0","name":"eventBus"}}
{"__type":"$$EventMessageWorkflow","id":"64622ff1-f414-460b-ae28-8f21670a9b7b","ts":"2025-08-08T22:31:48.166-04:00","eventName":"n8n.workflow.started","message":"n8n.workflow.started","payload":{"executionId":"345","workflowId":"ucmiLmCdrb6FRZtp","isManual":false,"workflowName":"Daily English Chanllenge"}}
{"__type":"$$EventMessageConfirm","confirm":"64622ff1-f414-460b-ae28-8f21670a9b7b","ts":"2025-08-08T22:31:48.166-04:00","source":{"id":"0","name":"eventBus"}}
{"__type":"$$EventMessageNode","id":"02909302-1487-48a8-a41d-2011053bc555","ts":"2025-08-08T22:31:48.166-04:00","eventName":"n8n.node.started","message":"n8n.node.started","payload":{"workflowId":"ucmiLmCdrb6FRZtp","workflowName":"Daily English Chanllenge","executionId":"345","nodeType":"n8n-nodes-base.scheduleTrigger","nodeName":"Schedule Trigger","nodeId":"b8cbe0d9-a14c-4dcb-a457-0fbc84e2f208"}}
{"__type":"$$EventMessageConfirm","confirm":"02909302-1487-48a8-a41d-2011053bc555","ts":"2025-08-08T22:31:48.166-04:00","source":{"id":"0","name":"eventBus"}}
{"__type":"$$EventMessageNode","id":"5bac88a1-35ba-40b4-9a3b-e2bb61057bb2","ts":"2025-08-08T22:31:48.166-04:00","eventName":"n8n.node.finished","message":"n8n.node.finished","payload":{"workflowId":"ucmiLmCdrb6FRZtp","workflowName":"Daily English Chanllenge","executionId":"345","nodeType":"n8n-nodes-base.scheduleTrigger","nodeName":"Schedule Trigger","nodeId":"b8cbe0d9-a14c-4dcb-a457-0fbc84e2f208"}}
{"__type":"$$EventMessageConfirm","confirm":"5bac88a1-35ba-40b4-9a3b-e2bb61057bb2","ts":"2025-08-08T22:31:48.166-04:00","source":{"id":"0","name":"eventBus"}}
{"__type":"$$EventMessageWorkflow","id":"61534975-222b-4e9f-bc2a-27527d501fc3","ts":"2025-08-08T22:31:48.166-04:00","eventName":"n8n.workflow.success","message":"n8n.workflow.success","payload":{"executionId":"345","success":true,"isManual":false,"workflowId":"ucmiLmCdrb6FRZtp","workflowName":"Daily English Chanllenge"}}
{"__type":"$$EventMessageConfirm","confirm":"61534975-222b-4e9f-bc2a-27527d501fc3","ts":"2025-08-08T22:31:48.167-04:00","source":{"id":"0","name":"eventBus"}}
{"__type":"$$EventMessageWorkflow","id":"94c9c773-4afc-41ad-a151-9f8d8884b454","ts":"2025-08-08T22:38:03.345-04:00","eventName":"n8n.workflow.started","message":"n8n.workflow.started","payload":{"executionId":"346","workflowId":"ucmiLmCdrb6FRZtp","isManual":false,"workflowName":"Daily English Chanllenge"}}
{"__type":"$$EventMessageConfirm","confirm":"94c9c773-4afc-41ad-a151-9f8d8884b454","ts":"2025-08-08T22:38:03.345-04:00","source":{"id":"0","name":"eventBus"}}
{"__type":"$$EventMessageNode","id":"d3fc6989-fef4-4d90-97bb-a6ef4c8e9879","ts":"2025-08-08T22:38:03.345-04:00","eventName":"n8n.node.started","message":"n8n.node.started","payload":{"workflowId":"ucmiLmCdrb6FRZtp","workflowName":"Daily English Chanllenge","executionId":"346","nodeType":"n8n-nodes-base.scheduleTrigger","nodeName":"Schedule Trigger","nodeId":"b8cbe0d9-a14c-4dcb-a457-0fbc84e2f208"}}
{"__type":"$$EventMessageConfirm","confirm":"d3fc6989-fef4-4d90-97bb-a6ef4c8e9879","ts":"2025-08-08T22:38:03.345-04:00","source":{"id":"0","name":"eventBus"}}
{"__type":"$$EventMessageNode","id":"aa3d8445-c210-41e7-afa6-1dd105e47b4d","ts":"2025-08-08T22:38:03.346-04:00","eventName":"n8n.node.finished","message":"n8n.node.finished","payload":{"workflowId":"ucmiLmCdrb6FRZtp","workflowName":"Daily English Chanllenge","executionId":"346","nodeType":"n8n-nodes-base.scheduleTrigger","nodeName":"Schedule Trigger","nodeId":"b8cbe0d9-a14c-4dcb-a457-0fbc84e2f208"}}
{"__type":"$$EventMessageConfirm","confirm":"aa3d8445-c210-41e7-afa6-1dd105e47b4d","ts":"2025-08-08T22:38:03.346-04:00","source":{"id":"0","name":"eventBus"}}
{"__type":"$$EventMessageWorkflow","id":"35937435-cea9-4589-89ea-117d0d58ae3c","ts":"2025-08-08T22:38:03.346-04:00","eventName":"n8n.workflow.success","message":"n8n.workflow.success","payload":{"executionId":"346","success":true,"isManual":false,"workflowId":"ucmiLmCdrb6FRZtp","workflowName":"Daily English Chanllenge"}}
{"__type":"$$EventMessageConfirm","confirm":"35937435-cea9-4589-89ea-117d0d58ae3c","ts":"2025-08-08T22:38:03.347-04:00","source":{"id":"0","name":"eventBus"}}
{"__type":"$$EventMessageWorkflow","id":"7b29ce41-701b-4f2b-93e9-84556e822585","ts":"2025-08-08T22:41:48.115-04:00","eventName":"n8n.workflow.started","message":"n8n.workflow.started","payload":{"executionId":"347","workflowId":"ucmiLmCdrb6FRZtp","isManual":false,"workflowName":"Daily English Chanllenge"}}
{"__type":"$$EventMessageConfirm","confirm":"7b29ce41-701b-4f2b-93e9-84556e822585","ts":"2025-08-08T22:41:48.115-04:00","source":{"id":"0","name":"eventBus"}}
{"__type":"$$EventMessageNode","id":"71c0b28a-f732-4350-a876-acbb0c0d4fbd","ts":"2025-08-08T22:41:48.116-04:00","eventName":"n8n.node.started","message":"n8n.node.started","payload":{"workflowId":"ucmiLmCdrb6FRZtp","workflowName":"Daily English Chanllenge","executionId":"347","nodeType":"n8n-nodes-base.scheduleTrigger","nodeName":"Schedule Trigger","nodeId":"b8cbe0d9-a14c-4dcb-a457-0fbc84e2f208"}}
{"__type":"$$EventMessageConfirm","confirm":"71c0b28a-f732-4350-a876-acbb0c0d4fbd","ts":"2025-08-08T22:41:48.116-04:00","source":{"id":"0","name":"eventBus"}}
{"__type":"$$EventMessageNode","id":"00a6e352-f7f3-428f-a0e4-9e6a6c8e1fd7","ts":"2025-08-08T22:41:48.116-04:00","eventName":"n8n.node.finished","message":"n8n.node.finished","payload":{"workflowId":"ucmiLmCdrb6FRZtp","workflowName":"Daily English Chanllenge","executionId":"347","nodeType":"n8n-nodes-base.scheduleTrigger","nodeName":"Schedule Trigger","nodeId":"b8cbe0d9-a14c-4dcb-a457-0fbc84e2f208"}}
{"__type":"$$EventMessageConfirm","confirm":"00a6e352-f7f3-428f-a0e4-9e6a6c8e1fd7","ts":"2025-08-08T22:41:48.116-04:00","source":{"id":"0","name":"eventBus"}}
{"__type":"$$EventMessageWorkflow","id":"15ad458c-a4d2-46e7-adae-2883586851df","ts":"2025-08-08T22:41:48.116-04:00","eventName":"n8n.workflow.success","message":"n8n.workflow.success","payload":{"executionId":"347","success":true,"isManual":false,"workflowId":"ucmiLmCdrb6FRZtp","workflowName":"Daily English Chanllenge"}}
{"__type":"$$EventMessageConfirm","confirm":"15ad458c-a4d2-46e7-adae-2883586851df","ts":"2025-08-08T22:41:48.116-04:00","source":{"id":"0","name":"eventBus"}}
{"__type":"$$EventMessageWorkflow","id":"ba1396a1-7d0e-4096-8342-34a515269d90","ts":"2025-08-08T22:46:48.837-04:00","eventName":"n8n.workflow.started","message":"n8n.workflow.started","payload":{"executionId":"348","workflowId":"ucmiLmCdrb6FRZtp","isManual":false,"workflowName":"Daily English Chanllenge"}}
{"__type":"$$EventMessageConfirm","confirm":"ba1396a1-7d0e-4096-8342-34a515269d90","ts":"2025-08-08T22:46:48.837-04:00","source":{"id":"0","name":"eventBus"}}
{"__type":"$$EventMessageNode","id":"d141b238-7e05-4165-844f-8d1111e5e47f","ts":"2025-08-08T22:46:48.837-04:00","eventName":"n8n.node.started","message":"n8n.node.started","payload":{"workflowId":"ucmiLmCdrb6FRZtp","workflowName":"Daily English Chanllenge","executionId":"348","nodeType":"n8n-nodes-base.scheduleTrigger","nodeName":"Schedule Trigger","nodeId":"b8cbe0d9-a14c-4dcb-a457-0fbc84e2f208"}}
{"__type":"$$EventMessageConfirm","confirm":"d141b238-7e05-4165-844f-8d1111e5e47f","ts":"2025-08-08T22:46:48.837-04:00","source":{"id":"0","name":"eventBus"}}
{"__type":"$$EventMessageNode","id":"b1da7ae4-9705-49d3-99c6-882a047d7545","ts":"2025-08-08T22:46:48.838-04:00","eventName":"n8n.node.finished","message":"n8n.node.finished","payload":{"workflowId":"ucmiLmCdrb6FRZtp","workflowName":"Daily English Chanllenge","executionId":"348","nodeType":"n8n-nodes-base.scheduleTrigger","nodeName":"Schedule Trigger","nodeId":"b8cbe0d9-a14c-4dcb-a457-0fbc84e2f208"}}
{"__type":"$$EventMessageConfirm","confirm":"b1da7ae4-9705-49d3-99c6-882a047d7545","ts":"2025-08-08T22:46:48.838-04:00","source":{"id":"0","name":"eventBus"}}
{"__type":"$$EventMessageWorkflow","id":"c2c62ea7-c560-4214-87f7-336f2ae67b7a","ts":"2025-08-08T22:46:48.838-04:00","eventName":"n8n.workflow.success","message":"n8n.workflow.success","payload":{"executionId":"348","success":true,"isManual":false,"workflowId":"ucmiLmCdrb6FRZtp","workflowName":"Daily English Chanllenge"}}
{"__type":"$$EventMessageConfirm","confirm":"c2c62ea7-c560-4214-87f7-336f2ae67b7a","ts":"2025-08-08T22:46:48.838-04:00","source":{"id":"0","name":"eventBus"}}
{"__type":"$$EventMessageWorkflow","id":"ec8cb0f0-9cd8-4f3b-a250-2f5784340432","ts":"2025-08-08T22:53:04.795-04:00","eventName":"n8n.workflow.started","message":"n8n.workflow.started","payload":{"executionId":"349","workflowId":"ucmiLmCdrb6FRZtp","isManual":false,"workflowName":"Daily English Chanllenge"}}
{"__type":"$$EventMessageConfirm","confirm":"ec8cb0f0-9cd8-4f3b-a250-2f5784340432","ts":"2025-08-08T22:53:04.795-04:00","source":{"id":"0","name":"eventBus"}}
{"__type":"$$EventMessageNode","id":"43b3651c-d369-42c6-a5be-64558ac28993","ts":"2025-08-08T22:53:04.795-04:00","eventName":"n8n.node.started","message":"n8n.node.started","payload":{"workflowId":"ucmiLmCdrb6FRZtp","workflowName":"Daily English Chanllenge","executionId":"349","nodeType":"n8n-nodes-base.scheduleTrigger","nodeName":"Schedule Trigger","nodeId":"b8cbe0d9-a14c-4dcb-a457-0fbc84e2f208"}}
{"__type":"$$EventMessageConfirm","confirm":"43b3651c-d369-42c6-a5be-64558ac28993","ts":"2025-08-08T22:53:04.795-04:00","source":{"id":"0","name":"eventBus"}}
{"__type":"$$EventMessageNode","id":"c4ef92fa-6f9d-497c-97b1-d04ab23455bb","ts":"2025-08-08T22:53:04.796-04:00","eventName":"n8n.node.finished","message":"n8n.node.finished","payload":{"workflowId":"ucmiLmCdrb6FRZtp","workflowName":"Daily English Chanllenge","executionId":"349","nodeType":"n8n-nodes-base.scheduleTrigger","nodeName":"Schedule Trigger","nodeId":"b8cbe0d9-a14c-4dcb-a457-0fbc84e2f208"}}
{"__type":"$$EventMessageConfirm","confirm":"c4ef92fa-6f9d-497c-97b1-d04ab23455bb","ts":"2025-08-08T22:53:04.796-04:00","source":{"id":"0","name":"eventBus"}}
{"__type":"$$EventMessageWorkflow","id":"14e6aad8-3afb-4f59-8b04-d51c80b66da5","ts":"2025-08-08T22:53:04.796-04:00","eventName":"n8n.workflow.success","message":"n8n.workflow.success","payload":{"executionId":"349","success":true,"isManual":false,"workflowId":"ucmiLmCdrb6FRZtp","workflowName":"Daily English Chanllenge"}}
{"__type":"$$EventMessageConfirm","confirm":"14e6aad8-3afb-4f59-8b04-d51c80b66da5","ts":"2025-08-08T22:53:04.796-04:00","source":{"id":"0","name":"eventBus"}}
{"__type":"$$EventMessageWorkflow","id":"28030661-c89f-46b7-8d98-3590499cc5ad","ts":"2025-08-08T22:56:47.041-04:00","eventName":"n8n.workflow.started","message":"n8n.workflow.started","payload":{"executionId":"350","workflowId":"ucmiLmCdrb6FRZtp","isManual":false,"workflowName":"Daily English Chanllenge"}}
{"__type":"$$EventMessageConfirm","confirm":"28030661-c89f-46b7-8d98-3590499cc5ad","ts":"2025-08-08T22:56:47.042-04:00","source":{"id":"0","name":"eventBus"}}
{"__type":"$$EventMessageNode","id":"a09308b5-ef0f-44e8-9f48-587198901d69","ts":"2025-08-08T22:56:47.042-04:00","eventName":"n8n.node.started","message":"n8n.node.started","payload":{"workflowId":"ucmiLmCdrb6FRZtp","workflowName":"Daily English Chanllenge","executionId":"350","nodeType":"n8n-nodes-base.scheduleTrigger","nodeName":"Schedule Trigger","nodeId":"b8cbe0d9-a14c-4dcb-a457-0fbc84e2f208"}}
{"__type":"$$EventMessageConfirm","confirm":"a09308b5-ef0f-44e8-9f48-587198901d69","ts":"2025-08-08T22:56:47.043-04:00","source":{"id":"0","name":"eventBus"}}
{"__type":"$$EventMessageNode","id":"fd777e53-488c-443e-881a-a3d1942e30eb","ts":"2025-08-08T22:56:47.043-04:00","eventName":"n8n.node.finished","message":"n8n.node.finished","payload":{"workflowId":"ucmiLmCdrb6FRZtp","workflowName":"Daily English Chanllenge","executionId":"350","nodeType":"n8n-nodes-base.scheduleTrigger","nodeName":"Schedule Trigger","nodeId":"b8cbe0d9-a14c-4dcb-a457-0fbc84e2f208"}}
{"__type":"$$EventMessageConfirm","confirm":"fd777e53-488c-443e-881a-a3d1942e30eb","ts":"2025-08-08T22:56:47.043-04:00","source":{"id":"0","name":"eventBus"}}
{"__type":"$$EventMessageWorkflow","id":"bf659969-a52a-41a2-96ed-25787f955457","ts":"2025-08-08T22:56:47.043-04:00","eventName":"n8n.workflow.success","message":"n8n.workflow.success","payload":{"executionId":"350","success":true,"isManual":false,"workflowId":"ucmiLmCdrb6FRZtp","workflowName":"Daily English Chanllenge"}}
{"__type":"$$EventMessageConfirm","confirm":"bf659969-a52a-41a2-96ed-25787f955457","ts":"2025-08-08T22:56:47.044-04:00","source":{"id":"0","name":"eventBus"}}
{"__type":"$$EventMessageWorkflow","id":"749c7c51-394f-4b9f-93f2-b5d15f34413a","ts":"2025-08-08T23:01:48.075-04:00","eventName":"n8n.workflow.started","message":"n8n.workflow.started","payload":{"executionId":"351","workflowId":"ucmiLmCdrb6FRZtp","isManual":false,"workflowName":"Daily English Chanllenge"}}
{"__type":"$$EventMessageConfirm","confirm":"749c7c51-394f-4b9f-93f2-b5d15f34413a","ts":"2025-08-08T23:01:48.075-04:00","source":{"id":"0","name":"eventBus"}}
{"__type":"$$EventMessageNode","id":"59154c04-42a2-4e05-ad7b-45e63e9df3a2","ts":"2025-08-08T23:01:48.075-04:00","eventName":"n8n.node.started","message":"n8n.node.started","payload":{"workflowId":"ucmiLmCdrb6FRZtp","workflowName":"Daily English Chanllenge","executionId":"351","nodeType":"n8n-nodes-base.scheduleTrigger","nodeName":"Schedule Trigger","nodeId":"b8cbe0d9-a14c-4dcb-a457-0fbc84e2f208"}}
{"__type":"$$EventMessageConfirm","confirm":"59154c04-42a2-4e05-ad7b-45e63e9df3a2","ts":"2025-08-08T23:01:48.075-04:00","source":{"id":"0","name":"eventBus"}}
{"__type":"$$EventMessageNode","id":"a9e75645-8411-4870-abf5-0d766d920a44","ts":"2025-08-08T23:01:48.075-04:00","eventName":"n8n.node.finished","message":"n8n.node.finished","payload":{"workflowId":"ucmiLmCdrb6FRZtp","workflowName":"Daily English Chanllenge","executionId":"351","nodeType":"n8n-nodes-base.scheduleTrigger","nodeName":"Schedule Trigger","nodeId":"b8cbe0d9-a14c-4dcb-a457-0fbc84e2f208"}}
{"__type":"$$EventMessageConfirm","confirm":"a9e75645-8411-4870-abf5-0d766d920a44","ts":"2025-08-08T23:01:48.075-04:00","source":{"id":"0","name":"eventBus"}}
{"__type":"$$EventMessageWorkflow","id":"5ef5ab0f-1674-4e9f-a745-782e27089a63","ts":"2025-08-08T23:01:48.075-04:00","eventName":"n8n.workflow.success","message":"n8n.workflow.success","payload":{"executionId":"351","success":true,"isManual":false,"workflowId":"ucmiLmCdrb6FRZtp","workflowName":"Daily English Chanllenge"}}
{"__type":"$$EventMessageConfirm","confirm":"5ef5ab0f-1674-4e9f-a745-782e27089a63","ts":"2025-08-08T23:01:48.075-04:00","source":{"id":"0","name":"eventBus"}}
{"__type":"$$EventMessageWorkflow","id":"6c0a2d2c-ef51-484b-8b67-40fb184940e9","ts":"2025-08-08T23:08:05.477-04:00","eventName":"n8n.workflow.started","message":"n8n.workflow.started","payload":{"executionId":"352","workflowId":"ucmiLmCdrb6FRZtp","isManual":false,"workflowName":"Daily English Chanllenge"}}
{"__type":"$$EventMessageConfirm","confirm":"6c0a2d2c-ef51-484b-8b67-40fb184940e9","ts":"2025-08-08T23:08:05.477-04:00","source":{"id":"0","name":"eventBus"}}
{"__type":"$$EventMessageNode","id":"9f2d9a4a-e092-4e70-9ccf-8828b60f4e07","ts":"2025-08-08T23:08:05.477-04:00","eventName":"n8n.node.started","message":"n8n.node.started","payload":{"workflowId":"ucmiLmCdrb6FRZtp","workflowName":"Daily English Chanllenge","executionId":"352","nodeType":"n8n-nodes-base.scheduleTrigger","nodeName":"Schedule Trigger","nodeId":"b8cbe0d9-a14c-4dcb-a457-0fbc84e2f208"}}
{"__type":"$$EventMessageConfirm","confirm":"9f2d9a4a-e092-4e70-9ccf-8828b60f4e07","ts":"2025-08-08T23:08:05.477-04:00","source":{"id":"0","name":"eventBus"}}
{"__type":"$$EventMessageNode","id":"edd0d3cb-dfff-4d5d-9ef8-170ee404ecf7","ts":"2025-08-08T23:08:05.477-04:00","eventName":"n8n.node.finished","message":"n8n.node.finished","payload":{"workflowId":"ucmiLmCdrb6FRZtp","workflowName":"Daily English Chanllenge","executionId":"352","nodeType":"n8n-nodes-base.scheduleTrigger","nodeName":"Schedule Trigger","nodeId":"b8cbe0d9-a14c-4dcb-a457-0fbc84e2f208"}}
{"__type":"$$EventMessageConfirm","confirm":"edd0d3cb-dfff-4d5d-9ef8-170ee404ecf7","ts":"2025-08-08T23:08:05.477-04:00","source":{"id":"0","name":"eventBus"}}
{"__type":"$$EventMessageWorkflow","id":"f42a29d4-db33-4407-9ea9-2991a854ab10","ts":"2025-08-08T23:08:05.477-04:00","eventName":"n8n.workflow.success","message":"n8n.workflow.success","payload":{"executionId":"352","success":true,"isManual":false,"workflowId":"ucmiLmCdrb6FRZtp","workflowName":"Daily English Chanllenge"}}
{"__type":"$$EventMessageConfirm","confirm":"f42a29d4-db33-4407-9ea9-2991a854ab10","ts":"2025-08-08T23:08:05.477-04:00","source":{"id":"0","name":"eventBus"}}
{"__type":"$$EventMessageWorkflow","id":"69d8ede9-3a25-441f-9395-0add8ea5c33b","ts":"2025-08-08T23:11:48.639-04:00","eventName":"n8n.workflow.started","message":"n8n.workflow.started","payload":{"executionId":"353","workflowId":"ucmiLmCdrb6FRZtp","isManual":false,"workflowName":"Daily English Chanllenge"}}
{"__type":"$$EventMessageConfirm","confirm":"69d8ede9-3a25-441f-9395-0add8ea5c33b","ts":"2025-08-08T23:11:48.639-04:00","source":{"id":"0","name":"eventBus"}}
{"__type":"$$EventMessageNode","id":"1cfc8e01-3705-4ff3-9452-7f1490330d52","ts":"2025-08-08T23:11:48.639-04:00","eventName":"n8n.node.started","message":"n8n.node.started","payload":{"workflowId":"ucmiLmCdrb6FRZtp","workflowName":"Daily English Chanllenge","executionId":"353","nodeType":"n8n-nodes-base.scheduleTrigger","nodeName":"Schedule Trigger","nodeId":"b8cbe0d9-a14c-4dcb-a457-0fbc84e2f208"}}
{"__type":"$$EventMessageConfirm","confirm":"1cfc8e01-3705-4ff3-9452-7f1490330d52","ts":"2025-08-08T23:11:48.639-04:00","source":{"id":"0","name":"eventBus"}}
{"__type":"$$EventMessageNode","id":"242e7a85-e77f-445b-91d6-5b56f1355abf","ts":"2025-08-08T23:11:48.639-04:00","eventName":"n8n.node.finished","message":"n8n.node.finished","payload":{"workflowId":"ucmiLmCdrb6FRZtp","workflowName":"Daily English Chanllenge","executionId":"353","nodeType":"n8n-nodes-base.scheduleTrigger","nodeName":"Schedule Trigger","nodeId":"b8cbe0d9-a14c-4dcb-a457-0fbc84e2f208"}}
{"__type":"$$EventMessageConfirm","confirm":"242e7a85-e77f-445b-91d6-5b56f1355abf","ts":"2025-08-08T23:11:48.639-04:00","source":{"id":"0","name":"eventBus"}}
{"__type":"$$EventMessageWorkflow","id":"8b8ca5db-9feb-40b8-8894-02a7a49bb7c6","ts":"2025-08-08T23:11:48.640-04:00","eventName":"n8n.workflow.success","message":"n8n.workflow.success","payload":{"executionId":"353","success":true,"isManual":false,"workflowId":"ucmiLmCdrb6FRZtp","workflowName":"Daily English Chanllenge"}}
{"__type":"$$EventMessageConfirm","confirm":"8b8ca5db-9feb-40b8-8894-02a7a49bb7c6","ts":"2025-08-08T23:11:48.640-04:00","source":{"id":"0","name":"eventBus"}}
{"__type":"$$EventMessageWorkflow","id":"5e80c2fb-4afb-4302-b45a-102b1e7dd08c","ts":"2025-08-08T23:16:48.119-04:00","eventName":"n8n.workflow.started","message":"n8n.workflow.started","payload":{"executionId":"354","workflowId":"ucmiLmCdrb6FRZtp","isManual":false,"workflowName":"Daily English Chanllenge"}}
{"__type":"$$EventMessageConfirm","confirm":"5e80c2fb-4afb-4302-b45a-102b1e7dd08c","ts":"2025-08-08T23:16:48.119-04:00","source":{"id":"0","name":"eventBus"}}
{"__type":"$$EventMessageNode","id":"95e86087-d447-4da5-9f5c-8bd550ac7e31","ts":"2025-08-08T23:16:48.119-04:00","eventName":"n8n.node.started","message":"n8n.node.started","payload":{"workflowId":"ucmiLmCdrb6FRZtp","workflowName":"Daily English Chanllenge","executionId":"354","nodeType":"n8n-nodes-base.scheduleTrigger","nodeName":"Schedule Trigger","nodeId":"b8cbe0d9-a14c-4dcb-a457-0fbc84e2f208"}}
{"__type":"$$EventMessageConfirm","confirm":"95e86087-d447-4da5-9f5c-8bd550ac7e31","ts":"2025-08-08T23:16:48.119-04:00","source":{"id":"0","name":"eventBus"}}
{"__type":"$$EventMessageNode","id":"69defa84-5c8a-45fd-87da-f192a347393a","ts":"2025-08-08T23:16:48.119-04:00","eventName":"n8n.node.finished","message":"n8n.node.finished","payload":{"workflowId":"ucmiLmCdrb6FRZtp","workflowName":"Daily English Chanllenge","executionId":"354","nodeType":"n8n-nodes-base.scheduleTrigger","nodeName":"Schedule Trigger","nodeId":"b8cbe0d9-a14c-4dcb-a457-0fbc84e2f208"}}
{"__type":"$$EventMessageConfirm","confirm":"69defa84-5c8a-45fd-87da-f192a347393a","ts":"2025-08-08T23:16:48.119-04:00","source":{"id":"0","name":"eventBus"}}
{"__type":"$$EventMessageWorkflow","id":"289bdb7c-be36-49b5-a4e8-2a2c610876e8","ts":"2025-08-08T23:16:48.119-04:00","eventName":"n8n.workflow.success","message":"n8n.workflow.success","payload":{"executionId":"354","success":true,"isManual":false,"workflowId":"ucmiLmCdrb6FRZtp","workflowName":"Daily English Chanllenge"}}
{"__type":"$$EventMessageConfirm","confirm":"289bdb7c-be36-49b5-a4e8-2a2c610876e8","ts":"2025-08-08T23:16:48.119-04:00","source":{"id":"0","name":"eventBus"}}
{"__type":"$$EventMessageWorkflow","id":"03f03181-6959-4b6b-9a5e-ee96a7c719bd","ts":"2025-08-08T23:23:04.501-04:00","eventName":"n8n.workflow.started","message":"n8n.workflow.started","payload":{"executionId":"355","workflowId":"ucmiLmCdrb6FRZtp","isManual":false,"workflowName":"Daily English Chanllenge"}}
{"__type":"$$EventMessageConfirm","confirm":"03f03181-6959-4b6b-9a5e-ee96a7c719bd","ts":"2025-08-08T23:23:04.502-04:00","source":{"id":"0","name":"eventBus"}}
{"__type":"$$EventMessageNode","id":"fcff8a3f-d669-48b2-a2f4-f1dac92021c7","ts":"2025-08-08T23:23:04.502-04:00","eventName":"n8n.node.started","message":"n8n.node.started","payload":{"workflowId":"ucmiLmCdrb6FRZtp","workflowName":"Daily English Chanllenge","executionId":"355","nodeType":"n8n-nodes-base.scheduleTrigger","nodeName":"Schedule Trigger","nodeId":"b8cbe0d9-a14c-4dcb-a457-0fbc84e2f208"}}
{"__type":"$$EventMessageConfirm","confirm":"fcff8a3f-d669-48b2-a2f4-f1dac92021c7","ts":"2025-08-08T23:23:04.503-04:00","source":{"id":"0","name":"eventBus"}}
{"__type":"$$EventMessageNode","id":"36ea41d3-0bfd-4edc-a208-69c70d164348","ts":"2025-08-08T23:23:04.503-04:00","eventName":"n8n.node.finished","message":"n8n.node.finished","payload":{"workflowId":"ucmiLmCdrb6FRZtp","workflowName":"Daily English Chanllenge","executionId":"355","nodeType":"n8n-nodes-base.scheduleTrigger","nodeName":"Schedule Trigger","nodeId":"b8cbe0d9-a14c-4dcb-a457-0fbc84e2f208"}}
{"__type":"$$EventMessageConfirm","confirm":"36ea41d3-0bfd-4edc-a208-69c70d164348","ts":"2025-08-08T23:23:04.503-04:00","source":{"id":"0","name":"eventBus"}}
{"__type":"$$EventMessageWorkflow","id":"ad8c12ae-5138-4cd6-becb-1ac09860cefe","ts":"2025-08-08T23:23:04.503-04:00","eventName":"n8n.workflow.success","message":"n8n.workflow.success","payload":{"executionId":"355","success":true,"isManual":false,"workflowId":"ucmiLmCdrb6FRZtp","workflowName":"Daily English Chanllenge"}}
{"__type":"$$EventMessageConfirm","confirm":"ad8c12ae-5138-4cd6-becb-1ac09860cefe","ts":"2025-08-08T23:23:04.503-04:00","source":{"id":"0","name":"eventBus"}}
{"__type":"$$EventMessageWorkflow","id":"d6c48fbb-2554-4cfd-9564-3d12cfa24aef","ts":"2025-08-08T23:26:48.018-04:00","eventName":"n8n.workflow.started","message":"n8n.workflow.started","payload":{"executionId":"356","workflowId":"ucmiLmCdrb6FRZtp","isManual":false,"workflowName":"Daily English Chanllenge"}}
{"__type":"$$EventMessageConfirm","confirm":"d6c48fbb-2554-4cfd-9564-3d12cfa24aef","ts":"2025-08-08T23:26:48.018-04:00","source":{"id":"0","name":"eventBus"}}
{"__type":"$$EventMessageNode","id":"3fed1684-d89f-434b-b797-e695780dea70","ts":"2025-08-08T23:26:48.018-04:00","eventName":"n8n.node.started","message":"n8n.node.started","payload":{"workflowId":"ucmiLmCdrb6FRZtp","workflowName":"Daily English Chanllenge","executionId":"356","nodeType":"n8n-nodes-base.scheduleTrigger","nodeName":"Schedule Trigger","nodeId":"b8cbe0d9-a14c-4dcb-a457-0fbc84e2f208"}}
{"__type":"$$EventMessageConfirm","confirm":"3fed1684-d89f-434b-b797-e695780dea70","ts":"2025-08-08T23:26:48.018-04:00","source":{"id":"0","name":"eventBus"}}
{"__type":"$$EventMessageNode","id":"20fa1f45-3fd8-4f9c-bb4d-703a923b74f9","ts":"2025-08-08T23:26:48.018-04:00","eventName":"n8n.node.finished","message":"n8n.node.finished","payload":{"workflowId":"ucmiLmCdrb6FRZtp","workflowName":"Daily English Chanllenge","executionId":"356","nodeType":"n8n-nodes-base.scheduleTrigger","nodeName":"Schedule Trigger","nodeId":"b8cbe0d9-a14c-4dcb-a457-0fbc84e2f208"}}
{"__type":"$$EventMessageConfirm","confirm":"20fa1f45-3fd8-4f9c-bb4d-703a923b74f9","ts":"2025-08-08T23:26:48.018-04:00","source":{"id":"0","name":"eventBus"}}
{"__type":"$$EventMessageWorkflow","id":"791580bc-a280-4312-ac39-1207080f9ca5","ts":"2025-08-08T23:26:48.018-04:00","eventName":"n8n.workflow.success","message":"n8n.workflow.success","payload":{"executionId":"356","success":true,"isManual":false,"workflowId":"ucmiLmCdrb6FRZtp","workflowName":"Daily English Chanllenge"}}
{"__type":"$$EventMessageConfirm","confirm":"791580bc-a280-4312-ac39-1207080f9ca5","ts":"2025-08-08T23:26:48.018-04:00","source":{"id":"0","name":"eventBus"}}
{"__type":"$$EventMessageWorkflow","id":"c52ef8fd-97f5-44c4-8daf-a9c22b68874c","ts":"2025-08-08T23:31:46.951-04:00","eventName":"n8n.workflow.started","message":"n8n.workflow.started","payload":{"executionId":"357","workflowId":"ucmiLmCdrb6FRZtp","isManual":false,"workflowName":"Daily English Chanllenge"}}
{"__type":"$$EventMessageConfirm","confirm":"c52ef8fd-97f5-44c4-8daf-a9c22b68874c","ts":"2025-08-08T23:31:46.952-04:00","source":{"id":"0","name":"eventBus"}}
{"__type":"$$EventMessageNode","id":"228bb0d0-3edc-4430-8961-f25f6e1cdd82","ts":"2025-08-08T23:31:46.952-04:00","eventName":"n8n.node.started","message":"n8n.node.started","payload":{"workflowId":"ucmiLmCdrb6FRZtp","workflowName":"Daily English Chanllenge","executionId":"357","nodeType":"n8n-nodes-base.scheduleTrigger","nodeName":"Schedule Trigger","nodeId":"b8cbe0d9-a14c-4dcb-a457-0fbc84e2f208"}}
{"__type":"$$EventMessageConfirm","confirm":"228bb0d0-3edc-4430-8961-f25f6e1cdd82","ts":"2025-08-08T23:31:46.952-04:00","source":{"id":"0","name":"eventBus"}}
{"__type":"$$EventMessageNode","id":"4bf3a38a-1db5-44d8-930c-4d584a3fce5f","ts":"2025-08-08T23:31:46.952-04:00","eventName":"n8n.node.finished","message":"n8n.node.finished","payload":{"workflowId":"ucmiLmCdrb6FRZtp","workflowName":"Daily English Chanllenge","executionId":"357","nodeType":"n8n-nodes-base.scheduleTrigger","nodeName":"Schedule Trigger","nodeId":"b8cbe0d9-a14c-4dcb-a457-0fbc84e2f208"}}
{"__type":"$$EventMessageConfirm","confirm":"4bf3a38a-1db5-44d8-930c-4d584a3fce5f","ts":"2025-08-08T23:31:46.952-04:00","source":{"id":"0","name":"eventBus"}}
{"__type":"$$EventMessageWorkflow","id":"28737ce4-2a34-460a-bc8f-50c24a59fb68","ts":"2025-08-08T23:31:46.952-04:00","eventName":"n8n.workflow.success","message":"n8n.workflow.success","payload":{"executionId":"357","success":true,"isManual":false,"workflowId":"ucmiLmCdrb6FRZtp","workflowName":"Daily English Chanllenge"}}
{"__type":"$$EventMessageConfirm","confirm":"28737ce4-2a34-460a-bc8f-50c24a59fb68","ts":"2025-08-08T23:31:46.952-04:00","source":{"id":"0","name":"eventBus"}}
{"__type":"$$EventMessageWorkflow","id":"2d97e2e7-bdf6-4ec5-b193-c170bc63494f","ts":"2025-08-08T23:38:03.726-04:00","eventName":"n8n.workflow.started","message":"n8n.workflow.started","payload":{"executionId":"358","workflowId":"ucmiLmCdrb6FRZtp","isManual":false,"workflowName":"Daily English Chanllenge"}}
{"__type":"$$EventMessageConfirm","confirm":"2d97e2e7-bdf6-4ec5-b193-c170bc63494f","ts":"2025-08-08T23:38:03.726-04:00","source":{"id":"0","name":"eventBus"}}
{"__type":"$$EventMessageNode","id":"4f76fef1-1c69-4b12-8a2e-3bef2e2e0dff","ts":"2025-08-08T23:38:03.726-04:00","eventName":"n8n.node.started","message":"n8n.node.started","payload":{"workflowId":"ucmiLmCdrb6FRZtp","workflowName":"Daily English Chanllenge","executionId":"358","nodeType":"n8n-nodes-base.scheduleTrigger","nodeName":"Schedule Trigger","nodeId":"b8cbe0d9-a14c-4dcb-a457-0fbc84e2f208"}}
{"__type":"$$EventMessageConfirm","confirm":"4f76fef1-1c69-4b12-8a2e-3bef2e2e0dff","ts":"2025-08-08T23:38:03.726-04:00","source":{"id":"0","name":"eventBus"}}
{"__type":"$$EventMessageNode","id":"0b76e0e6-6f33-4b5d-bf3e-36e5ba7bc80d","ts":"2025-08-08T23:38:03.726-04:00","eventName":"n8n.node.finished","message":"n8n.node.finished","payload":{"workflowId":"ucmiLmCdrb6FRZtp","workflowName":"Daily English Chanllenge","executionId":"358","nodeType":"n8n-nodes-base.scheduleTrigger","nodeName":"Schedule Trigger","nodeId":"b8cbe0d9-a14c-4dcb-a457-0fbc84e2f208"}}
{"__type":"$$EventMessageConfirm","confirm":"0b76e0e6-6f33-4b5d-bf3e-36e5ba7bc80d","ts":"2025-08-08T23:38:03.726-04:00","source":{"id":"0","name":"eventBus"}}
{"__type":"$$EventMessageWorkflow","id":"890cabac-da34-4b69-aa68-61e1e9be43e0","ts":"2025-08-08T23:38:03.726-04:00","eventName":"n8n.workflow.success","message":"n8n.workflow.success","payload":{"executionId":"358","success":true,"isManual":false,"workflowId":"ucmiLmCdrb6FRZtp","workflowName":"Daily English Chanllenge"}}
{"__type":"$$EventMessageConfirm","confirm":"890cabac-da34-4b69-aa68-61e1e9be43e0","ts":"2025-08-08T23:38:03.726-04:00","source":{"id":"0","name":"eventBus"}}
{"__type":"$$EventMessageWorkflow","id":"9865e68d-bb08-4b68-9f93-ed844e1dd04e","ts":"2025-08-08T23:41:47.708-04:00","eventName":"n8n.workflow.started","message":"n8n.workflow.started","payload":{"executionId":"359","workflowId":"ucmiLmCdrb6FRZtp","isManual":false,"workflowName":"Daily English Chanllenge"}}
{"__type":"$$EventMessageConfirm","confirm":"9865e68d-bb08-4b68-9f93-ed844e1dd04e","ts":"2025-08-08T23:41:47.708-04:00","source":{"id":"0","name":"eventBus"}}
{"__type":"$$EventMessageNode","id":"20fe3f93-4097-4980-a665-28628253a49e","ts":"2025-08-08T23:41:47.709-04:00","eventName":"n8n.node.started","message":"n8n.node.started","payload":{"workflowId":"ucmiLmCdrb6FRZtp","workflowName":"Daily English Chanllenge","executionId":"359","nodeType":"n8n-nodes-base.scheduleTrigger","nodeName":"Schedule Trigger","nodeId":"b8cbe0d9-a14c-4dcb-a457-0fbc84e2f208"}}
{"__type":"$$EventMessageConfirm","confirm":"20fe3f93-4097-4980-a665-28628253a49e","ts":"2025-08-08T23:41:47.709-04:00","source":{"id":"0","name":"eventBus"}}
{"__type":"$$EventMessageNode","id":"40f05889-29d7-48f6-8bad-7c9792724358","ts":"2025-08-08T23:41:47.709-04:00","eventName":"n8n.node.finished","message":"n8n.node.finished","payload":{"workflowId":"ucmiLmCdrb6FRZtp","workflowName":"Daily English Chanllenge","executionId":"359","nodeType":"n8n-nodes-base.scheduleTrigger","nodeName":"Schedule Trigger","nodeId":"b8cbe0d9-a14c-4dcb-a457-0fbc84e2f208"}}
{"__type":"$$EventMessageConfirm","confirm":"40f05889-29d7-48f6-8bad-7c9792724358","ts":"2025-08-08T23:41:47.709-04:00","source":{"id":"0","name":"eventBus"}}
{"__type":"$$EventMessageWorkflow","id":"4148edb4-e252-4c90-9656-949299c8d90c","ts":"2025-08-08T23:41:47.709-04:00","eventName":"n8n.workflow.success","message":"n8n.workflow.success","payload":{"executionId":"359","success":true,"isManual":false,"workflowId":"ucmiLmCdrb6FRZtp","workflowName":"Daily English Chanllenge"}}
{"__type":"$$EventMessageConfirm","confirm":"4148edb4-e252-4c90-9656-949299c8d90c","ts":"2025-08-08T23:41:47.709-04:00","source":{"id":"0","name":"eventBus"}}
{"__type":"$$EventMessageWorkflow","id":"5e3a5173-d9db-4c93-98e9-01106004347b","ts":"2025-08-08T23:46:47.273-04:00","eventName":"n8n.workflow.started","message":"n8n.workflow.started","payload":{"executionId":"360","workflowId":"ucmiLmCdrb6FRZtp","isManual":false,"workflowName":"Daily English Chanllenge"}}
{"__type":"$$EventMessageConfirm","confirm":"5e3a5173-d9db-4c93-98e9-01106004347b","ts":"2025-08-08T23:46:47.274-04:00","source":{"id":"0","name":"eventBus"}}
{"__type":"$$EventMessageNode","id":"2650e7c4-2d33-4dd7-9350-b8d4b20d7233","ts":"2025-08-08T23:46:47.274-04:00","eventName":"n8n.node.started","message":"n8n.node.started","payload":{"workflowId":"ucmiLmCdrb6FRZtp","workflowName":"Daily English Chanllenge","executionId":"360","nodeType":"n8n-nodes-base.scheduleTrigger","nodeName":"Schedule Trigger","nodeId":"b8cbe0d9-a14c-4dcb-a457-0fbc84e2f208"}}
{"__type":"$$EventMessageConfirm","confirm":"2650e7c4-2d33-4dd7-9350-b8d4b20d7233","ts":"2025-08-08T23:46:47.274-04:00","source":{"id":"0","name":"eventBus"}}
{"__type":"$$EventMessageNode","id":"68ec9284-3ed0-4f12-9068-2d2106f01025","ts":"2025-08-08T23:46:47.274-04:00","eventName":"n8n.node.finished","message":"n8n.node.finished","payload":{"workflowId":"ucmiLmCdrb6FRZtp","workflowName":"Daily English Chanllenge","executionId":"360","nodeType":"n8n-nodes-base.scheduleTrigger","nodeName":"Schedule Trigger","nodeId":"b8cbe0d9-a14c-4dcb-a457-0fbc84e2f208"}}
{"__type":"$$EventMessageConfirm","confirm":"68ec9284-3ed0-4f12-9068-2d2106f01025","ts":"2025-08-08T23:46:47.274-04:00","source":{"id":"0","name":"eventBus"}}
{"__type":"$$EventMessageWorkflow","id":"76e748d7-a7f5-4da3-96f0-6a3552c04fd1","ts":"2025-08-08T23:46:47.274-04:00","eventName":"n8n.workflow.success","message":"n8n.workflow.success","payload":{"executionId":"360","success":true,"isManual":false,"workflowId":"ucmiLmCdrb6FRZtp","workflowName":"Daily English Chanllenge"}}
{"__type":"$$EventMessageConfirm","confirm":"76e748d7-a7f5-4da3-96f0-6a3552c04fd1","ts":"2025-08-08T23:46:47.274-04:00","source":{"id":"0","name":"eventBus"}}
{"__type":"$$EventMessageWorkflow","id":"20ad7703-6b81-4591-be64-8adbe1d4dbf6","ts":"2025-08-08T23:53:03.785-04:00","eventName":"n8n.workflow.started","message":"n8n.workflow.started","payload":{"executionId":"361","workflowId":"ucmiLmCdrb6FRZtp","isManual":false,"workflowName":"Daily English Chanllenge"}}
{"__type":"$$EventMessageConfirm","confirm":"20ad7703-6b81-4591-be64-8adbe1d4dbf6","ts":"2025-08-08T23:53:03.785-04:00","source":{"id":"0","name":"eventBus"}}
{"__type":"$$EventMessageNode","id":"7ebe3b7f-ef9e-4f8f-9050-6e1c3c18c603","ts":"2025-08-08T23:53:03.785-04:00","eventName":"n8n.node.started","message":"n8n.node.started","payload":{"workflowId":"ucmiLmCdrb6FRZtp","workflowName":"Daily English Chanllenge","executionId":"361","nodeType":"n8n-nodes-base.scheduleTrigger","nodeName":"Schedule Trigger","nodeId":"b8cbe0d9-a14c-4dcb-a457-0fbc84e2f208"}}
{"__type":"$$EventMessageConfirm","confirm":"7ebe3b7f-ef9e-4f8f-9050-6e1c3c18c603","ts":"2025-08-08T23:53:03.785-04:00","source":{"id":"0","name":"eventBus"}}
{"__type":"$$EventMessageNode","id":"de7b9312-7fe2-4256-9c73-e146679bbf45","ts":"2025-08-08T23:53:03.785-04:00","eventName":"n8n.node.finished","message":"n8n.node.finished","payload":{"workflowId":"ucmiLmCdrb6FRZtp","workflowName":"Daily English Chanllenge","executionId":"361","nodeType":"n8n-nodes-base.scheduleTrigger","nodeName":"Schedule Trigger","nodeId":"b8cbe0d9-a14c-4dcb-a457-0fbc84e2f208"}}
{"__type":"$$EventMessageConfirm","confirm":"de7b9312-7fe2-4256-9c73-e146679bbf45","ts":"2025-08-08T23:53:03.785-04:00","source":{"id":"0","name":"eventBus"}}
{"__type":"$$EventMessageWorkflow","id":"8512a88a-bb6b-48db-bd87-9e1f51519c49","ts":"2025-08-08T23:53:03.785-04:00","eventName":"n8n.workflow.success","message":"n8n.workflow.success","payload":{"executionId":"361","success":true,"isManual":false,"workflowId":"ucmiLmCdrb6FRZtp","workflowName":"Daily English Chanllenge"}}
{"__type":"$$EventMessageConfirm","confirm":"8512a88a-bb6b-48db-bd87-9e1f51519c49","ts":"2025-08-08T23:53:03.785-04:00","source":{"id":"0","name":"eventBus"}}
{"__type":"$$EventMessageWorkflow","id":"946a4b58-e78f-48e3-8afb-546dc7f09def","ts":"2025-08-08T23:56:47.201-04:00","eventName":"n8n.workflow.started","message":"n8n.workflow.started","payload":{"executionId":"362","workflowId":"ucmiLmCdrb6FRZtp","isManual":false,"workflowName":"Daily English Chanllenge"}}
{"__type":"$$EventMessageConfirm","confirm":"946a4b58-e78f-48e3-8afb-546dc7f09def","ts":"2025-08-08T23:56:47.201-04:00","source":{"id":"0","name":"eventBus"}}
{"__type":"$$EventMessageNode","id":"b6140d87-4741-425a-a6ce-b2e4b088e9be","ts":"2025-08-08T23:56:47.201-04:00","eventName":"n8n.node.started","message":"n8n.node.started","payload":{"workflowId":"ucmiLmCdrb6FRZtp","workflowName":"Daily English Chanllenge","executionId":"362","nodeType":"n8n-nodes-base.scheduleTrigger","nodeName":"Schedule Trigger","nodeId":"b8cbe0d9-a14c-4dcb-a457-0fbc84e2f208"}}
{"__type":"$$EventMessageConfirm","confirm":"b6140d87-4741-425a-a6ce-b2e4b088e9be","ts":"2025-08-08T23:56:47.201-04:00","source":{"id":"0","name":"eventBus"}}
{"__type":"$$EventMessageNode","id":"567eecb2-451b-4655-ad95-58889aeec51b","ts":"2025-08-08T23:56:47.201-04:00","eventName":"n8n.node.finished","message":"n8n.node.finished","payload":{"workflowId":"ucmiLmCdrb6FRZtp","workflowName":"Daily English Chanllenge","executionId":"362","nodeType":"n8n-nodes-base.scheduleTrigger","nodeName":"Schedule Trigger","nodeId":"b8cbe0d9-a14c-4dcb-a457-0fbc84e2f208"}}
{"__type":"$$EventMessageConfirm","confirm":"567eecb2-451b-4655-ad95-58889aeec51b","ts":"2025-08-08T23:56:47.202-04:00","source":{"id":"0","name":"eventBus"}}
{"__type":"$$EventMessageWorkflow","id":"4891d723-06e6-4d94-b9e0-68f4964074f3","ts":"2025-08-08T23:56:47.202-04:00","eventName":"n8n.workflow.success","message":"n8n.workflow.success","payload":{"executionId":"362","success":true,"isManual":false,"workflowId":"ucmiLmCdrb6FRZtp","workflowName":"Daily English Chanllenge"}}
{"__type":"$$EventMessageConfirm","confirm":"4891d723-06e6-4d94-b9e0-68f4964074f3","ts":"2025-08-08T23:56:47.202-04:00","source":{"id":"0","name":"eventBus"}}
{"__type":"$$EventMessageWorkflow","id":"07e01ccd-e729-41ec-8ba4-c6095cc2569a","ts":"2025-08-09T00:01:47.102-04:00","eventName":"n8n.workflow.started","message":"n8n.workflow.started","payload":{"executionId":"363","workflowId":"ucmiLmCdrb6FRZtp","isManual":false,"workflowName":"Daily English Chanllenge"}}
{"__type":"$$EventMessageConfirm","confirm":"07e01ccd-e729-41ec-8ba4-c6095cc2569a","ts":"2025-08-09T00:01:47.102-04:00","source":{"id":"0","name":"eventBus"}}
{"__type":"$$EventMessageNode","id":"6343b886-9a81-478c-bfbf-1b9b953fed3b","ts":"2025-08-09T00:01:47.102-04:00","eventName":"n8n.node.started","message":"n8n.node.started","payload":{"workflowId":"ucmiLmCdrb6FRZtp","workflowName":"Daily English Chanllenge","executionId":"363","nodeType":"n8n-nodes-base.scheduleTrigger","nodeName":"Schedule Trigger","nodeId":"b8cbe0d9-a14c-4dcb-a457-0fbc84e2f208"}}
{"__type":"$$EventMessageConfirm","confirm":"6343b886-9a81-478c-bfbf-1b9b953fed3b","ts":"2025-08-09T00:01:47.102-04:00","source":{"id":"0","name":"eventBus"}}
{"__type":"$$EventMessageNode","id":"d3c66ff4-b975-40fe-b72b-64c90d0c16d2","ts":"2025-08-09T00:01:47.103-04:00","eventName":"n8n.node.finished","message":"n8n.node.finished","payload":{"workflowId":"ucmiLmCdrb6FRZtp","workflowName":"Daily English Chanllenge","executionId":"363","nodeType":"n8n-nodes-base.scheduleTrigger","nodeName":"Schedule Trigger","nodeId":"b8cbe0d9-a14c-4dcb-a457-0fbc84e2f208"}}
{"__type":"$$EventMessageConfirm","confirm":"d3c66ff4-b975-40fe-b72b-64c90d0c16d2","ts":"2025-08-09T00:01:47.103-04:00","source":{"id":"0","name":"eventBus"}}
{"__type":"$$EventMessageWorkflow","id":"e2751b9c-6c74-468d-8986-c6753b6d9199","ts":"2025-08-09T00:01:47.103-04:00","eventName":"n8n.workflow.success","message":"n8n.workflow.success","payload":{"executionId":"363","success":true,"isManual":false,"workflowId":"ucmiLmCdrb6FRZtp","workflowName":"Daily English Chanllenge"}}
{"__type":"$$EventMessageConfirm","confirm":"e2751b9c-6c74-468d-8986-c6753b6d9199","ts":"2025-08-09T00:01:47.103-04:00","source":{"id":"0","name":"eventBus"}}
{"__type":"$$EventMessageWorkflow","id":"b04b9a54-4a1d-437f-984e-40617a3b3164","ts":"2025-08-09T00:07:37.914-04:00","eventName":"n8n.workflow.started","message":"n8n.workflow.started","payload":{"executionId":"364","workflowId":"ucmiLmCdrb6FRZtp","isManual":false,"workflowName":"Daily English Chanllenge"}}
{"__type":"$$EventMessageConfirm","confirm":"b04b9a54-4a1d-437f-984e-40617a3b3164","ts":"2025-08-09T00:07:37.914-04:00","source":{"id":"0","name":"eventBus"}}
{"__type":"$$EventMessageNode","id":"be38b764-f95a-41ee-8116-f75b97b760da","ts":"2025-08-09T00:07:37.914-04:00","eventName":"n8n.node.started","message":"n8n.node.started","payload":{"workflowId":"ucmiLmCdrb6FRZtp","workflowName":"Daily English Chanllenge","executionId":"364","nodeType":"n8n-nodes-base.scheduleTrigger","nodeName":"Schedule Trigger","nodeId":"b8cbe0d9-a14c-4dcb-a457-0fbc84e2f208"}}
{"__type":"$$EventMessageConfirm","confirm":"be38b764-f95a-41ee-8116-f75b97b760da","ts":"2025-08-09T00:07:37.914-04:00","source":{"id":"0","name":"eventBus"}}
{"__type":"$$EventMessageNode","id":"2d59dbc1-191a-4ef1-a9c8-2bfa0b7bdb19","ts":"2025-08-09T00:07:37.914-04:00","eventName":"n8n.node.finished","message":"n8n.node.finished","payload":{"workflowId":"ucmiLmCdrb6FRZtp","workflowName":"Daily English Chanllenge","executionId":"364","nodeType":"n8n-nodes-base.scheduleTrigger","nodeName":"Schedule Trigger","nodeId":"b8cbe0d9-a14c-4dcb-a457-0fbc84e2f208"}}
{"__type":"$$EventMessageConfirm","confirm":"2d59dbc1-191a-4ef1-a9c8-2bfa0b7bdb19","ts":"2025-08-09T00:07:37.914-04:00","source":{"id":"0","name":"eventBus"}}
{"__type":"$$EventMessageWorkflow","id":"a6a0671d-a740-4172-b5eb-89abeb207c75","ts":"2025-08-09T00:07:37.914-04:00","eventName":"n8n.workflow.success","message":"n8n.workflow.success","payload":{"executionId":"364","success":true,"isManual":false,"workflowId":"ucmiLmCdrb6FRZtp","workflowName":"Daily English Chanllenge"}}
{"__type":"$$EventMessageConfirm","confirm":"a6a0671d-a740-4172-b5eb-89abeb207c75","ts":"2025-08-09T00:07:37.915-04:00","source":{"id":"0","name":"eventBus"}}
